{
  "season_stats": {
    "MIN_avg": 27.9390243902439,
    "MIN_total": 2291,
    "FGM_avg": 3.0365853658536586,
    "FGM_total": 249,
    "FGA_avg": 7.109756097560975,
    "FGA_total": 583,
    "FG3M_avg": 1.7073170731707317,
    "FG3M_total": 140,
    "FG3A_avg": 4.524390243902439,
    "FG3A_total": 371,
    "FTM_avg": 1.0365853658536586,
    "FTM_total": 85,
    "FTA_avg": 1.1219512195121952,
    "FTA_total": 92,
    "OREB_avg": 0.4024390243902439,
    "OREB_total": 33,
    "DREB_avg": 3.207317073170732,
    "DREB_total": 263,
    "REB_avg": 3.6097560975609757,
    "REB_total": 296,
    "AST_avg": 7.378048780487805,
    "AST_total": 605,
    "STL_avg": 1.2560975609756098,
    "STL_total": 103,
    "BLK_avg": 0.2682926829268293,
    "BLK_total": 22,
    "TOV_avg": 1.5731707317073171,
    "TOV_total": 129,
    "PF_avg": 1.8414634146341464,
    "PF_total": 151,
    "PTS_avg": 8.817073170731707,
    "PTS_total": 723,
    "PLUS_MINUS_avg": 0.04878048780487805,
    "PLUS_MINUS_total": 4,
    "FG_PCT": 0.42710120068610635,
    "FG3_PCT": 0.37735849056603776,
    "FT_PCT": 0.9239130434782609,
    "games_played": 82
  }
}