{
  "season_stats": {
    "MIN_avg": 25.367346938775512,
    "MIN_total": 1243,
    "FGM_avg": 5.653061224489796,
    "FGM_total": 277,
    "FGA_avg": 12.142857142857142,
    "FGA_total": 595,
    "FG3M_avg": 1.3265306122448979,
    "FG3M_total": 65,
    "FG3A_avg": 3.63265306122449,
    "FG3A_total": 178,
    "FTM_avg": 1.2448979591836735,
    "FTM_total": 61,
    "FTA_avg": 1.489795918367347,
    "FTA_total": 73,
    "OREB_avg": 1.836734693877551,
    "OREB_total": 90,
    "DREB_avg": 6.551020408163265,
    "DREB_total": 321,
    "REB_avg": 8.387755102040817,
    "REB_total": 411,
    "AST_avg": 2.122448979591837,
    "AST_total": 104,
    "STL_avg": 0.7142857142857143,
    "STL_total": 35,
    "BLK_avg": 0.5306122448979592,
    "BLK_total": 26,
    "TOV_avg": 1.163265306122449,
    "TOV_total": 57,
    "PF_avg": 1.9183673469387754,
    "PF_total": 94,
    "PTS_avg": 13.877551020408163,
    "PTS_total": 680,
    "PLUS_MINUS_avg": 1.9387755102040816,
    "PLUS_MINUS_total": 95,
    "FG_PCT": 0.46554621848739497,
    "FG3_PCT": 0.3651685393258427,
    "FT_PCT": 0.8356164383561644,
    "games_played": 49
  }
}