{
  "season_stats": {
    "MIN_avg": 15.06578947368421,
    "MIN_total": 1145,
    "FGM_avg": 1.881578947368421,
    "FGM_total": 143,
    "FGA_avg": 3.6578947368421053,
    "FGA_total": 278,
    "FG3M_avg": 0.02631578947368421,
    "FG3M_total": 2,
    "FG3A_avg": 0.06578947368421052,
    "FG3A_total": 5,
    "FTM_avg": 0.7368421052631579,
    "FTM_total": 56,
    "FTA_avg": 1.3026315789473684,
    "FTA_total": 99,
    "OREB_avg": 2.4342105263157894,
    "OREB_total": 185,
    "DREB_avg": 3.6447368421052633,
    "DREB_total": 277,
    "REB_avg": 6.078947368421052,
    "REB_total": 462,
    "AST_avg": 1.5526315789473684,
    "AST_total": 118,
    "STL_avg": 0.6052631578947368,
    "STL_total": 46,
    "BLK_avg": 0.4868421052631579,
    "BLK_total": 37,
    "TOV_avg": 0.5131578947368421,
    "TOV_total": 39,
    "PF_avg": 2.026315789473684,
    "PF_total": 154,
    "PTS_avg": 4.526315789473684,
    "PTS_total": 344,
    "PLUS_MINUS_avg": 1.5394736842105263,
    "PLUS_MINUS_total": 117,
    "FG_PCT": 0.5143884892086331,
    "FG3_PCT": 0.4,
    "FT_PCT": 0.5656565656565656,
    "games_played": 76
  }
}