{
  "season_stats": {
    "MIN_avg": 34.97222222222222,
    "MIN_total": 2518,
    "FGM_avg": 8.875,
    "FGM_total": 639,
    "FGA_avg": 16.875,
    "FGA_total": 1215,
    "FG3M_avg": 1.9722222222222223,
    "FG3M_total": 142,
    "FG3A_avg": 4.694444444444445,
    "FG3A_total": 338,
    "FTM_avg": 4.708333333333333,
    "FTM_total": 339,
    "FTA_avg": 5.680555555555555,
    "FTA_total": 409,
    "OREB_avg": 2.9444444444444446,
    "OREB_total": 212,
    "DREB_avg": 9.833333333333334,
    "DREB_total": 708,
    "REB_avg": 12.777777777777779,
    "REB_total": 920,
    "AST_avg": 3.0833333333333335,
    "AST_total": 222,
    "STL_avg": 0.9861111111111112,
    "STL_total": 71,
    "BLK_avg": 0.6944444444444444,
    "BLK_total": 50,
    "TOV_avg": 2.6666666666666665,
    "TOV_total": 192,
    "PF_avg": 3.4583333333333335,
    "PF_total": 249,
    "PTS_avg": 24.430555555555557,
    "PTS_total": 1759,
    "PLUS_MINUS_avg": 5.25,
    "PLUS_MINUS_total": 378,
    "FG_PCT": 0.5259259259259259,
    "FG3_PCT": 0.42011834319526625,
    "FT_PCT": 0.8288508557457213,
    "games_played": 72
  }
}