{
  "season_stats": {
    "MIN_avg": 30.194444444444443,
    "MIN_total": 2174,
    "FGM_avg": 5.416666666666667,
    "FGM_total": 390,
    "FGA_avg": 11.26388888888889,
    "FGA_total": 811,
    "FG3M_avg": 2.1666666666666665,
    "FG3M_total": 156,
    "FG3A_avg": 5.472222222222222,
    "FG3A_total": 394,
    "FTM_avg": 2.5555555555555554,
    "FTM_total": 184,
    "FTA_avg": 3.3055555555555554,
    "FTA_total": 238,
    "OREB_avg": 1.25,
    "OREB_total": 90,
    "DREB_avg": 5.291666666666667,
    "DREB_total": 381,
    "REB_avg": 6.541666666666667,
    "REB_total": 471,
    "AST_avg": 1.5416666666666667,
    "AST_total": 111,
    "STL_avg": 0.75,
    "STL_total": 54,
    "BLK_avg": 2.0,
    "BLK_total": 144,
    "TOV_avg": 1.7083333333333333,
    "TOV_total": 123,
    "PF_avg": 2.5416666666666665,
    "PF_total": 183,
    "PTS_avg": 15.555555555555555,
    "PTS_total": 1120,
    "PLUS_MINUS_avg": 2.8055555555555554,
    "PLUS_MINUS_total": 202,
    "FG_PCT": 0.4808877928483354,
    "FG3_PCT": 0.39593908629441626,
    "FT_PCT": 0.773109243697479,
    "games_played": 72
  }
}