{
  "season_stats": {
    "MIN_avg": 25.859375,
    "MIN_total": 1655,
    "FGM_avg": 3.875,
    "FGM_total": 248,
    "FGA_avg": 9.921875,
    "FGA_total": 635,
    "FG3M_avg": 1.421875,
    "FG3M_total": 91,
    "FG3A_avg": 4.8125,
    "FG3A_total": 308,
    "FTM_avg": 1.4375,
    "FTM_total": 92,
    "FTA_avg": 1.6875,
    "FTA_total": 108,
    "OREB_avg": 0.6875,
    "OREB_total": 44,
    "DREB_avg": 3.03125,
    "DREB_total": 194,
    "REB_avg": 3.71875,
    "REB_total": 238,
    "AST_avg": 2.609375,
    "AST_total": 167,
    "STL_avg": 0.578125,
    "STL_total": 37,
    "BLK_avg": 0.21875,
    "BLK_total": 14,
    "TOV_avg": 1.21875,
    "TOV_total": 78,
    "PF_avg": 1.140625,
    "PF_total": 73,
    "PTS_avg": 10.609375,
    "PTS_total": 679,
    "PLUS_MINUS_avg": -2.203125,
    "PLUS_MINUS_total": -141,
    "FG_PCT": 0.3905511811023622,
    "FG3_PCT": 0.29545454545454547,
    "FT_PCT": 0.8518518518518519,
    "games_played": 64
  }
}