{
  "season_stats": {
    "MIN_avg": 32.65,
    "MIN_total": 1959,
    "FGM_avg": 7.616666666666666,
    "FGM_total": 457,
    "FGA_avg": 15.75,
    "FGA_total": 945,
    "FG3M_avg": 2.9833333333333334,
    "FG3M_total": 179,
    "FG3A_avg": 7.133333333333334,
    "FG3A_total": 428,
    "FTM_avg": 3.55,
    "FTM_total": 213,
    "FTA_avg": 4.416666666666667,
    "FTA_total": 265,
    "OREB_avg": 0.35,
    "OREB_total": 21,
    "DREB_avg": 2.816666666666667,
    "DREB_total": 169,
    "REB_avg": 3.1666666666666665,
    "REB_total": 190,
    "AST_avg": 2.0833333333333335,
    "AST_total": 125,
    "STL_avg": 1.2166666666666666,
    "STL_total": 73,
    "BLK_avg": 0.15,
    "BLK_total": 9,
    "TOV_avg": 1.8,
    "TOV_total": 108,
    "PF_avg": 1.9,
    "PF_total": 114,
    "PTS_avg": 21.766666666666666,
    "PTS_total": 1306,
    "PLUS_MINUS_avg": 5.866666666666666,
    "PLUS_MINUS_total": 352,
    "FG_PCT": 0.4835978835978836,
    "FG3_PCT": 0.4182242990654206,
    "FT_PCT": 0.8037735849056604,
    "games_played": 60
  }
}