{
  "season_stats": {
    "MIN_avg": 17.225806451612904,
    "MIN_total": 534,
    "FGM_avg": 2.903225806451613,
    "FGM_total": 90,
    "FGA_avg": 4.483870967741935,
    "FGA_total": 139,
    "FG3M_avg": 0.0,
    "FG3M_total": 0,
    "FG3A_avg": 0.0967741935483871,
    "FG3A_total": 3,
    "FTM_avg": 1.6129032258064515,
    "FTM_total": 50,
    "FTA_avg": 1.935483870967742,
    "FTA_total": 60,
    "OREB_avg": 2.0,
    "OREB_total": 62,
    "DREB_avg": 3.7096774193548385,
    "DREB_total": 115,
    "REB_avg": 5.709677419354839,
    "REB_total": 177,
    "AST_avg": 1.3548387096774193,
    "AST_total": 42,
    "STL_avg": 0.2903225806451613,
    "STL_total": 9,
    "BLK_avg": 0.7419354838709677,
    "BLK_total": 23,
    "TOV_avg": 0.6774193548387096,
    "TOV_total": 21,
    "PF_avg": 1.5806451612903225,
    "PF_total": 49,
    "PTS_avg": 7.419354838709677,
    "PTS_total": 230,
    "PLUS_MINUS_avg": -1.1612903225806452,
    "PLUS_MINUS_total": -36,
    "FG_PCT": 0.6474820143884892,
    "FG3_PCT": 0.0,
    "FT_PCT": 0.8333333333333334,
    "games_played": 31
  }
}