{
  "season_stats": {
    "MIN_avg": 14.78048780487805,
    "MIN_total": 606,
    "FGM_avg": 2.024390243902439,
    "FGM_total": 83,
    "FGA_avg": 4.317073170731708,
    "FGA_total": 177,
    "FG3M_avg": 0.6341463414634146,
    "FG3M_total": 26,
    "FG3A_avg": 1.975609756097561,
    "FG3A_total": 81,
    "FTM_avg": 0.5853658536585366,
    "FTM_total": 24,
    "FTA_avg": 0.7560975609756098,
    "FTA_total": 31,
    "OREB_avg": 0.4634146341463415,
    "OREB_total": 19,
    "DREB_avg": 2.1951219512195124,
    "DREB_total": 90,
    "REB_avg": 2.658536585365854,
    "REB_total": 109,
    "AST_avg": 1.7073170731707317,
    "AST_total": 70,
    "STL_avg": 0.21951219512195122,
    "STL_total": 9,
    "BLK_avg": 0.2682926829268293,
    "BLK_total": 11,
    "TOV_avg": 0.5853658536585366,
    "TOV_total": 24,
    "PF_avg": 1.0975609756097562,
    "PF_total": 45,
    "PTS_avg": 5.2682926829268295,
    "PTS_total": 216,
    "PLUS_MINUS_avg": -0.3170731707317073,
    "PLUS_MINUS_total": -13,
    "FG_PCT": 0.4689265536723164,
    "FG3_PCT": 0.32098765432098764,
    "FT_PCT": 0.7741935483870968,
    "games_played": 41
  }
}