{
  "season_stats": {
    "MIN_avg": 15.125,
    "MIN_total": 1089,
    "FGM_avg": 2.486111111111111,
    "FGM_total": 179,
    "FGA_avg": 6.194444444444445,
    "FGA_total": 446,
    "FG3M_avg": 1.2916666666666667,
    "FG3M_total": 93,
    "FG3A_avg": 3.5555555555555554,
    "FG3A_total": 256,
    "FTM_avg": 0.6805555555555556,
    "FTM_total": 49,
    "FTA_avg": 0.75,
    "FTA_total": 54,
    "OREB_avg": 0.19444444444444445,
    "OREB_total": 14,
    "DREB_avg": 1.25,
    "DREB_total": 90,
    "REB_avg": 1.4444444444444444,
    "REB_total": 104,
    "AST_avg": 2.8194444444444446,
    "AST_total": 203,
    "STL_avg": 0.5416666666666666,
    "STL_total": 39,
    "BLK_avg": 0.2222222222222222,
    "BLK_total": 16,
    "TOV_avg": 0.7222222222222222,
    "TOV_total": 52,
    "PF_avg": 1.5416666666666667,
    "PF_total": 111,
    "PTS_avg": 6.944444444444445,
    "PTS_total": 500,
    "PLUS_MINUS_avg": 2.8333333333333335,
    "PLUS_MINUS_total": 204,
    "FG_PCT": 0.4013452914798206,
    "FG3_PCT": 0.36328125,
    "FT_PCT": 0.9074074074074074,
    "games_played": 72
  }
}