{
  "season_stats": {
    "MIN_avg": 37.266666666666666,
    "MIN_total": 2795,
    "FGM_avg": 8.72,
    "FGM_total": 654,
    "FGA_avg": 18.933333333333334,
    "FGA_total": 1420,
    "FG3M_avg": 2.44,
    "FG3M_total": 183,
    "FG3A_avg": 7.346666666666667,
    "FG3A_total": 551,
    "FTM_avg": 5.76,
    "FTM_total": 432,
    "FTA_avg": 6.44,
    "FTA_total": 483,
    "OREB_avg": 1.0133333333333334,
    "OREB_total": 76,
    "DREB_avg": 3.0533333333333332,
    "DREB_total": 229,
    "REB_avg": 4.066666666666666,
    "REB_total": 305,
    "AST_avg": 7.053333333333334,
    "AST_total": 529,
    "STL_avg": 0.8933333333333333,
    "STL_total": 67,
    "BLK_avg": 0.21333333333333335,
    "BLK_total": 16,
    "TOV_avg": 2.933333333333333,
    "TOV_total": 220,
    "PF_avg": 2.64,
    "PF_total": 198,
    "PTS_avg": 25.64,
    "PTS_total": 1923,
    "PLUS_MINUS_avg": -2.36,
    "PLUS_MINUS_total": -177,
    "FG_PCT": 0.46056338028169014,
    "FG3_PCT": 0.33212341197822143,
    "FT_PCT": 0.8944099378881988,
    "games_played": 75
  }
}