{
  "season_stats": {
    "MIN_avg": 19.55072463768116,
    "MIN_total": 1349,
    "FGM_avg": 2.2753623188405796,
    "FGM_total": 157,
    "FGA_avg": 5.420289855072464,
    "FGA_total": 374,
    "FG3M_avg": 1.173913043478261,
    "FG3M_total": 81,
    "FG3A_avg": 3.449275362318841,
    "FG3A_total": 238,
    "FTM_avg": 0.8115942028985508,
    "FTM_total": 56,
    "FTA_avg": 1.1594202898550725,
    "FTA_total": 80,
    "OREB_avg": 1.1594202898550725,
    "OREB_total": 80,
    "DREB_avg": 3.420289855072464,
    "DREB_total": 236,
    "REB_avg": 4.579710144927536,
    "REB_total": 316,
    "AST_avg": 1.1884057971014492,
    "AST_total": 82,
    "STL_avg": 0.5942028985507246,
    "STL_total": 41,
    "BLK_avg": 0.3333333333333333,
    "BLK_total": 23,
    "TOV_avg": 0.5652173913043478,
    "TOV_total": 39,
    "PF_avg": 1.2463768115942029,
    "PF_total": 86,
    "PTS_avg": 6.536231884057971,
    "PTS_total": 451,
    "PLUS_MINUS_avg": -1.0144927536231885,
    "PLUS_MINUS_total": -70,
    "FG_PCT": 0.4197860962566845,
    "FG3_PCT": 0.3403361344537815,
    "FT_PCT": 0.7,
    "games_played": 69
  }
}