{
  "season_stats": {
    "MIN_avg": 25.5,
    "MIN_total": 1479,
    "FGM_avg": 4.293103448275862,
    "FGM_total": 249,
    "FGA_avg": 11.0,
    "FGA_total": 638,
    "FG3M_avg": 1.9482758620689655,
    "FG3M_total": 113,
    "FG3A_avg": 6.206896551724138,
    "FG3A_total": 360,
    "FTM_avg": 2.086206896551724,
    "FTM_total": 121,
    "FTA_avg": 2.5,
    "FTA_total": 145,
    "OREB_avg": 0.3448275862068966,
    "OREB_total": 20,
    "DREB_avg": 2.4482758620689653,
    "DREB_total": 142,
    "REB_avg": 2.793103448275862,
    "REB_total": 162,
    "AST_avg": 5.120689655172414,
    "AST_total": 297,
    "STL_avg": 0.9655172413793104,
    "STL_total": 56,
    "BLK_avg": 0.39655172413793105,
    "BLK_total": 23,
    "TOV_avg": 1.8620689655172413,
    "TOV_total": 108,
    "PF_avg": 1.9827586206896552,
    "PF_total": 115,
    "PTS_avg": 12.620689655172415,
    "PTS_total": 732,
    "PLUS_MINUS_avg": 0.0,
    "PLUS_MINUS_total": 0,
    "FG_PCT": 0.390282131661442,
    "FG3_PCT": 0.3138888888888889,
    "FT_PCT": 0.8344827586206897,
    "games_played": 58
  }
}