{
  "season_stats": {
    "MIN_avg": 34.71666666666667,
    "MIN_total": 2083,
    "FGM_avg": 5.8,
    "FGM_total": 348,
    "FGA_avg": 12.35,
    "FGA_total": 741,
    "FG3M_avg": 1.1833333333333333,
    "FG3M_total": 71,
    "FG3A_avg": 4.033333333333333,
    "FG3A_total": 242,
    "FTM_avg": 2.316666666666667,
    "FTM_total": 139,
    "FTA_avg": 3.0833333333333335,
    "FTA_total": 185,
    "OREB_avg": 1.6166666666666667,
    "OREB_total": 97,
    "DREB_avg": 4.516666666666667,
    "DREB_total": 271,
    "REB_avg": 6.133333333333334,
    "REB_total": 368,
    "AST_avg": 1.8,
    "AST_total": 108,
    "STL_avg": 1.5333333333333334,
    "STL_total": 92,
    "BLK_avg": 0.5,
    "BLK_total": 30,
    "TOV_avg": 1.3333333333333333,
    "TOV_total": 80,
    "PF_avg": 3.0,
    "PF_total": 180,
    "PTS_avg": 15.1,
    "PTS_total": 906,
    "PLUS_MINUS_avg": -4.3,
    "PLUS_MINUS_total": -258,
    "FG_PCT": 0.46963562753036436,
    "FG3_PCT": 0.29338842975206614,
    "FT_PCT": 0.7513513513513513,
    "games_played": 60
  }
}