{
  "season_stats": {
    "MIN_avg": 26.814814814814813,
    "MIN_total": 2172,
    "FGM_avg": 3.7777777777777777,
    "FGM_total": 306,
    "FGA_avg": 8.432098765432098,
    "FGA_total": 683,
    "FG3M_avg": 2.049382716049383,
    "FG3M_total": 166,
    "FG3A_avg": 4.950617283950617,
    "FG3A_total": 401,
    "FTM_avg": 0.6296296296296297,
    "FTM_total": 51,
    "FTA_avg": 0.7037037037037037,
    "FTA_total": 57,
    "OREB_avg": 0.49382716049382713,
    "OREB_total": 40,
    "DREB_avg": 1.9259259259259258,
    "DREB_total": 156,
    "REB_avg": 2.419753086419753,
    "REB_total": 196,
    "AST_avg": 5.296296296296297,
    "AST_total": 429,
    "STL_avg": 0.8518518518518519,
    "STL_total": 69,
    "BLK_avg": 0.09876543209876543,
    "BLK_total": 8,
    "TOV_avg": 1.123456790123457,
    "TOV_total": 91,
    "PF_avg": 0.7777777777777778,
    "PF_total": 63,
    "PTS_avg": 10.234567901234568,
    "PTS_total": 829,
    "PLUS_MINUS_avg": -1.1358024691358024,
    "PLUS_MINUS_total": -92,
    "FG_PCT": 0.4480234260614934,
    "FG3_PCT": 0.4139650872817955,
    "FT_PCT": 0.8947368421052632,
    "games_played": 81
  }
}