{
  "season_stats": {
    "MIN_avg": 24.56,
    "MIN_total": 1842,
    "FGM_avg": 3.2133333333333334,
    "FGM_total": 241,
    "FGA_avg": 7.6,
    "FGA_total": 570,
    "FG3M_avg": 2.3866666666666667,
    "FG3M_total": 179,
    "FG3A_avg": 5.88,
    "FG3A_total": 441,
    "FTM_avg": 0.25333333333333335,
    "FTM_total": 19,
    "FTA_avg": 0.3466666666666667,
    "FTA_total": 26,
    "OREB_avg": 0.7066666666666667,
    "OREB_total": 53,
    "DREB_avg": 3.9466666666666668,
    "DREB_total": 296,
    "REB_avg": 4.653333333333333,
    "REB_total": 349,
    "AST_avg": 2.1733333333333333,
    "AST_total": 163,
    "STL_avg": 0.8933333333333333,
    "STL_total": 67,
    "BLK_avg": 0.44,
    "BLK_total": 33,
    "TOV_avg": 0.8666666666666667,
    "TOV_total": 65,
    "PF_avg": 2.013333333333333,
    "PF_total": 151,
    "PTS_avg": 9.066666666666666,
    "PTS_total": 680,
    "PLUS_MINUS_avg": -2.066666666666667,
    "PLUS_MINUS_total": -155,
    "FG_PCT": 0.42280701754385963,
    "FG3_PCT": 0.40589569160997735,
    "FT_PCT": 0.7307692307692307,
    "games_played": 75
  }
}