{
  "season_stats": {
    "MIN_avg": 19.291666666666668,
    "MIN_total": 463,
    "FGM_avg": 3.3333333333333335,
    "FGM_total": 80,
    "FGA_avg": 6.458333333333333,
    "FGA_total": 155,
    "FG3M_avg": 1.4166666666666667,
    "FG3M_total": 34,
    "FG3A_avg": 3.1666666666666665,
    "FG3A_total": 76,
    "FTM_avg": 0.375,
    "FTM_total": 9,
    "FTA_avg": 0.5416666666666666,
    "FTA_total": 13,
    "OREB_avg": 0.9583333333333334,
    "OREB_total": 23,
    "DREB_avg": 3.3333333333333335,
    "DREB_total": 80,
    "REB_avg": 4.291666666666667,
    "REB_total": 103,
    "AST_avg": 1.5833333333333333,
    "AST_total": 38,
    "STL_avg": 0.8333333333333334,
    "STL_total": 20,
    "BLK_avg": 0.5416666666666666,
    "BLK_total": 13,
    "TOV_avg": 0.6666666666666666,
    "TOV_total": 16,
    "PF_avg": 1.5416666666666667,
    "PF_total": 37,
    "PTS_avg": 8.458333333333334,
    "PTS_total": 203,
    "PLUS_MINUS_avg": -3.9583333333333335,
    "PLUS_MINUS_total": -95,
    "FG_PCT": 0.5161290322580645,
    "FG3_PCT": 0.4473684210526316,
    "FT_PCT": 0.6923076923076923,
    "games_played": 24
  }
}