{
  "season_stats": {
    "MIN_avg": 36.134328358208954,
    "MIN_total": 2421,
    "FGM_avg": 7.925373134328358,
    "FGM_total": 531,
    "FGA_avg": 16.73134328358209,
    "FGA_total": 1121,
    "FG3M_avg": 2.328358208955224,
    "FG3M_total": 156,
    "FG3A_avg": 5.925373134328358,
    "FG3A_total": 397,
    "FTM_avg": 3.253731343283582,
    "FTM_total": 218,
    "FTA_avg": 3.671641791044776,
    "FTA_total": 246,
    "OREB_avg": 0.6716417910447762,
    "OREB_total": 45,
    "DREB_avg": 3.2238805970149254,
    "DREB_total": 216,
    "REB_avg": 3.8955223880597014,
    "REB_total": 261,
    "AST_avg": 6.014925373134329,
    "AST_total": 403,
    "STL_avg": 1.3582089552238805,
    "STL_total": 91,
    "BLK_avg": 0.4925373134328358,
    "BLK_total": 33,
    "TOV_avg": 2.0597014925373136,
    "TOV_total": 138,
    "PF_avg": 1.9104477611940298,
    "PF_total": 128,
    "PTS_avg": 21.432835820895523,
    "PTS_total": 1436,
    "PLUS_MINUS_avg": 4.940298507462686,
    "PLUS_MINUS_total": 331,
    "FG_PCT": 0.47368421052631576,
    "FG3_PCT": 0.3929471032745592,
    "FT_PCT": 0.8861788617886179,
    "games_played": 67
  }
}