{
  "season_stats": {
    "MIN_avg": 22.76829268292683,
    "MIN_total": 1867,
    "FGM_avg": 4.0,
    "FGM_total": 328,
    "FGA_avg": 9.585365853658537,
    "FGA_total": 786,
    "FG3M_avg": 2.475609756097561,
    "FG3M_total": 203,
    "FG3A_avg": 6.695121951219512,
    "FG3A_total": 549,
    "FTM_avg": 0.6463414634146342,
    "FTM_total": 53,
    "FTA_avg": 0.7804878048780488,
    "FTA_total": 64,
    "OREB_avg": 0.6219512195121951,
    "OREB_total": 51,
    "DREB_avg": 2.597560975609756,
    "DREB_total": 213,
    "REB_avg": 3.2195121951219514,
    "REB_total": 264,
    "AST_avg": 1.6341463414634145,
    "AST_total": 134,
    "STL_avg": 0.8414634146341463,
    "STL_total": 69,
    "BLK_avg": 0.2804878048780488,
    "BLK_total": 23,
    "TOV_avg": 1.1097560975609757,
    "TOV_total": 91,
    "PF_avg": 1.6097560975609757,
    "PF_total": 132,
    "PTS_avg": 11.121951219512194,
    "PTS_total": 912,
    "PLUS_MINUS_avg": 1.7195121951219512,
    "PLUS_MINUS_total": 141,
    "FG_PCT": 0.4173027989821883,
    "FG3_PCT": 0.3697632058287796,
    "FT_PCT": 0.828125,
    "games_played": 82
  }
}