{
  "season_stats": {
    "MIN_avg": 32.645161290322584,
    "MIN_total": 1012,
    "FGM_avg": 6.258064516129032,
    "FGM_total": 194,
    "FGA_avg": 15.935483870967742,
    "FGA_total": 494,
    "FG3M_avg": 1.6774193548387097,
    "FG3M_total": 52,
    "FG3A_avg": 5.612903225806452,
    "FG3A_total": 174,
    "FTM_avg": 3.2903225806451615,
    "FTM_total": 102,
    "FTA_avg": 4.0,
    "FTA_total": 124,
    "OREB_avg": 0.5483870967741935,
    "OREB_total": 17,
    "DREB_avg": 5.903225806451613,
    "DREB_total": 183,
    "REB_avg": 6.451612903225806,
    "REB_total": 200,
    "AST_avg": 7.354838709677419,
    "AST_total": 228,
    "STL_avg": 2.032258064516129,
    "STL_total": 63,
    "BLK_avg": 0.3870967741935484,
    "BLK_total": 12,
    "TOV_avg": 3.4193548387096775,
    "TOV_total": 106,
    "PF_avg": 1.967741935483871,
    "PF_total": 61,
    "PTS_avg": 17.483870967741936,
    "PTS_total": 542,
    "PLUS_MINUS_avg": -6.67741935483871,
    "PLUS_MINUS_total": -207,
    "FG_PCT": 0.39271255060728744,
    "FG3_PCT": 0.2988505747126437,
    "FT_PCT": 0.8225806451612904,
    "games_played": 31
  }
}