{
  "season_stats": {
    "MIN_avg": 19.25925925925926,
    "MIN_total": 1040,
    "FGM_avg": 2.5925925925925926,
    "FGM_total": 140,
    "FGA_avg": 5.814814814814815,
    "FGA_total": 314,
    "FG3M_avg": 1.1111111111111112,
    "FG3M_total": 60,
    "FG3A_avg": 3.1481481481481484,
    "FG3A_total": 170,
    "FTM_avg": 0.7777777777777778,
    "FTM_total": 42,
    "FTA_avg": 0.9444444444444444,
    "FTA_total": 51,
    "OREB_avg": 0.7037037037037037,
    "OREB_total": 38,
    "DREB_avg": 2.240740740740741,
    "DREB_total": 121,
    "REB_avg": 2.9444444444444446,
    "REB_total": 159,
    "AST_avg": 2.537037037037037,
    "AST_total": 137,
    "STL_avg": 1.6111111111111112,
    "STL_total": 87,
    "BLK_avg": 0.5555555555555556,
    "BLK_total": 30,
    "TOV_avg": 0.6851851851851852,
    "TOV_total": 37,
    "PF_avg": 1.8888888888888888,
    "PF_total": 102,
    "PTS_avg": 7.074074074074074,
    "PTS_total": 382,
    "PLUS_MINUS_avg": 5.944444444444445,
    "PLUS_MINUS_total": 321,
    "FG_PCT": 0.445859872611465,
    "FG3_PCT": 0.35294117647058826,
    "FT_PCT": 0.8235294117647058,
    "games_played": 54
  }
}