{
  "season_stats": {
    "MIN_avg": 29.596491228070175,
    "MIN_total": 1687,
    "FGM_avg": 6.368421052631579,
    "FGM_total": 363,
    "FGA_avg": 10.157894736842104,
    "FGA_total": 579,
    "FG3M_avg": 0.017543859649122806,
    "FG3M_total": 1,
    "FG3A_avg": 0.05263157894736842,
    "FG3A_total": 3,
    "FTM_avg": 1.7017543859649122,
    "FTM_total": 97,
    "FTA_avg": 2.526315789473684,
    "FTA_total": 144,
    "OREB_avg": 3.3157894736842106,
    "OREB_total": 189,
    "DREB_avg": 6.280701754385965,
    "DREB_total": 358,
    "REB_avg": 9.596491228070175,
    "REB_total": 547,
    "AST_avg": 2.7719298245614037,
    "AST_total": 158,
    "STL_avg": 1.1578947368421053,
    "STL_total": 66,
    "BLK_avg": 1.2456140350877194,
    "BLK_total": 71,
    "TOV_avg": 1.9473684210526316,
    "TOV_total": 111,
    "PF_avg": 3.087719298245614,
    "PF_total": 176,
    "PTS_avg": 14.456140350877194,
    "PTS_total": 824,
    "PLUS_MINUS_avg": -0.6491228070175439,
    "PLUS_MINUS_total": -37,
    "FG_PCT": 0.6269430051813472,
    "FG3_PCT": 0.3333333333333333,
    "FT_PCT": 0.6736111111111112,
    "games_played": 57
  }
}