{
  "season_stats": {
    "MIN_avg": 35.21666666666667,
    "MIN_total": 2113,
    "FGM_avg": 4.783333333333333,
    "FGM_total": 287,
    "FGA_avg": 12.65,
    "FGA_total": 759,
    "FG3M_avg": 2.65,
    "FG3M_total": 159,
    "FG3A_avg": 7.683333333333334,
    "FG3A_total": 461,
    "FTM_avg": 1.85,
    "FTM_total": 111,
    "FTA_avg": 2.283333333333333,
    "FTA_total": 137,
    "OREB_avg": 0.5333333333333333,
    "OREB_total": 32,
    "DREB_avg": 3.15,
    "DREB_total": 189,
    "REB_avg": 3.683333333333333,
    "REB_total": 221,
    "AST_avg": 5.55,
    "AST_total": 333,
    "STL_avg": 1.5666666666666667,
    "STL_total": 94,
    "BLK_avg": 0.4166666666666667,
    "BLK_total": 25,
    "TOV_avg": 1.45,
    "TOV_total": 87,
    "PF_avg": 2.3333333333333335,
    "PF_total": 140,
    "PTS_avg": 14.066666666666666,
    "PTS_total": 844,
    "PLUS_MINUS_avg": 4.4,
    "PLUS_MINUS_total": 264,
    "FG_PCT": 0.37812911725955206,
    "FG3_PCT": 0.34490238611713664,
    "FT_PCT": 0.8102189781021898,
    "games_played": 60
  }
}