{
  "season_stats": {
    "MIN_avg": 24.875,
    "MIN_total": 1592,
    "FGM_avg": 4.375,
    "FGM_total": 280,
    "FGA_avg": 9.359375,
    "FGA_total": 599,
    "FG3M_avg": 1.65625,
    "FG3M_total": 106,
    "FG3A_avg": 4.4375,
    "FG3A_total": 284,
    "FTM_avg": 1.71875,
    "FTM_total": 110,
    "FTA_avg": 2.421875,
    "FTA_total": 155,
    "OREB_avg": 0.640625,
    "OREB_total": 41,
    "DREB_avg": 2.53125,
    "DREB_total": 162,
    "REB_avg": 3.171875,
    "REB_total": 203,
    "AST_avg": 3.359375,
    "AST_total": 215,
    "STL_avg": 0.890625,
    "STL_total": 57,
    "BLK_avg": 0.515625,
    "BLK_total": 33,
    "TOV_avg": 1.1875,
    "TOV_total": 76,
    "PF_avg": 1.546875,
    "PF_total": 99,
    "PTS_avg": 12.125,
    "PTS_total": 776,
    "PLUS_MINUS_avg": 4.03125,
    "PLUS_MINUS_total": 258,
    "FG_PCT": 0.4674457429048414,
    "FG3_PCT": 0.3732394366197183,
    "FT_PCT": 0.7096774193548387,
    "games_played": 64
  }
}