{
  "season_stats": {
    "MIN_avg": 34.68571428571428,
    "MIN_total": 2428,
    "FGM_avg": 7.5285714285714285,
    "FGM_total": 527,
    "FGA_avg": 12.757142857142858,
    "FGA_total": 893,
    "FG3M_avg": 0.9285714285714286,
    "FG3M_total": 65,
    "FG3A_avg": 2.2285714285714286,
    "FG3A_total": 156,
    "FTM_avg": 3.1142857142857143,
    "FTM_total": 218,
    "FTA_avg": 4.128571428571429,
    "FTA_total": 289,
    "OREB_avg": 3.8142857142857145,
    "OREB_total": 267,
    "DREB_avg": 10.071428571428571,
    "DREB_total": 705,
    "REB_avg": 13.885714285714286,
    "REB_total": 972,
    "AST_avg": 6.042857142857143,
    "AST_total": 423,
    "STL_avg": 0.6857142857142857,
    "STL_total": 48,
    "BLK_avg": 0.37142857142857144,
    "BLK_total": 26,
    "TOV_avg": 2.8857142857142857,
    "TOV_total": 202,
    "PF_avg": 3.2714285714285714,
    "PF_total": 229,
    "PTS_avg": 19.1,
    "PTS_total": 1337,
    "PLUS_MINUS_avg": 2.057142857142857,
    "PLUS_MINUS_total": 144,
    "FG_PCT": 0.5901455767077267,
    "FG3_PCT": 0.4166666666666667,
    "FT_PCT": 0.754325259515571,
    "games_played": 70
  }
}