{
  "season_stats": {
    "MIN_avg": 14.887096774193548,
    "MIN_total": 923,
    "FGM_avg": 2.7580645161290325,
    "FGM_total": 171,
    "FGA_avg": 4.806451612903226,
    "FGA_total": 298,
    "FG3M_avg": 0.5,
    "FG3M_total": 31,
    "FG3A_avg": 1.532258064516129,
    "FG3A_total": 95,
    "FTM_avg": 0.43548387096774194,
    "FTM_total": 27,
    "FTA_avg": 0.6129032258064516,
    "FTA_total": 38,
    "OREB_avg": 0.8548387096774194,
    "OREB_total": 53,
    "DREB_avg": 2.129032258064516,
    "DREB_total": 132,
    "REB_avg": 2.9838709677419355,
    "REB_total": 185,
    "AST_avg": 1.3387096774193548,
    "AST_total": 83,
    "STL_avg": 0.8387096774193549,
    "STL_total": 52,
    "BLK_avg": 0.27419354838709675,
    "BLK_total": 17,
    "TOV_avg": 0.6290322580645161,
    "TOV_total": 39,
    "PF_avg": 1.7419354838709677,
    "PF_total": 108,
    "PTS_avg": 6.451612903225806,
    "PTS_total": 400,
    "PLUS_MINUS_avg": 0.7258064516129032,
    "PLUS_MINUS_total": 45,
    "FG_PCT": 0.5738255033557047,
    "FG3_PCT": 0.3263157894736842,
    "FT_PCT": 0.7105263157894737,
    "games_played": 62
  }
}