{
  "season_stats": {
    "MIN_avg": 21.468354430379748,
    "MIN_total": 1696,
    "FGM_avg": 3.6202531645569622,
    "FGM_total": 286,
    "FGA_avg": 7.848101265822785,
    "FGA_total": 620,
    "FG3M_avg": 2.1012658227848102,
    "FG3M_total": 166,
    "FG3A_avg": 5.177215189873418,
    "FG3A_total": 409,
    "FTM_avg": 0.5822784810126582,
    "FTM_total": 46,
    "FTA_avg": 0.7341772151898734,
    "FTA_total": 58,
    "OREB_avg": 0.5949367088607594,
    "OREB_total": 47,
    "DREB_avg": 2.848101265822785,
    "DREB_total": 225,
    "REB_avg": 3.4430379746835444,
    "REB_total": 272,
    "AST_avg": 1.4050632911392404,
    "AST_total": 111,
    "STL_avg": 0.35443037974683544,
    "STL_total": 28,
    "BLK_avg": 0.17721518987341772,
    "BLK_total": 14,
    "TOV_avg": 1.0379746835443038,
    "TOV_total": 82,
    "PF_avg": 2.5443037974683542,
    "PF_total": 201,
    "PTS_avg": 9.924050632911392,
    "PTS_total": 784,
    "PLUS_MINUS_avg": 2.4556962025316458,
    "PLUS_MINUS_total": 194,
    "FG_PCT": 0.4612903225806452,
    "FG3_PCT": 0.4058679706601467,
    "FT_PCT": 0.7931034482758621,
    "games_played": 79
  }
}