{
  "season_stats": {
    "MIN_avg": 28.873015873015873,
    "MIN_total": 1819,
    "FGM_avg": 3.0952380952380953,
    "FGM_total": 195,
    "FGA_avg": 6.904761904761905,
    "FGA_total": 435,
    "FG3M_avg": 2.0476190476190474,
    "FG3M_total": 129,
    "FG3A_avg": 4.984126984126984,
    "FG3A_total": 314,
    "FTM_avg": 0.47619047619047616,
    "FTM_total": 30,
    "FTA_avg": 0.7142857142857143,
    "FTA_total": 45,
    "OREB_avg": 1.2698412698412698,
    "OREB_total": 80,
    "DREB_avg": 2.6507936507936507,
    "DREB_total": 167,
    "REB_avg": 3.9206349206349205,
    "REB_total": 247,
    "AST_avg": 1.4285714285714286,
    "AST_total": 90,
    "STL_avg": 0.9206349206349206,
    "STL_total": 58,
    "BLK_avg": 0.36507936507936506,
    "BLK_total": 23,
    "TOV_avg": 0.8888888888888888,
    "TOV_total": 56,
    "PF_avg": 2.1587301587301586,
    "PF_total": 136,
    "PTS_avg": 8.714285714285714,
    "PTS_total": 549,
    "PLUS_MINUS_avg": 4.904761904761905,
    "PLUS_MINUS_total": 309,
    "FG_PCT": 0.4482758620689655,
    "FG3_PCT": 0.410828025477707,
    "FT_PCT": 0.6666666666666666,
    "games_played": 63
  }
}