{
  "season_stats": {
    "MIN_avg": 32.73076923076923,
    "MIN_total": 2553,
    "FGM_avg": 7.858974358974359,
    "FGM_total": 613,
    "FGA_avg": 15.153846153846153,
    "FGA_total": 1182,
    "FG3M_avg": 1.6153846153846154,
    "FG3M_total": 126,
    "FG3A_avg": 4.153846153846154,
    "FG3A_total": 324,
    "FTM_avg": 2.8974358974358974,
    "FTM_total": 226,
    "FTA_avg": 3.948717948717949,
    "FTA_total": 308,
    "OREB_avg": 1.705128205128205,
    "OREB_total": 133,
    "DREB_avg": 5.217948717948718,
    "DREB_total": 407,
    "REB_avg": 6.923076923076923,
    "REB_total": 540,
    "AST_avg": 3.371794871794872,
    "AST_total": 263,
    "STL_avg": 0.8974358974358975,
    "STL_total": 70,
    "BLK_avg": 0.5384615384615384,
    "BLK_total": 42,
    "TOV_avg": 1.3974358974358974,
    "TOV_total": 109,
    "PF_avg": 2.423076923076923,
    "PF_total": 189,
    "PTS_avg": 20.23076923076923,
    "PTS_total": 1578,
    "PLUS_MINUS_avg": 4.0,
    "PLUS_MINUS_total": 312,
    "FG_PCT": 0.5186125211505922,
    "FG3_PCT": 0.3888888888888889,
    "FT_PCT": 0.7337662337662337,
    "games_played": 78
  }
}