{
  "season_stats": {
    "MIN_avg": 23.541666666666668,
    "MIN_total": 565,
    "FGM_avg": 4.333333333333333,
    "FGM_total": 104,
    "FGA_avg": 10.0,
    "FGA_total": 240,
    "FG3M_avg": 0.6666666666666666,
    "FG3M_total": 16,
    "FG3A_avg": 2.3333333333333335,
    "FG3A_total": 56,
    "FTM_avg": 3.375,
    "FTM_total": 81,
    "FTA_avg": 3.8333333333333335,
    "FTA_total": 92,
    "OREB_avg": 0.875,
    "OREB_total": 21,
    "DREB_avg": 2.9166666666666665,
    "DREB_total": 70,
    "REB_avg": 3.7916666666666665,
    "REB_total": 91,
    "AST_avg": 4.083333333333333,
    "AST_total": 98,
    "STL_avg": 0.5416666666666666,
    "STL_total": 13,
    "BLK_avg": 0.20833333333333334,
    "BLK_total": 5,
    "TOV_avg": 1.5833333333333333,
    "TOV_total": 38,
    "PF_avg": 1.25,
    "PF_total": 30,
    "PTS_avg": 12.708333333333334,
    "PTS_total": 305,
    "PLUS_MINUS_avg": -5.041666666666667,
    "PLUS_MINUS_total": -121,
    "FG_PCT": 0.43333333333333335,
    "FG3_PCT": 0.2857142857142857,
    "FT_PCT": 0.8804347826086957,
    "games_played": 24
  }
}