{
  "season_stats": {
    "MIN_avg": 34.285714285714285,
    "MIN_total": 2160,
    "FGM_avg": 8.222222222222221,
    "FGM_total": 518,
    "FGA_avg": 17.746031746031747,
    "FGA_total": 1118,
    "FG3M_avg": 1.8412698412698412,
    "FG3M_total": 116,
    "FG3A_avg": 5.682539682539683,
    "FG3A_total": 358,
    "FTM_avg": 3.9047619047619047,
    "FTM_total": 246,
    "FTA_avg": 5.111111111111111,
    "FTA_total": 322,
    "OREB_avg": 1.3015873015873016,
    "OREB_total": 82,
    "DREB_avg": 4.5396825396825395,
    "DREB_total": 286,
    "REB_avg": 5.841269841269841,
    "REB_total": 368,
    "AST_avg": 4.5396825396825395,
    "AST_total": 286,
    "STL_avg": 1.1587301587301588,
    "STL_total": 73,
    "BLK_avg": 0.30158730158730157,
    "BLK_total": 19,
    "TOV_avg": 2.5714285714285716,
    "TOV_total": 162,
    "PF_avg": 2.4444444444444446,
    "PF_total": 154,
    "PTS_avg": 22.19047619047619,
    "PTS_total": 1398,
    "PLUS_MINUS_avg": 6.365079365079365,
    "PLUS_MINUS_total": 401,
    "FG_PCT": 0.46332737030411447,
    "FG3_PCT": 0.3240223463687151,
    "FT_PCT": 0.7639751552795031,
    "games_played": 63
  }
}