{
  "season_stats": {
    "MIN_avg": 24.337662337662337,
    "MIN_total": 1874,
    "FGM_avg": 4.025974025974026,
    "FGM_total": 310,
    "FGA_avg": 7.64935064935065,
    "FGA_total": 589,
    "FG3M_avg": 1.0129870129870129,
    "FG3M_total": 78,
    "FG3A_avg": 2.844155844155844,
    "FG3A_total": 219,
    "FTM_avg": 1.077922077922078,
    "FTM_total": 83,
    "FTA_avg": 1.5324675324675325,
    "FTA_total": 118,
    "OREB_avg": 1.2077922077922079,
    "OREB_total": 93,
    "DREB_avg": 2.207792207792208,
    "DREB_total": 170,
    "REB_avg": 3.4155844155844157,
    "REB_total": 263,
    "AST_avg": 0.7792207792207793,
    "AST_total": 60,
    "STL_avg": 1.025974025974026,
    "STL_total": 79,
    "BLK_avg": 0.42857142857142855,
    "BLK_total": 33,
    "TOV_avg": 0.8571428571428571,
    "TOV_total": 66,
    "PF_avg": 1.9870129870129871,
    "PF_total": 153,
    "PTS_avg": 10.142857142857142,
    "PTS_total": 781,
    "PLUS_MINUS_avg": 3.2337662337662336,
    "PLUS_MINUS_total": 249,
    "FG_PCT": 0.5263157894736842,
    "FG3_PCT": 0.3561643835616438,
    "FT_PCT": 0.7033898305084746,
    "games_played": 77
  }
}