{
  "season_stats": {
    "MIN_avg": 27.042857142857144,
    "MIN_total": 1893,
    "FGM_avg": 4.0285714285714285,
    "FGM_total": 282,
    "FGA_avg": 8.042857142857143,
    "FGA_total": 563,
    "FG3M_avg": 1.4857142857142858,
    "FG3M_total": 104,
    "FG3A_avg": 3.914285714285714,
    "FG3A_total": 274,
    "FTM_avg": 1.4285714285714286,
    "FTM_total": 100,
    "FTA_avg": 1.9714285714285715,
    "FTA_total": 138,
    "OREB_avg": 1.9142857142857144,
    "OREB_total": 134,
    "DREB_avg": 3.7285714285714286,
    "DREB_total": 261,
    "REB_avg": 5.642857142857143,
    "REB_total": 395,
    "AST_avg": 2.1142857142857143,
    "AST_total": 148,
    "STL_avg": 0.8285714285714286,
    "STL_total": 58,
    "BLK_avg": 0.34285714285714286,
    "BLK_total": 24,
    "TOV_avg": 1.2428571428571429,
    "TOV_total": 87,
    "PF_avg": 2.342857142857143,
    "PF_total": 164,
    "PTS_avg": 10.971428571428572,
    "PTS_total": 768,
    "PLUS_MINUS_avg": -1.6857142857142857,
    "PLUS_MINUS_total": -118,
    "FG_PCT": 0.5008880994671403,
    "FG3_PCT": 0.3795620437956204,
    "FT_PCT": 0.7246376811594203,
    "games_played": 70
  }
}