{
  "season_stats": {
    "MIN_avg": 33.0,
    "MIN_total": 594,
    "FGM_avg": 8.61111111111111,
    "FGM_total": 155,
    "FGA_avg": 18.5,
    "FGA_total": 333,
    "FG3M_avg": 2.388888888888889,
    "FG3M_total": 43,
    "FG3A_avg": 6.388888888888889,
    "FG3A_total": 115,
    "FTM_avg": 2.611111111111111,
    "FTM_total": 47,
    "FTA_avg": 3.0555555555555554,
    "FTA_total": 55,
    "OREB_avg": 0.9444444444444444,
    "OREB_total": 17,
    "DREB_avg": 4.611111111111111,
    "DREB_total": 83,
    "REB_avg": 5.555555555555555,
    "REB_total": 100,
    "AST_avg": 5.166666666666667,
    "AST_total": 93,
    "STL_avg": 0.8888888888888888,
    "STL_total": 16,
    "BLK_avg": 0.6111111111111112,
    "BLK_total": 11,
    "TOV_avg": 3.8333333333333335,
    "TOV_total": 69,
    "PF_avg": 2.5,
    "PF_total": 45,
    "PTS_avg": 22.22222222222222,
    "PTS_total": 400,
    "PLUS_MINUS_avg": -7.111111111111111,
    "PLUS_MINUS_total": -128,
    "FG_PCT": 0.46546546546546547,
    "FG3_PCT": 0.3739130434782609,
    "FT_PCT": 0.8545454545454545,
    "games_played": 18
  }
}