{
  "season_stats": {
    "MIN_avg": 27.865853658536587,
    "MIN_total": 2285,
    "FGM_avg": 5.621951219512195,
    "FGM_total": 461,
    "FGA_avg": 13.060975609756097,
    "FGA_total": 1071,
    "FG3M_avg": 3.8902439024390243,
    "FG3M_total": 319,
    "FG3A_avg": 9.341463414634147,
    "FG3A_total": 766,
    "FTM_avg": 1.1585365853658536,
    "FTM_total": 95,
    "FTA_avg": 1.7073170731707317,
    "FTA_total": 140,
    "OREB_avg": 0.573170731707317,
    "OREB_total": 47,
    "DREB_avg": 2.0365853658536586,
    "DREB_total": 167,
    "REB_avg": 2.6097560975609757,
    "REB_total": 214,
    "AST_avg": 1.6951219512195121,
    "AST_total": 139,
    "STL_avg": 0.8902439024390244,
    "STL_total": 73,
    "BLK_avg": 0.06097560975609756,
    "BLK_total": 5,
    "TOV_avg": 1.0121951219512195,
    "TOV_total": 83,
    "PF_avg": 1.524390243902439,
    "PF_total": 125,
    "PTS_avg": 16.29268292682927,
    "PTS_total": 1336,
    "PLUS_MINUS_avg": 2.1341463414634148,
    "PLUS_MINUS_total": 175,
    "FG_PCT": 0.4304388422035481,
    "FG3_PCT": 0.4164490861618799,
    "FT_PCT": 0.6785714285714286,
    "games_played": 82
  }
}