{
  "season_stats": {
    "MIN_avg": 21.941176470588236,
    "MIN_total": 1119,
    "FGM_avg": 2.2745098039215685,
    "FGM_total": 116,
    "FGA_avg": 4.372549019607843,
    "FGA_total": 223,
    "FG3M_avg": 0.0,
    "FG3M_total": 0,
    "FG3A_avg": 0.0,
    "FG3A_total": 0,
    "FTM_avg": 0.47058823529411764,
    "FTM_total": 24,
    "FTA_avg": 0.6470588235294118,
    "FTA_total": 33,
    "OREB_avg": 0.9215686274509803,
    "OREB_total": 47,
    "DREB_avg": 3.803921568627451,
    "DREB_total": 194,
    "REB_avg": 4.7254901960784315,
    "REB_total": 241,
    "AST_avg": 5.588235294117647,
    "AST_total": 285,
    "STL_avg": 0.7450980392156863,
    "STL_total": 38,
    "BLK_avg": 0.45098039215686275,
    "BLK_total": 23,
    "TOV_avg": 2.0,
    "TOV_total": 102,
    "PF_avg": 2.0980392156862746,
    "PF_total": 107,
    "PTS_avg": 5.019607843137255,
    "PTS_total": 256,
    "PLUS_MINUS_avg": -1.0980392156862746,
    "PLUS_MINUS_total": -56,
    "FG_PCT": 0.5201793721973094,
    "FG3_PCT": 0.0,
    "FT_PCT": 0.7272727272727273,
    "games_played": 51
  }
}