{
  "season_stats": {
    "MIN_avg": 24.12162162162162,
    "MIN_total": 1785,
    "FGM_avg": 2.5945945945945947,
    "FGM_total": 192,
    "FGA_avg": 5.905405405405405,
    "FGA_total": 437,
    "FG3M_avg": 1.0135135135135136,
    "FG3M_total": 75,
    "FG3A_avg": 3.027027027027027,
    "FG3A_total": 224,
    "FTM_avg": 0.20270270270270271,
    "FTM_total": 15,
    "FTA_avg": 0.2972972972972973,
    "FTA_total": 22,
    "OREB_avg": 0.7162162162162162,
    "OREB_total": 53,
    "DREB_avg": 2.675675675675676,
    "DREB_total": 198,
    "REB_avg": 3.391891891891892,
    "REB_total": 251,
    "AST_avg": 2.8378378378378377,
    "AST_total": 210,
    "STL_avg": 1.7297297297297298,
    "STL_total": 128,
    "BLK_avg": 0.36486486486486486,
    "BLK_total": 27,
    "TOV_avg": 1.0,
    "TOV_total": 74,
    "PF_avg": 2.6621621621621623,
    "PF_total": 197,
    "PTS_avg": 6.405405405405405,
    "PTS_total": 474,
    "PLUS_MINUS_avg": 3.5405405405405403,
    "PLUS_MINUS_total": 262,
    "FG_PCT": 0.43935926773455375,
    "FG3_PCT": 0.33482142857142855,
    "FT_PCT": 0.6818181818181818,
    "games_played": 74
  }
}