{
  "season_stats": {
    "MIN_avg": 27.066666666666666,
    "MIN_total": 1218,
    "FGM_avg": 2.8666666666666667,
    "FGM_total": 129,
    "FGA_avg": 6.7555555555555555,
    "FGA_total": 304,
    "FG3M_avg": 0.8222222222222222,
    "FG3M_total": 37,
    "FG3A_avg": 2.2888888888888888,
    "FG3A_total": 103,
    "FTM_avg": 1.3555555555555556,
    "FTM_total": 61,
    "FTA_avg": 2.1777777777777776,
    "FTA_total": 98,
    "OREB_avg": 1.1777777777777778,
    "OREB_total": 53,
    "DREB_avg": 2.7555555555555555,
    "DREB_total": 124,
    "REB_avg": 3.933333333333333,
    "REB_total": 177,
    "AST_avg": 2.111111111111111,
    "AST_total": 95,
    "STL_avg": 1.0222222222222221,
    "STL_total": 46,
    "BLK_avg": 0.5111111111111111,
    "BLK_total": 23,
    "TOV_avg": 1.2444444444444445,
    "TOV_total": 56,
    "PF_avg": 1.9333333333333333,
    "PF_total": 87,
    "PTS_avg": 7.911111111111111,
    "PTS_total": 356,
    "PLUS_MINUS_avg": -3.4444444444444446,
    "PLUS_MINUS_total": -155,
    "FG_PCT": 0.4243421052631579,
    "FG3_PCT": 0.3592233009708738,
    "FT_PCT": 0.6224489795918368,
    "games_played": 45
  }
}