{
  "season_stats": {
    "MIN_avg": 10.384615384615385,
    "MIN_total": 135,
    "FGM_avg": 0.7692307692307693,
    "FGM_total": 10,
    "FGA_avg": 2.0,
    "FGA_total": 26,
    "FG3M_avg": 0.3076923076923077,
    "FG3M_total": 4,
    "FG3A_avg": 1.1538461538461537,
    "FG3A_total": 15,
    "FTM_avg": 0.0,
    "FTM_total": 0,
    "FTA_avg": 0.0,
    "FTA_total": 0,
    "OREB_avg": 0.46153846153846156,
    "OREB_total": 6,
    "DREB_avg": 2.0,
    "DREB_total": 26,
    "REB_avg": 2.4615384615384617,
    "REB_total": 32,
    "AST_avg": 0.6923076923076923,
    "AST_total": 9,
    "STL_avg": 0.23076923076923078,
    "STL_total": 3,
    "BLK_avg": 0.15384615384615385,
    "BLK_total": 2,
    "TOV_avg": 0.8461538461538461,
    "TOV_total": 11,
    "PF_avg": 0.7692307692307693,
    "PF_total": 10,
    "PTS_avg": 1.8461538461538463,
    "PTS_total": 24,
    "PLUS_MINUS_avg": -1.3846153846153846,
    "PLUS_MINUS_total": -18,
    "FG_PCT": 0.38461538461538464,
    "FG3_PCT": 0.26666666666666666,
    "FT_PCT": 0.0,
    "games_played": 13
  }
}