{
  "season_stats": {
    "MIN_avg": 22.4390243902439,
    "MIN_total": 920,
    "FGM_avg": 3.1707317073170733,
    "FGM_total": 130,
    "FGA_avg": 7.536585365853658,
    "FGA_total": 309,
    "FG3M_avg": 0.6585365853658537,
    "FG3M_total": 27,
    "FG3A_avg": 1.975609756097561,
    "FG3A_total": 81,
    "FTM_avg": 1.2926829268292683,
    "FTM_total": 53,
    "FTA_avg": 1.5853658536585367,
    "FTA_total": 65,
    "OREB_avg": 0.975609756097561,
    "OREB_total": 40,
    "DREB_avg": 3.024390243902439,
    "DREB_total": 124,
    "REB_avg": 4.0,
    "REB_total": 164,
    "AST_avg": 2.048780487804878,
    "AST_total": 84,
    "STL_avg": 0.8292682926829268,
    "STL_total": 34,
    "BLK_avg": 0.24390243902439024,
    "BLK_total": 10,
    "TOV_avg": 0.9512195121951219,
    "TOV_total": 39,
    "PF_avg": 1.7317073170731707,
    "PF_total": 71,
    "PTS_avg": 8.292682926829269,
    "PTS_total": 340,
    "PLUS_MINUS_avg": -5.512195121951219,
    "PLUS_MINUS_total": -226,
    "FG_PCT": 0.42071197411003236,
    "FG3_PCT": 0.3333333333333333,
    "FT_PCT": 0.8153846153846154,
    "games_played": 41
  }
}