{
  "season_stats": {
    "MIN_avg": 36.567567567567565,
    "MIN_total": 2706,
    "FGM_avg": 6.608108108108108,
    "FGM_total": 489,
    "FGA_avg": 13.878378378378379,
    "FGA_total": 1027,
    "FG3M_avg": 2.310810810810811,
    "FG3M_total": 171,
    "FG3A_avg": 6.216216216216216,
    "FG3A_total": 460,
    "FTM_avg": 2.472972972972973,
    "FTM_total": 183,
    "FTA_avg": 3.054054054054054,
    "FTA_total": 226,
    "OREB_avg": 1.3108108108108107,
    "OREB_total": 97,
    "DREB_avg": 3.527027027027027,
    "DREB_total": 261,
    "REB_avg": 4.837837837837838,
    "REB_total": 358,
    "AST_avg": 2.2162162162162162,
    "AST_total": 164,
    "STL_avg": 1.4864864864864864,
    "STL_total": 110,
    "BLK_avg": 0.8783783783783784,
    "BLK_total": 65,
    "TOV_avg": 1.3783783783783783,
    "TOV_total": 102,
    "PF_avg": 2.324324324324324,
    "PF_total": 172,
    "PTS_avg": 18.0,
    "PTS_total": 1332,
    "PLUS_MINUS_avg": 4.0675675675675675,
    "PLUS_MINUS_total": 301,
    "FG_PCT": 0.4761441090555015,
    "FG3_PCT": 0.3717391304347826,
    "FT_PCT": 0.8097345132743363,
    "games_played": 74
  }
}