{
  "season_stats": {
    "MIN_avg": 16.324324324324323,
    "MIN_total": 604,
    "FGM_avg": 1.6486486486486487,
    "FGM_total": 61,
    "FGA_avg": 3.4054054054054053,
    "FGA_total": 126,
    "FG3M_avg": 0.24324324324324326,
    "FG3M_total": 9,
    "FG3A_avg": 0.972972972972973,
    "FG3A_total": 36,
    "FTM_avg": 0.7837837837837838,
    "FTM_total": 29,
    "FTA_avg": 0.9459459459459459,
    "FTA_total": 35,
    "OREB_avg": 1.162162162162162,
    "OREB_total": 43,
    "DREB_avg": 3.135135135135135,
    "DREB_total": 116,
    "REB_avg": 4.297297297297297,
    "REB_total": 159,
    "AST_avg": 1.5945945945945945,
    "AST_total": 59,
    "STL_avg": 0.4594594594594595,
    "STL_total": 17,
    "BLK_avg": 0.4864864864864865,
    "BLK_total": 18,
    "TOV_avg": 0.6756756756756757,
    "TOV_total": 25,
    "PF_avg": 1.8108108108108107,
    "PF_total": 67,
    "PTS_avg": 4.324324324324325,
    "PTS_total": 160,
    "PLUS_MINUS_avg": -1.2162162162162162,
    "PLUS_MINUS_total": -45,
    "FG_PCT": 0.48412698412698413,
    "FG3_PCT": 0.25,
    "FT_PCT": 0.8285714285714286,
    "games_played": 37
  }
}