{
  "season_stats": {
    "MIN_avg": 31.84,
    "MIN_total": 2388,
    "FGM_avg": 5.12,
    "FGM_total": 384,
    "FGA_avg": 11.933333333333334,
    "FGA_total": 895,
    "FG3M_avg": 2.48,
    "FG3M_total": 186,
    "FG3A_avg": 6.253333333333333,
    "FG3A_total": 469,
    "FTM_avg": 1.32,
    "FTM_total": 99,
    "FTA_avg": 1.6133333333333333,
    "FTA_total": 121,
    "OREB_avg": 1.0,
    "OREB_total": 75,
    "DREB_avg": 2.6666666666666665,
    "DREB_total": 200,
    "REB_avg": 3.6666666666666665,
    "REB_total": 275,
    "AST_avg": 1.7066666666666668,
    "AST_total": 128,
    "STL_avg": 0.8,
    "STL_total": 60,
    "BLK_avg": 0.21333333333333335,
    "BLK_total": 16,
    "TOV_avg": 1.0133333333333334,
    "TOV_total": 76,
    "PF_avg": 3.2266666666666666,
    "PF_total": 242,
    "PTS_avg": 14.04,
    "PTS_total": 1053,
    "PLUS_MINUS_avg": 2.76,
    "PLUS_MINUS_total": 207,
    "FG_PCT": 0.42905027932960893,
    "FG3_PCT": 0.39658848614072495,
    "FT_PCT": 0.8181818181818182,
    "games_played": 75
  }
}