{
  "season_stats": {
    "MIN_avg": 24.333333333333332,
    "MIN_total": 1679,
    "FGM_avg": 3.7246376811594204,
    "FGM_total": 257,
    "FGA_avg": 8.753623188405797,
    "FGA_total": 604,
    "FG3M_avg": 1.9130434782608696,
    "FG3M_total": 132,
    "FG3A_avg": 5.666666666666667,
    "FG3A_total": 391,
    "FTM_avg": 0.5072463768115942,
    "FTM_total": 35,
    "FTA_avg": 0.7101449275362319,
    "FTA_total": 49,
    "OREB_avg": 0.43478260869565216,
    "OREB_total": 30,
    "DREB_avg": 2.536231884057971,
    "DREB_total": 175,
    "REB_avg": 2.971014492753623,
    "REB_total": 205,
    "AST_avg": 2.260869565217391,
    "AST_total": 156,
    "STL_avg": 0.9565217391304348,
    "STL_total": 66,
    "BLK_avg": 0.3333333333333333,
    "BLK_total": 23,
    "TOV_avg": 0.9710144927536232,
    "TOV_total": 67,
    "PF_avg": 1.7536231884057971,
    "PF_total": 121,
    "PTS_avg": 9.869565217391305,
    "PTS_total": 681,
    "PLUS_MINUS_avg": 1.5072463768115942,
    "PLUS_MINUS_total": 104,
    "FG_PCT": 0.42549668874172186,
    "FG3_PCT": 0.3375959079283887,
    "FT_PCT": 0.7142857142857143,
    "games_played": 69
  }
}