{
  "season_stats": {
    "MIN_avg": 22.142857142857142,
    "MIN_total": 775,
    "FGM_avg": 2.5428571428571427,
    "FGM_total": 89,
    "FGA_avg": 6.942857142857143,
    "FGA_total": 243,
    "FG3M_avg": 1.9142857142857144,
    "FG3M_total": 67,
    "FG3A_avg": 5.571428571428571,
    "FG3A_total": 195,
    "FTM_avg": 0.6285714285714286,
    "FTM_total": 22,
    "FTA_avg": 0.7714285714285715,
    "FTA_total": 27,
    "OREB_avg": 0.7142857142857143,
    "OREB_total": 25,
    "DREB_avg": 2.657142857142857,
    "DREB_total": 93,
    "REB_avg": 3.3714285714285714,
    "REB_total": 118,
    "AST_avg": 3.2857142857142856,
    "AST_total": 115,
    "STL_avg": 1.3428571428571427,
    "STL_total": 47,
    "BLK_avg": 0.4857142857142857,
    "BLK_total": 17,
    "TOV_avg": 1.1714285714285715,
    "TOV_total": 41,
    "PF_avg": 1.5714285714285714,
    "PF_total": 55,
    "PTS_avg": 7.628571428571429,
    "PTS_total": 267,
    "PLUS_MINUS_avg": 2.857142857142857,
    "PLUS_MINUS_total": 100,
    "FG_PCT": 0.3662551440329218,
    "FG3_PCT": 0.3435897435897436,
    "FT_PCT": 0.8148148148148148,
    "games_played": 35
  }
}