{
  "season_stats": {
    "MIN_avg": 37.073170731707314,
    "MIN_total": 3040,
    "FGM_avg": 7.219512195121951,
    "FGM_total": 592,
    "FGA_avg": 14.426829268292684,
    "FGA_total": 1183,
    "FG3M_avg": 2.0,
    "FG3M_total": 164,
    "FG3A_avg": 5.646341463414634,
    "FG3A_total": 463,
    "FTM_avg": 1.170731707317073,
    "FTM_total": 96,
    "FTA_avg": 1.4390243902439024,
    "FTA_total": 118,
    "OREB_avg": 0.8658536585365854,
    "OREB_total": 71,
    "DREB_avg": 2.292682926829268,
    "DREB_total": 188,
    "REB_avg": 3.158536585365854,
    "REB_total": 259,
    "AST_avg": 3.731707317073171,
    "AST_total": 306,
    "STL_avg": 0.9146341463414634,
    "STL_total": 75,
    "BLK_avg": 0.524390243902439,
    "BLK_total": 43,
    "TOV_avg": 1.6097560975609757,
    "TOV_total": 132,
    "PF_avg": 1.548780487804878,
    "PF_total": 127,
    "PTS_avg": 17.609756097560975,
    "PTS_total": 1444,
    "PLUS_MINUS_avg": 4.073170731707317,
    "PLUS_MINUS_total": 334,
    "FG_PCT": 0.5004226542688082,
    "FG3_PCT": 0.3542116630669546,
    "FT_PCT": 0.8135593220338984,
    "games_played": 82
  }
}