{
  "season_stats": {
    "MIN_avg": 12.0,
    "MIN_total": 312,
    "FGM_avg": 1.4615384615384615,
    "FGM_total": 38,
    "FGA_avg": 3.4615384615384617,
    "FGA_total": 90,
    "FG3M_avg": 0.9230769230769231,
    "FG3M_total": 24,
    "FG3A_avg": 2.5384615384615383,
    "FG3A_total": 66,
    "FTM_avg": 0.3076923076923077,
    "FTM_total": 8,
    "FTA_avg": 0.46153846153846156,
    "FTA_total": 12,
    "OREB_avg": 1.0384615384615385,
    "OREB_total": 27,
    "DREB_avg": 1.7692307692307692,
    "DREB_total": 46,
    "REB_avg": 2.8076923076923075,
    "REB_total": 73,
    "AST_avg": 0.6538461538461539,
    "AST_total": 17,
    "STL_avg": 0.3076923076923077,
    "STL_total": 8,
    "BLK_avg": 0.46153846153846156,
    "BLK_total": 12,
    "TOV_avg": 0.3076923076923077,
    "TOV_total": 8,
    "PF_avg": 1.3076923076923077,
    "PF_total": 34,
    "PTS_avg": 4.153846153846154,
    "PTS_total": 108,
    "PLUS_MINUS_avg": -1.8846153846153846,
    "PLUS_MINUS_total": -49,
    "FG_PCT": 0.4222222222222222,
    "FG3_PCT": 0.36363636363636365,
    "FT_PCT": 0.6666666666666666,
    "games_played": 26
  }
}