{
  "season_stats": {
    "MIN_avg": 6.0,
    "MIN_total": 84,
    "FGM_avg": 1.2857142857142858,
    "FGM_total": 18,
    "FGA_avg": 2.5714285714285716,
    "FGA_total": 36,
    "FG3M_avg": 0.2857142857142857,
    "FG3M_total": 4,
    "FG3A_avg": 1.0714285714285714,
    "FG3A_total": 15,
    "FTM_avg": 0.42857142857142855,
    "FTM_total": 6,
    "FTA_avg": 0.5714285714285714,
    "FTA_total": 8,
    "OREB_avg": 0.5,
    "OREB_total": 7,
    "DREB_avg": 0.7142857142857143,
    "DREB_total": 10,
    "REB_avg": 1.2142857142857142,
    "REB_total": 17,
    "AST_avg": 0.35714285714285715,
    "AST_total": 5,
    "STL_avg": 0.14285714285714285,
    "STL_total": 2,
    "BLK_avg": 0.2857142857142857,
    "BLK_total": 4,
    "TOV_avg": 0.2857142857142857,
    "TOV_total": 4,
    "PF_avg": 0.42857142857142855,
    "PF_total": 6,
    "PTS_avg": 3.2857142857142856,
    "PTS_total": 46,
    "PLUS_MINUS_avg": -0.21428571428571427,
    "PLUS_MINUS_total": -3,
    "FG_PCT": 0.5,
    "FG3_PCT": 0.26666666666666666,
    "FT_PCT": 0.75,
    "games_played": 14
  }
}