{
  "season_stats": {
    "MIN_avg": 35.4,
    "MIN_total": 2301,
    "FGM_avg": 9.0,
    "FGM_total": 585,
    "FGA_avg": 18.46153846153846,
    "FGA_total": 1200,
    "FG3M_avg": 2.3384615384615386,
    "FG3M_total": 152,
    "FG3A_avg": 6.107692307692307,
    "FG3A_total": 397,
    "FTM_avg": 5.661538461538462,
    "FTM_total": 368,
    "FTA_avg": 6.892307692307693,
    "FTA_total": 448,
    "OREB_avg": 0.4153846153846154,
    "OREB_total": 27,
    "DREB_avg": 2.4615384615384617,
    "DREB_total": 160,
    "REB_avg": 2.876923076923077,
    "REB_total": 187,
    "AST_avg": 7.3076923076923075,
    "AST_total": 475,
    "STL_avg": 0.9230769230769231,
    "STL_total": 60,
    "BLK_avg": 0.12307692307692308,
    "BLK_total": 8,
    "TOV_avg": 2.523076923076923,
    "TOV_total": 164,
    "PF_avg": 2.123076923076923,
    "PF_total": 138,
    "PTS_avg": 26.0,
    "PTS_total": 1690,
    "PLUS_MINUS_avg": 2.246153846153846,
    "PLUS_MINUS_total": 146,
    "FG_PCT": 0.4875,
    "FG3_PCT": 0.38287153652392947,
    "FT_PCT": 0.8214285714285714,
    "games_played": 65
  }
}