{
  "season_stats": {
    "MIN_avg": 8.916666666666666,
    "MIN_total": 321,
    "FGM_avg": 1.5277777777777777,
    "FGM_total": 55,
    "FGA_avg": 4.055555555555555,
    "FGA_total": 146,
    "FG3M_avg": 0.9722222222222222,
    "FG3M_total": 35,
    "FG3A_avg": 2.9166666666666665,
    "FG3A_total": 105,
    "FTM_avg": 0.2222222222222222,
    "FTM_total": 8,
    "FTA_avg": 0.2777777777777778,
    "FTA_total": 10,
    "OREB_avg": 0.1111111111111111,
    "OREB_total": 4,
    "DREB_avg": 0.9722222222222222,
    "DREB_total": 35,
    "REB_avg": 1.0833333333333333,
    "REB_total": 39,
    "AST_avg": 1.1111111111111112,
    "AST_total": 40,
    "STL_avg": 0.3611111111111111,
    "STL_total": 13,
    "BLK_avg": 0.08333333333333333,
    "BLK_total": 3,
    "TOV_avg": 0.3055555555555556,
    "TOV_total": 11,
    "PF_avg": 0.4166666666666667,
    "PF_total": 15,
    "PTS_avg": 4.25,
    "PTS_total": 153,
    "PLUS_MINUS_avg": 1.0277777777777777,
    "PLUS_MINUS_total": 37,
    "FG_PCT": 0.3767123287671233,
    "FG3_PCT": 0.3333333333333333,
    "FT_PCT": 0.8,
    "games_played": 36
  }
}