{
  "season_stats": {
    "MIN_avg": 12.71111111111111,
    "MIN_total": 572,
    "FGM_avg": 1.8444444444444446,
    "FGM_total": 83,
    "FGA_avg": 4.333333333333333,
    "FGA_total": 195,
    "FG3M_avg": 0.6888888888888889,
    "FG3M_total": 31,
    "FG3A_avg": 1.9111111111111112,
    "FG3A_total": 86,
    "FTM_avg": 0.8,
    "FTM_total": 36,
    "FTA_avg": 0.9333333333333333,
    "FTA_total": 42,
    "OREB_avg": 0.26666666666666666,
    "OREB_total": 12,
    "DREB_avg": 1.2222222222222223,
    "DREB_total": 55,
    "REB_avg": 1.488888888888889,
    "REB_total": 67,
    "AST_avg": 1.6222222222222222,
    "AST_total": 73,
    "STL_avg": 0.4444444444444444,
    "STL_total": 20,
    "BLK_avg": 0.06666666666666667,
    "BLK_total": 3,
    "TOV_avg": 0.4666666666666667,
    "TOV_total": 21,
    "PF_avg": 0.5111111111111111,
    "PF_total": 23,
    "PTS_avg": 5.177777777777778,
    "PTS_total": 233,
    "PLUS_MINUS_avg": 1.0444444444444445,
    "PLUS_MINUS_total": 47,
    "FG_PCT": 0.4256410256410256,
    "FG3_PCT": 0.36046511627906974,
    "FT_PCT": 0.8571428571428571,
    "games_played": 45
  }
}