{
  "season_stats": {
    "MIN_avg": 34.34615384615385,
    "MIN_total": 2679,
    "FGM_avg": 6.923076923076923,
    "FGM_total": 540,
    "FGA_avg": 14.26923076923077,
    "FGA_total": 1113,
    "FG3M_avg": 1.0128205128205128,
    "FG3M_total": 79,
    "FG3A_avg": 2.8333333333333335,
    "FG3A_total": 221,
    "FTM_avg": 3.217948717948718,
    "FTM_total": 251,
    "FTA_avg": 4.205128205128205,
    "FTA_total": 328,
    "OREB_avg": 2.371794871794872,
    "OREB_total": 185,
    "DREB_avg": 7.230769230769231,
    "DREB_total": 564,
    "REB_avg": 9.602564102564102,
    "REB_total": 749,
    "AST_avg": 4.32051282051282,
    "AST_total": 337,
    "STL_avg": 1.2564102564102564,
    "STL_total": 98,
    "BLK_avg": 0.6794871794871795,
    "BLK_total": 53,
    "TOV_avg": 2.0641025641025643,
    "TOV_total": 161,
    "PF_avg": 2.076923076923077,
    "PF_total": 162,
    "PTS_avg": 18.076923076923077,
    "PTS_total": 1410,
    "PLUS_MINUS_avg": 0.34615384615384615,
    "PLUS_MINUS_total": 27,
    "FG_PCT": 0.48517520215633425,
    "FG3_PCT": 0.3574660633484163,
    "FT_PCT": 0.7652439024390244,
    "games_played": 78
  }
}