{
  "season_stats": {
    "MIN_avg": 29.783783783783782,
    "MIN_total": 2204,
    "FGM_avg": 8.0,
    "FGM_total": 592,
    "FGA_avg": 16.39189189189189,
    "FGA_total": 1213,
    "FG3M_avg": 1.972972972972973,
    "FG3M_total": 146,
    "FG3A_avg": 5.256756756756757,
    "FG3A_total": 389,
    "FTM_avg": 4.202702702702703,
    "FTM_total": 311,
    "FTA_avg": 5.378378378378378,
    "FTA_total": 398,
    "OREB_avg": 1.2297297297297298,
    "OREB_total": 91,
    "DREB_avg": 4.405405405405405,
    "DREB_total": 326,
    "REB_avg": 5.635135135135135,
    "REB_total": 417,
    "AST_avg": 2.0,
    "AST_total": 148,
    "STL_avg": 1.2432432432432432,
    "STL_total": 92,
    "BLK_avg": 1.527027027027027,
    "BLK_total": 113,
    "TOV_avg": 2.0675675675675675,
    "TOV_total": 153,
    "PF_avg": 3.472972972972973,
    "PF_total": 257,
    "PTS_avg": 22.175675675675677,
    "PTS_total": 1641,
    "PLUS_MINUS_avg": 4.472972972972973,
    "PLUS_MINUS_total": 331,
    "FG_PCT": 0.4880461665292663,
    "FG3_PCT": 0.37532133676092544,
    "FT_PCT": 0.7814070351758794,
    "games_played": 74
  }
}