{
  "season_stats": {
    "MIN_avg": 27.98780487804878,
    "MIN_total": 2295,
    "FGM_avg": 5.512195121951219,
    "FGM_total": 452,
    "FGA_avg": 7.804878048780488,
    "FGA_total": 640,
    "FG3M_avg": 0.0,
    "FG3M_total": 0,
    "FG3A_avg": 0.06097560975609756,
    "FG3A_total": 5,
    "FTM_avg": 2.426829268292683,
    "FTM_total": 199,
    "FTA_avg": 3.3780487804878048,
    "FTA_total": 277,
    "OREB_avg": 2.6341463414634148,
    "OREB_total": 216,
    "DREB_avg": 7.097560975609756,
    "DREB_total": 582,
    "REB_avg": 9.731707317073171,
    "REB_total": 798,
    "AST_avg": 1.9268292682926829,
    "AST_total": 158,
    "STL_avg": 0.9390243902439024,
    "STL_total": 77,
    "BLK_avg": 0.8902439024390244,
    "BLK_total": 73,
    "TOV_avg": 1.1829268292682926,
    "TOV_total": 97,
    "PF_avg": 1.548780487804878,
    "PF_total": 127,
    "PTS_avg": 13.451219512195122,
    "PTS_total": 1103,
    "PLUS_MINUS_avg": 6.2682926829268295,
    "PLUS_MINUS_total": 514,
    "FG_PCT": 0.70625,
    "FG3_PCT": 0.0,
    "FT_PCT": 0.7184115523465704,
    "games_played": 82
  }
}