{
  "season_stats": {
    "MIN_avg": 15.338028169014084,
    "MIN_total": 1089,
    "FGM_avg": 1.8873239436619718,
    "FGM_total": 134,
    "FGA_avg": 4.563380281690141,
    "FGA_total": 324,
    "FG3M_avg": 0.5492957746478874,
    "FG3M_total": 39,
    "FG3A_avg": 2.1267605633802815,
    "FG3A_total": 151,
    "FTM_avg": 1.028169014084507,
    "FTM_total": 73,
    "FTA_avg": 1.5070422535211268,
    "FTA_total": 107,
    "OREB_avg": 1.6901408450704225,
    "OREB_total": 120,
    "DREB_avg": 2.732394366197183,
    "DREB_total": 194,
    "REB_avg": 4.422535211267606,
    "REB_total": 314,
    "AST_avg": 0.5633802816901409,
    "AST_total": 40,
    "STL_avg": 0.8591549295774648,
    "STL_total": 61,
    "BLK_avg": 1.1267605633802817,
    "BLK_total": 80,
    "TOV_avg": 0.4647887323943662,
    "TOV_total": 33,
    "PF_avg": 1.267605633802817,
    "PF_total": 90,
    "PTS_avg": 5.352112676056338,
    "PTS_total": 380,
    "PLUS_MINUS_avg": -0.5352112676056338,
    "PLUS_MINUS_total": -38,
    "FG_PCT": 0.41358024691358025,
    "FG3_PCT": 0.2582781456953642,
    "FT_PCT": 0.6822429906542056,
    "games_played": 71
  }
}