{
  "season_stats": {
    "MIN_avg": 24.125,
    "MIN_total": 1544,
    "FGM_avg": 3.421875,
    "FGM_total": 219,
    "FGA_avg": 7.640625,
    "FGA_total": 489,
    "FG3M_avg": 2.328125,
    "FG3M_total": 149,
    "FG3A_avg": 5.46875,
    "FG3A_total": 350,
    "FTM_avg": 1.453125,
    "FTM_total": 93,
    "FTA_avg": 1.78125,
    "FTA_total": 114,
    "OREB_avg": 0.53125,
    "OREB_total": 34,
    "DREB_avg": 2.5,
    "DREB_total": 160,
    "REB_avg": 3.03125,
    "REB_total": 194,
    "AST_avg": 2.140625,
    "AST_total": 137,
    "STL_avg": 0.84375,
    "STL_total": 54,
    "BLK_avg": 0.296875,
    "BLK_total": 19,
    "TOV_avg": 1.171875,
    "TOV_total": 75,
    "PF_avg": 1.484375,
    "PF_total": 95,
    "PTS_avg": 10.625,
    "PTS_total": 680,
    "PLUS_MINUS_avg": -1.234375,
    "PLUS_MINUS_total": -79,
    "FG_PCT": 0.44785276073619634,
    "FG3_PCT": 0.4257142857142857,
    "FT_PCT": 0.8157894736842105,
    "games_played": 64
  }
}