{
  "season_stats": {
    "MIN_avg": 18.684931506849313,
    "MIN_total": 1364,
    "FGM_avg": 2.5616438356164384,
    "FGM_total": 187,
    "FGA_avg": 3.835616438356164,
    "FGA_total": 280,
    "FG3M_avg": 0.0,
    "FG3M_total": 0,
    "FG3A_avg": 0.0410958904109589,
    "FG3A_total": 3,
    "FTM_avg": 0.9178082191780822,
    "FTM_total": 67,
    "FTA_avg": 1.3287671232876712,
    "FTA_total": 97,
    "OREB_avg": 2.6027397260273974,
    "OREB_total": 190,
    "DREB_avg": 2.712328767123288,
    "DREB_total": 198,
    "REB_avg": 5.315068493150685,
    "REB_total": 388,
    "AST_avg": 1.6027397260273972,
    "AST_total": 117,
    "STL_avg": 0.4931506849315068,
    "STL_total": 36,
    "BLK_avg": 0.9726027397260274,
    "BLK_total": 71,
    "TOV_avg": 0.4246575342465753,
    "TOV_total": 31,
    "PF_avg": 1.63013698630137,
    "PF_total": 119,
    "PTS_avg": 6.041095890410959,
    "PTS_total": 441,
    "PLUS_MINUS_avg": 5.493150684931507,
    "PLUS_MINUS_total": 401,
    "FG_PCT": 0.6678571428571428,
    "FG3_PCT": 0.0,
    "FT_PCT": 0.6907216494845361,
    "games_played": 73
  }
}