{
  "season_stats": {
    "MIN_avg": 14.590909090909092,
    "MIN_total": 963,
    "FGM_avg": 2.4696969696969697,
    "FGM_total": 163,
    "FGA_avg": 4.863636363636363,
    "FGA_total": 321,
    "FG3M_avg": 0.7272727272727273,
    "FG3M_total": 48,
    "FG3A_avg": 2.242424242424242,
    "FG3A_total": 148,
    "FTM_avg": 0.8333333333333334,
    "FTM_total": 55,
    "FTA_avg": 0.9696969696969697,
    "FTA_total": 64,
    "OREB_avg": 1.2575757575757576,
    "OREB_total": 83,
    "DREB_avg": 2.5454545454545454,
    "DREB_total": 168,
    "REB_avg": 3.803030303030303,
    "REB_total": 251,
    "AST_avg": 0.803030303030303,
    "AST_total": 53,
    "STL_avg": 0.42424242424242425,
    "STL_total": 28,
    "BLK_avg": 0.6212121212121212,
    "BLK_total": 41,
    "TOV_avg": 0.45454545454545453,
    "TOV_total": 30,
    "PF_avg": 1.1515151515151516,
    "PF_total": 76,
    "PTS_avg": 6.5,
    "PTS_total": 429,
    "PLUS_MINUS_avg": -0.5606060606060606,
    "PLUS_MINUS_total": -37,
    "FG_PCT": 0.5077881619937694,
    "FG3_PCT": 0.32432432432432434,
    "FT_PCT": 0.859375,
    "games_played": 66
  }
}