{
  "season_stats": {
    "MIN_avg": 22.132075471698112,
    "MIN_total": 1173,
    "FGM_avg": 2.5660377358490565,
    "FGM_total": 136,
    "FGA_avg": 6.132075471698113,
    "FGA_total": 325,
    "FG3M_avg": 0.8113207547169812,
    "FG3M_total": 43,
    "FG3A_avg": 2.849056603773585,
    "FG3A_total": 151,
    "FTM_avg": 0.8113207547169812,
    "FTM_total": 43,
    "FTA_avg": 1.150943396226415,
    "FTA_total": 61,
    "OREB_avg": 1.0,
    "OREB_total": 53,
    "DREB_avg": 3.2264150943396226,
    "DREB_total": 171,
    "REB_avg": 4.226415094339623,
    "REB_total": 224,
    "AST_avg": 1.9811320754716981,
    "AST_total": 105,
    "STL_avg": 1.0566037735849056,
    "STL_total": 56,
    "BLK_avg": 0.6037735849056604,
    "BLK_total": 32,
    "TOV_avg": 0.9622641509433962,
    "TOV_total": 51,
    "PF_avg": 1.7924528301886793,
    "PF_total": 95,
    "PTS_avg": 6.754716981132075,
    "PTS_total": 358,
    "PLUS_MINUS_avg": -1.9811320754716981,
    "PLUS_MINUS_total": -105,
    "FG_PCT": 0.41846153846153844,
    "FG3_PCT": 0.2847682119205298,
    "FT_PCT": 0.7049180327868853,
    "games_played": 53
  }
}