{
  "season_stats": {
    "MIN_avg": 25.887096774193548,
    "MIN_total": 1605,
    "FGM_avg": 4.032258064516129,
    "FGM_total": 250,
    "FGA_avg": 9.564516129032258,
    "FGA_total": 593,
    "FG3M_avg": 2.806451612903226,
    "FG3M_total": 174,
    "FG3A_avg": 7.064516129032258,
    "FG3A_total": 438,
    "FTM_avg": 0.7903225806451613,
    "FTM_total": 49,
    "FTA_avg": 1.0161290322580645,
    "FTA_total": 63,
    "OREB_avg": 0.5161290322580645,
    "OREB_total": 32,
    "DREB_avg": 3.161290322580645,
    "DREB_total": 196,
    "REB_avg": 3.6774193548387095,
    "REB_total": 228,
    "AST_avg": 3.629032258064516,
    "AST_total": 225,
    "STL_avg": 1.1774193548387097,
    "STL_total": 73,
    "BLK_avg": 0.27419354838709675,
    "BLK_total": 17,
    "TOV_avg": 1.596774193548387,
    "TOV_total": 99,
    "PF_avg": 1.8387096774193548,
    "PF_total": 114,
    "PTS_avg": 11.661290322580646,
    "PTS_total": 723,
    "PLUS_MINUS_avg": 2.806451612903226,
    "PLUS_MINUS_total": 174,
    "FG_PCT": 0.42158516020236086,
    "FG3_PCT": 0.3972602739726027,
    "FT_PCT": 0.7777777777777778,
    "games_played": 62
  }
}