{
  "season_stats": {
    "MIN_avg": 34.1578947368421,
    "MIN_total": 2596,
    "FGM_avg": 11.31578947368421,
    "FGM_total": 860,
    "FGA_avg": 21.789473684210527,
    "FGA_total": 1656,
    "FG3M_avg": 2.1447368421052633,
    "FG3M_total": 163,
    "FG3A_avg": 5.723684210526316,
    "FG3A_total": 435,
    "FTM_avg": 7.907894736842105,
    "FTM_total": 601,
    "FTA_avg": 8.802631578947368,
    "FTA_total": 669,
    "OREB_avg": 0.881578947368421,
    "OREB_total": 67,
    "DREB_avg": 4.105263157894737,
    "DREB_total": 312,
    "REB_avg": 4.9868421052631575,
    "REB_total": 379,
    "AST_avg": 6.394736842105263,
    "AST_total": 486,
    "STL_avg": 1.7236842105263157,
    "STL_total": 131,
    "BLK_avg": 1.013157894736842,
    "BLK_total": 77,
    "TOV_avg": 2.4078947368421053,
    "TOV_total": 183,
    "PF_avg": 2.1578947368421053,
    "PF_total": 164,
    "PTS_avg": 32.68421052631579,
    "PTS_total": 2484,
    "PLUS_MINUS_avg": 12.078947368421053,
    "PLUS_MINUS_total": 918,
    "FG_PCT": 0.5193236714975845,
    "FG3_PCT": 0.37471264367816093,
    "FT_PCT": 0.898355754857997,
    "games_played": 76
  }
}