{
  "season_stats": {
    "MIN_avg": 31.382978723404257,
    "MIN_total": 1475,
    "FGM_avg": 6.297872340425532,
    "FGM_total": 296,
    "FGA_avg": 14.893617021276595,
    "FGA_total": 700,
    "FG3M_avg": 2.9361702127659575,
    "FG3M_total": 138,
    "FG3A_avg": 8.48936170212766,
    "FG3A_total": 399,
    "FTM_avg": 3.4468085106382977,
    "FTM_total": 162,
    "FTA_avg": 3.9361702127659575,
    "FTA_total": 185,
    "OREB_avg": 1.5319148936170213,
    "OREB_total": 72,
    "DREB_avg": 4.382978723404255,
    "DREB_total": 206,
    "REB_avg": 5.914893617021277,
    "REB_total": 278,
    "AST_avg": 1.4893617021276595,
    "AST_total": 70,
    "STL_avg": 0.7021276595744681,
    "STL_total": 33,
    "BLK_avg": 0.3617021276595745,
    "BLK_total": 17,
    "TOV_avg": 1.4042553191489362,
    "TOV_total": 66,
    "PF_avg": 1.6808510638297873,
    "PF_total": 79,
    "PTS_avg": 18.97872340425532,
    "PTS_total": 892,
    "PLUS_MINUS_avg": -3.9574468085106385,
    "PLUS_MINUS_total": -186,
    "FG_PCT": 0.4228571428571429,
    "FG3_PCT": 0.3458646616541353,
    "FT_PCT": 0.8756756756756757,
    "games_played": 47
  }
}