{
  "season_stats": {
    "MIN_avg": 37.61038961038961,
    "MIN_total": 2896,
    "FGM_avg": 5.246753246753247,
    "FGM_total": 404,
    "FGA_avg": 10.0,
    "FGA_total": 770,
    "FG3M_avg": 1.0909090909090908,
    "FG3M_total": 84,
    "FG3A_avg": 3.272727272727273,
    "FG3A_total": 252,
    "FTM_avg": 2.064935064935065,
    "FTM_total": 159,
    "FTA_avg": 2.6623376623376624,
    "FTA_total": 205,
    "OREB_avg": 2.090909090909091,
    "OREB_total": 161,
    "DREB_avg": 7.48051948051948,
    "DREB_total": 576,
    "REB_avg": 9.571428571428571,
    "REB_total": 737,
    "AST_avg": 5.883116883116883,
    "AST_total": 453,
    "STL_avg": 1.5454545454545454,
    "STL_total": 119,
    "BLK_avg": 0.35064935064935066,
    "BLK_total": 27,
    "TOV_avg": 2.051948051948052,
    "TOV_total": 158,
    "PF_avg": 2.6103896103896105,
    "PF_total": 201,
    "PTS_avg": 13.64935064935065,
    "PTS_total": 1051,
    "PLUS_MINUS_avg": 2.6363636363636362,
    "PLUS_MINUS_total": 203,
    "FG_PCT": 0.5246753246753246,
    "FG3_PCT": 0.3333333333333333,
    "FT_PCT": 0.775609756097561,
    "games_played": 77
  }
}