{
  "season_stats": {
    "MIN_avg": 12.9375,
    "MIN_total": 414,
    "FGM_avg": 1.625,
    "FGM_total": 52,
    "FGA_avg": 3.5,
    "FGA_total": 112,
    "FG3M_avg": 0.46875,
    "FG3M_total": 15,
    "FG3A_avg": 1.6875,
    "FG3A_total": 54,
    "FTM_avg": 0.59375,
    "FTM_total": 19,
    "FTA_avg": 0.84375,
    "FTA_total": 27,
    "OREB_avg": 1.0,
    "OREB_total": 32,
    "DREB_avg": 3.53125,
    "DREB_total": 113,
    "REB_avg": 4.53125,
    "REB_total": 145,
    "AST_avg": 0.5625,
    "AST_total": 18,
    "STL_avg": 0.28125,
    "STL_total": 9,
    "BLK_avg": 0.96875,
    "BLK_total": 31,
    "TOV_avg": 0.625,
    "TOV_total": 20,
    "PF_avg": 1.75,
    "PF_total": 56,
    "PTS_avg": 4.3125,
    "PTS_total": 138,
    "PLUS_MINUS_avg": -2.34375,
    "PLUS_MINUS_total": -75,
    "FG_PCT": 0.4642857142857143,
    "FG3_PCT": 0.2777777777777778,
    "FT_PCT": 0.7037037037037037,
    "games_played": 32
  }
}