{
  "season_stats": {
    "MIN_avg": 4.0,
    "MIN_total": 36,
    "FGM_avg": 0.2222222222222222,
    "FGM_total": 2,
    "FGA_avg": 0.3333333333333333,
    "FGA_total": 3,
    "FG3M_avg": 0.2222222222222222,
    "FG3M_total": 2,
    "FG3A_avg": 0.3333333333333333,
    "FG3A_total": 3,
    "FTM_avg": 0.1111111111111111,
    "FTM_total": 1,
    "FTA_avg": 0.6666666666666666,
    "FTA_total": 6,
    "OREB_avg": 0.1111111111111111,
    "OREB_total": 1,
    "DREB_avg": 0.4444444444444444,
    "DREB_total": 4,
    "REB_avg": 0.5555555555555556,
    "REB_total": 5,
    "AST_avg": 0.5555555555555556,
    "AST_total": 5,
    "STL_avg": 0.1111111111111111,
    "STL_total": 1,
    "BLK_avg": 0.0,
    "BLK_total": 0,
    "TOV_avg": 0.1111111111111111,
    "TOV_total": 1,
    "PF_avg": 0.3333333333333333,
    "PF_total": 3,
    "PTS_avg": 0.7777777777777778,
    "PTS_total": 7,
    "PLUS_MINUS_avg": -0.4444444444444444,
    "PLUS_MINUS_total": -4,
    "FG_PCT": 0.6666666666666666,
    "FG3_PCT": 0.6666666666666666,
    "FT_PCT": 0.16666666666666666,
    "games_played": 9
  }
}