{
  "season_stats": {
    "MIN_avg": 8.714285714285714,
    "MIN_total": 183,
    "FGM_avg": 1.3333333333333333,
    "FGM_total": 28,
    "FGA_avg": 3.1904761904761907,
    "FGA_total": 67,
    "FG3M_avg": 0.19047619047619047,
    "FG3M_total": 4,
    "FG3A_avg": 0.38095238095238093,
    "FG3A_total": 8,
    "FTM_avg": 0.047619047619047616,
    "FTM_total": 1,
    "FTA_avg": 0.047619047619047616,
    "FTA_total": 1,
    "OREB_avg": 0.2857142857142857,
    "OREB_total": 6,
    "DREB_avg": 0.6666666666666666,
    "DREB_total": 14,
    "REB_avg": 0.9523809523809523,
    "REB_total": 20,
    "AST_avg": 1.2857142857142858,
    "AST_total": 27,
    "STL_avg": 0.47619047619047616,
    "STL_total": 10,
    "BLK_avg": 0.09523809523809523,
    "BLK_total": 2,
    "TOV_avg": 0.7142857142857143,
    "TOV_total": 15,
    "PF_avg": 0.5714285714285714,
    "PF_total": 12,
    "PTS_avg": 2.9047619047619047,
    "PTS_total": 61,
    "PLUS_MINUS_avg": 0.23809523809523808,
    "PLUS_MINUS_total": 5,
    "FG_PCT": 0.417910447761194,
    "FG3_PCT": 0.5,
    "FT_PCT": 1.0,
    "games_played": 21
  }
}