{
  "season_stats": {
    "MIN_avg": 8.071428571428571,
    "MIN_total": 113,
    "FGM_avg": 2.0714285714285716,
    "FGM_total": 29,
    "FGA_avg": 3.2142857142857144,
    "FGA_total": 45,
    "FG3M_avg": 0.07142857142857142,
    "FG3M_total": 1,
    "FG3A_avg": 0.21428571428571427,
    "FG3A_total": 3,
    "FTM_avg": 0.14285714285714285,
    "FTM_total": 2,
    "FTA_avg": 0.42857142857142855,
    "FTA_total": 6,
    "OREB_avg": 1.2857142857142858,
    "OREB_total": 18,
    "DREB_avg": 1.7142857142857142,
    "DREB_total": 24,
    "REB_avg": 3.0,
    "REB_total": 42,
    "AST_avg": 0.42857142857142855,
    "AST_total": 6,
    "STL_avg": 0.14285714285714285,
    "STL_total": 2,
    "BLK_avg": 0.6428571428571429,
    "BLK_total": 9,
    "TOV_avg": 0.35714285714285715,
    "TOV_total": 5,
    "PF_avg": 0.7857142857142857,
    "PF_total": 11,
    "PTS_avg": 4.357142857142857,
    "PTS_total": 61,
    "PLUS_MINUS_avg": 3.142857142857143,
    "PLUS_MINUS_total": 44,
    "FG_PCT": 0.6444444444444445,
    "FG3_PCT": 0.3333333333333333,
    "FT_PCT": 0.3333333333333333,
    "games_played": 14
  }
}