{
  "season_stats": {
    "MIN_avg": 8.64516129032258,
    "MIN_total": 268,
    "FGM_avg": 1.7741935483870968,
    "FGM_total": 55,
    "FGA_avg": 3.4193548387096775,
    "FGA_total": 106,
    "FG3M_avg": 0.0967741935483871,
    "FG3M_total": 3,
    "FG3A_avg": 0.6129032258064516,
    "FG3A_total": 19,
    "FTM_avg": 0.7419354838709677,
    "FTM_total": 23,
    "FTA_avg": 1.1290322580645162,
    "FTA_total": 35,
    "OREB_avg": 1.2258064516129032,
    "OREB_total": 38,
    "DREB_avg": 1.4838709677419355,
    "DREB_total": 46,
    "REB_avg": 2.7096774193548385,
    "REB_total": 84,
    "AST_avg": 0.3548387096774194,
    "AST_total": 11,
    "STL_avg": 0.2903225806451613,
    "STL_total": 9,
    "BLK_avg": 0.25806451612903225,
    "BLK_total": 8,
    "TOV_avg": 0.3870967741935484,
    "TOV_total": 12,
    "PF_avg": 0.5806451612903226,
    "PF_total": 18,
    "PTS_avg": 4.387096774193548,
    "PTS_total": 136,
    "PLUS_MINUS_avg": -0.3225806451612903,
    "PLUS_MINUS_total": -10,
    "FG_PCT": 0.5188679245283019,
    "FG3_PCT": 0.15789473684210525,
    "FT_PCT": 0.6571428571428571,
    "games_played": 31
  }
}