{
  "season_stats": {
    "MIN_avg": 36.43055555555556,
    "MIN_total": 2623,
    "FGM_avg": 9.194444444444445,
    "FGM_total": 662,
    "FGA_avg": 20.34722222222222,
    "FGA_total": 1465,
    "FG3M_avg": 3.4722222222222223,
    "FG3M_total": 250,
    "FG3A_avg": 10.11111111111111,
    "FG3A_total": 728,
    "FTM_avg": 4.972222222222222,
    "FTM_total": 358,
    "FTA_avg": 6.111111111111111,
    "FTA_total": 440,
    "OREB_avg": 0.6666666666666666,
    "OREB_total": 48,
    "DREB_avg": 7.986111111111111,
    "DREB_total": 575,
    "REB_avg": 8.652777777777779,
    "REB_total": 623,
    "AST_avg": 5.986111111111111,
    "AST_total": 431,
    "STL_avg": 1.0555555555555556,
    "STL_total": 76,
    "BLK_avg": 0.5277777777777778,
    "BLK_total": 38,
    "TOV_avg": 2.9027777777777777,
    "TOV_total": 209,
    "PF_avg": 2.1805555555555554,
    "PF_total": 157,
    "PTS_avg": 26.833333333333332,
    "PTS_total": 1932,
    "PLUS_MINUS_avg": 7.416666666666667,
    "PLUS_MINUS_total": 534,
    "FG_PCT": 0.451877133105802,
    "FG3_PCT": 0.3434065934065934,
    "FT_PCT": 0.8136363636363636,
    "games_played": 72
  }
}