{
  "season_stats": {
    "MIN_avg": 8.529411764705882,
    "MIN_total": 145,
    "FGM_avg": 1.5294117647058822,
    "FGM_total": 26,
    "FGA_avg": 2.8823529411764706,
    "FGA_total": 49,
    "FG3M_avg": 0.0,
    "FG3M_total": 0,
    "FG3A_avg": 0.0,
    "FG3A_total": 0,
    "FTM_avg": 0.35294117647058826,
    "FTM_total": 6,
    "FTA_avg": 0.47058823529411764,
    "FTA_total": 8,
    "OREB_avg": 1.2352941176470589,
    "OREB_total": 21,
    "DREB_avg": 1.7647058823529411,
    "DREB_total": 30,
    "REB_avg": 3.0,
    "REB_total": 51,
    "AST_avg": 1.0588235294117647,
    "AST_total": 18,
    "STL_avg": 0.23529411764705882,
    "STL_total": 4,
    "BLK_avg": 0.5294117647058824,
    "BLK_total": 9,
    "TOV_avg": 0.8235294117647058,
    "TOV_total": 14,
    "PF_avg": 1.588235294117647,
    "PF_total": 27,
    "PTS_avg": 3.411764705882353,
    "PTS_total": 58,
    "PLUS_MINUS_avg": -1.2352941176470589,
    "PLUS_MINUS_total": -21,
    "FG_PCT": 0.5306122448979592,
    "FG3_PCT": 0.0,
    "FT_PCT": 0.75,
    "games_played": 17
  }
}