{
  "season_stats": {
    "MIN_avg": 15.328125,
    "MIN_total": 981,
    "FGM_avg": 2.390625,
    "FGM_total": 153,
    "FGA_avg": 4.71875,
    "FGA_total": 302,
    "FG3M_avg": 0.5,
    "FG3M_total": 32,
    "FG3A_avg": 1.65625,
    "FG3A_total": 106,
    "FTM_avg": 1.078125,
    "FTM_total": 69,
    "FTA_avg": 1.21875,
    "FTA_total": 78,
    "OREB_avg": 1.59375,
    "OREB_total": 102,
    "DREB_avg": 2.90625,
    "DREB_total": 186,
    "REB_avg": 4.5,
    "REB_total": 288,
    "AST_avg": 1.734375,
    "AST_total": 111,
    "STL_avg": 0.453125,
    "STL_total": 29,
    "BLK_avg": 0.453125,
    "BLK_total": 29,
    "TOV_avg": 0.9375,
    "TOV_total": 60,
    "PF_avg": 2.0625,
    "PF_total": 132,
    "PTS_avg": 6.359375,
    "PTS_total": 407,
    "PLUS_MINUS_avg": -0.453125,
    "PLUS_MINUS_total": -29,
    "FG_PCT": 0.5066225165562914,
    "FG3_PCT": 0.3018867924528302,
    "FT_PCT": 0.8846153846153846,
    "games_played": 64
  }
}