{
  "season_stats": {
    "MIN_avg": 25.88235294117647,
    "MIN_total": 1760,
    "FGM_avg": 3.323529411764706,
    "FGM_total": 226,
    "FGA_avg": 7.220588235294118,
    "FGA_total": 491,
    "FG3M_avg": 0.5441176470588235,
    "FG3M_total": 37,
    "FG3A_avg": 2.323529411764706,
    "FG3A_total": 158,
    "FTM_avg": 1.8970588235294117,
    "FTM_total": 129,
    "FTA_avg": 2.573529411764706,
    "FTA_total": 175,
    "OREB_avg": 2.2205882352941178,
    "OREB_total": 151,
    "DREB_avg": 5.014705882352941,
    "DREB_total": 341,
    "REB_avg": 7.235294117647059,
    "REB_total": 492,
    "AST_avg": 1.9705882352941178,
    "AST_total": 134,
    "STL_avg": 0.7647058823529411,
    "STL_total": 52,
    "BLK_avg": 0.6029411764705882,
    "BLK_total": 41,
    "TOV_avg": 1.1323529411764706,
    "TOV_total": 77,
    "PF_avg": 2.926470588235294,
    "PF_total": 199,
    "PTS_avg": 9.088235294117647,
    "PTS_total": 618,
    "PLUS_MINUS_avg": -0.19117647058823528,
    "PLUS_MINUS_total": -13,
    "FG_PCT": 0.46028513238289204,
    "FG3_PCT": 0.23417721518987342,
    "FT_PCT": 0.7371428571428571,
    "games_played": 68
  }
}