{
  "season_stats": {
    "MIN_avg": 31.703125,
    "MIN_total": 2029,
    "FGM_avg": 7.328125,
    "FGM_total": 469,
    "FGA_avg": 17.015625,
    "FGA_total": 1089,
    "FG3M_avg": 2.203125,
    "FG3M_total": 141,
    "FG3A_avg": 7.03125,
    "FG3A_total": 450,
    "FTM_avg": 3.453125,
    "FTM_total": 221,
    "FTA_avg": 3.96875,
    "FTA_total": 254,
    "OREB_avg": 1.125,
    "OREB_total": 72,
    "DREB_avg": 6.390625,
    "DREB_total": 409,
    "REB_avg": 7.515625,
    "REB_total": 481,
    "AST_avg": 3.875,
    "AST_total": 248,
    "STL_avg": 0.6875,
    "STL_total": 44,
    "BLK_avg": 0.703125,
    "BLK_total": 45,
    "TOV_avg": 2.125,
    "TOV_total": 136,
    "PF_avg": 1.453125,
    "PF_total": 93,
    "PTS_avg": 20.3125,
    "PTS_total": 1300,
    "PLUS_MINUS_avg": -4.046875,
    "PLUS_MINUS_total": -259,
    "FG_PCT": 0.43067033976124885,
    "FG3_PCT": 0.31333333333333335,
    "FT_PCT": 0.8700787401574803,
    "games_played": 64
  }
}