{
  "season_stats": {
    "MIN_avg": 27.87719298245614,
    "MIN_total": 1589,
    "FGM_avg": 4.894736842105263,
    "FGM_total": 279,
    "FGA_avg": 8.421052631578947,
    "FGA_total": 480,
    "FG3M_avg": 0.0,
    "FG3M_total": 0,
    "FG3A_avg": 0.3333333333333333,
    "FG3A_total": 19,
    "FTM_avg": 1.3859649122807018,
    "FTM_total": 79,
    "FTA_avg": 2.0526315789473686,
    "FTA_total": 117,
    "OREB_avg": 2.8596491228070176,
    "OREB_total": 163,
    "DREB_avg": 7.859649122807017,
    "DREB_total": 448,
    "REB_avg": 10.719298245614034,
    "REB_total": 611,
    "AST_avg": 3.8421052631578947,
    "AST_total": 219,
    "STL_avg": 0.8245614035087719,
    "STL_total": 47,
    "BLK_avg": 1.087719298245614,
    "BLK_total": 62,
    "TOV_avg": 1.6842105263157894,
    "TOV_total": 96,
    "PF_avg": 3.0,
    "PF_total": 171,
    "PTS_avg": 11.175438596491228,
    "PTS_total": 637,
    "PLUS_MINUS_avg": 7.315789473684211,
    "PLUS_MINUS_total": 417,
    "FG_PCT": 0.58125,
    "FG3_PCT": 0.0,
    "FT_PCT": 0.6752136752136753,
    "games_played": 57
  }
}