{
  "season_stats": {
    "MIN_avg": 18.735294117647058,
    "MIN_total": 637,
    "FGM_avg": 1.088235294117647,
    "FGM_total": 37,
    "FGA_avg": 2.823529411764706,
    "FGA_total": 96,
    "FG3M_avg": 0.38235294117647056,
    "FG3M_total": 13,
    "FG3A_avg": 1.4411764705882353,
    "FG3A_total": 49,
    "FTM_avg": 0.47058823529411764,
    "FTM_total": 16,
    "FTA_avg": 0.6176470588235294,
    "FTA_total": 21,
    "OREB_avg": 0.7352941176470589,
    "OREB_total": 25,
    "DREB_avg": 2.0588235294117645,
    "DREB_total": 70,
    "REB_avg": 2.7941176470588234,
    "REB_total": 95,
    "AST_avg": 1.2647058823529411,
    "AST_total": 43,
    "STL_avg": 0.2647058823529412,
    "STL_total": 9,
    "BLK_avg": 0.5,
    "BLK_total": 17,
    "TOV_avg": 0.6764705882352942,
    "TOV_total": 23,
    "PF_avg": 1.9411764705882353,
    "PF_total": 66,
    "PTS_avg": 3.0294117647058822,
    "PTS_total": 103,
    "PLUS_MINUS_avg": -0.5,
    "PLUS_MINUS_total": -17,
    "FG_PCT": 0.3854166666666667,
    "FG3_PCT": 0.2653061224489796,
    "FT_PCT": 0.7619047619047619,
    "games_played": 34
  }
}