{
  "season_stats": {
    "MIN_avg": 12.790322580645162,
    "MIN_total": 793,
    "FGM_avg": 1.8870967741935485,
    "FGM_total": 117,
    "FGA_avg": 4.32258064516129,
    "FGA_total": 268,
    "FG3M_avg": 1.1612903225806452,
    "FG3M_total": 72,
    "FG3A_avg": 2.9193548387096775,
    "FG3A_total": 181,
    "FTM_avg": 0.5483870967741935,
    "FTM_total": 34,
    "FTA_avg": 0.6612903225806451,
    "FTA_total": 41,
    "OREB_avg": 0.20967741935483872,
    "OREB_total": 13,
    "DREB_avg": 1.0483870967741935,
    "DREB_total": 65,
    "REB_avg": 1.2580645161290323,
    "REB_total": 78,
    "AST_avg": 1.3387096774193548,
    "AST_total": 83,
    "STL_avg": 0.3064516129032258,
    "STL_total": 19,
    "BLK_avg": 0.1774193548387097,
    "BLK_total": 11,
    "TOV_avg": 0.5967741935483871,
    "TOV_total": 37,
    "PF_avg": 1.032258064516129,
    "PF_total": 64,
    "PTS_avg": 5.483870967741935,
    "PTS_total": 340,
    "PLUS_MINUS_avg": 1.4193548387096775,
    "PLUS_MINUS_total": 88,
    "FG_PCT": 0.43656716417910446,
    "FG3_PCT": 0.39779005524861877,
    "FT_PCT": 0.8292682926829268,
    "games_played": 62
  }
}