{
  "season_stats": {
    "MIN_avg": 22.630769230769232,
    "MIN_total": 1471,
    "FGM_avg": 3.169230769230769,
    "FGM_total": 206,
    "FGA_avg": 6.630769230769231,
    "FGA_total": 431,
    "FG3M_avg": 1.7384615384615385,
    "FG3M_total": 113,
    "FG3A_avg": 4.015384615384615,
    "FG3A_total": 261,
    "FTM_avg": 0.7846153846153846,
    "FTM_total": 51,
    "FTA_avg": 0.8769230769230769,
    "FTA_total": 57,
    "OREB_avg": 0.5692307692307692,
    "OREB_total": 37,
    "DREB_avg": 2.246153846153846,
    "DREB_total": 146,
    "REB_avg": 2.8153846153846156,
    "REB_total": 183,
    "AST_avg": 3.3076923076923075,
    "AST_total": 215,
    "STL_avg": 0.7692307692307693,
    "STL_total": 50,
    "BLK_avg": 0.07692307692307693,
    "BLK_total": 5,
    "TOV_avg": 1.1076923076923078,
    "TOV_total": 72,
    "PF_avg": 0.9076923076923077,
    "PF_total": 59,
    "PTS_avg": 8.861538461538462,
    "PTS_total": 576,
    "PLUS_MINUS_avg": 1.876923076923077,
    "PLUS_MINUS_total": 122,
    "FG_PCT": 0.4779582366589327,
    "FG3_PCT": 0.4329501915708812,
    "FT_PCT": 0.8947368421052632,
    "games_played": 65
  }
}