{
  "season_stats": {
    "MIN_avg": 29.784615384615385,
    "MIN_total": 1936,
    "FGM_avg": 5.6923076923076925,
    "FGM_total": 370,
    "FGA_avg": 13.046153846153846,
    "FGA_total": 848,
    "FG3M_avg": 1.476923076923077,
    "FG3M_total": 96,
    "FG3A_avg": 4.815384615384615,
    "FG3A_total": 313,
    "FTM_avg": 1.9692307692307693,
    "FTM_total": 128,
    "FTA_avg": 3.1076923076923078,
    "FTA_total": 202,
    "OREB_avg": 0.8307692307692308,
    "OREB_total": 54,
    "DREB_avg": 4.861538461538461,
    "DREB_total": 316,
    "REB_avg": 5.6923076923076925,
    "REB_total": 370,
    "AST_avg": 2.3384615384615386,
    "AST_total": 152,
    "STL_avg": 0.5538461538461539,
    "STL_total": 36,
    "BLK_avg": 0.2923076923076923,
    "BLK_total": 19,
    "TOV_avg": 2.246153846153846,
    "TOV_total": 146,
    "PF_avg": 1.8307692307692307,
    "PF_total": 119,
    "PTS_avg": 14.830769230769231,
    "PTS_total": 964,
    "PLUS_MINUS_avg": -6.446153846153846,
    "PLUS_MINUS_total": -419,
    "FG_PCT": 0.4363207547169811,
    "FG3_PCT": 0.30670926517571884,
    "FT_PCT": 0.6336633663366337,
    "games_played": 65
  }
}