{
  "season_stats": {
    "MIN_avg": 36.16129032258065,
    "MIN_total": 2242,
    "FGM_avg": 8.693548387096774,
    "FGM_total": 539,
    "FGA_avg": 18.758064516129032,
    "FGA_total": 1163,
    "FG3M_avg": 1.903225806451613,
    "FG3M_total": 118,
    "FG3A_avg": 6.145161290322581,
    "FG3A_total": 381,
    "FTM_avg": 4.241935483870968,
    "FTM_total": 263,
    "FTA_avg": 5.129032258064516,
    "FTA_total": 318,
    "OREB_avg": 0.8709677419354839,
    "OREB_total": 54,
    "DREB_avg": 3.935483870967742,
    "DREB_total": 244,
    "REB_avg": 4.806451612903226,
    "REB_total": 298,
    "AST_avg": 6.32258064516129,
    "AST_total": 392,
    "STL_avg": 1.467741935483871,
    "STL_total": 91,
    "BLK_avg": 0.4032258064516129,
    "BLK_total": 25,
    "TOV_avg": 2.806451612903226,
    "TOV_total": 174,
    "PF_avg": 2.6451612903225805,
    "PF_total": 164,
    "PTS_avg": 23.532258064516128,
    "PTS_total": 1459,
    "PLUS_MINUS_avg": -1.1129032258064515,
    "PLUS_MINUS_total": -69,
    "FG_PCT": 0.46345657781599314,
    "FG3_PCT": 0.30971128608923887,
    "FT_PCT": 0.8270440251572327,
    "games_played": 62
  }
}