{
  "season_stats": {
    "MIN_avg": 31.408450704225352,
    "MIN_total": 2230,
    "FGM_avg": 8.23943661971831,
    "FGM_total": 585,
    "FGA_avg": 18.591549295774648,
    "FGA_total": 1320,
    "FG3M_avg": 3.2816901408450705,
    "FG3M_total": 233,
    "FG3A_avg": 8.915492957746478,
    "FG3A_total": 633,
    "FTM_avg": 4.197183098591549,
    "FTM_total": 298,
    "FTA_avg": 5.098591549295775,
    "FTA_total": 362,
    "OREB_avg": 0.8028169014084507,
    "OREB_total": 57,
    "DREB_avg": 3.732394366197183,
    "DREB_total": 265,
    "REB_avg": 4.535211267605634,
    "REB_total": 322,
    "AST_avg": 4.985915492957746,
    "AST_total": 354,
    "STL_avg": 1.3380281690140845,
    "STL_total": 95,
    "BLK_avg": 0.23943661971830985,
    "BLK_total": 17,
    "TOV_avg": 2.0985915492957745,
    "TOV_total": 149,
    "PF_avg": 1.971830985915493,
    "PF_total": 140,
    "PTS_avg": 23.95774647887324,
    "PTS_total": 1701,
    "PLUS_MINUS_avg": 7.352112676056338,
    "PLUS_MINUS_total": 522,
    "FG_PCT": 0.4431818181818182,
    "FG3_PCT": 0.36808846761453395,
    "FT_PCT": 0.8232044198895028,
    "games_played": 71
  }
}