{
  "season_stats": {
    "MIN_avg": 33.828947368421055,
    "MIN_total": 2571,
    "FGM_avg": 5.578947368421052,
    "FGM_total": 424,
    "FGA_avg": 12.618421052631579,
    "FGA_total": 959,
    "FG3M_avg": 3.486842105263158,
    "FG3M_total": 265,
    "FG3A_avg": 9.092105263157896,
    "FG3A_total": 691,
    "FTM_avg": 1.7763157894736843,
    "FTM_total": 135,
    "FTA_avg": 2.1184210526315788,
    "FTA_total": 161,
    "OREB_avg": 0.881578947368421,
    "OREB_total": 67,
    "DREB_avg": 3.6052631578947367,
    "DREB_total": 274,
    "REB_avg": 4.4868421052631575,
    "REB_total": 341,
    "AST_avg": 4.75,
    "AST_total": 361,
    "STL_avg": 0.9473684210526315,
    "STL_total": 72,
    "BLK_avg": 1.0526315789473684,
    "BLK_total": 80,
    "TOV_avg": 1.7236842105263157,
    "TOV_total": 131,
    "PF_avg": 1.8157894736842106,
    "PF_total": 138,
    "PTS_avg": 16.42105263157895,
    "PTS_total": 1248,
    "PLUS_MINUS_avg": 7.105263157894737,
    "PLUS_MINUS_total": 540,
    "FG_PCT": 0.4421272158498436,
    "FG3_PCT": 0.3835021707670043,
    "FT_PCT": 0.8385093167701864,
    "games_played": 76
  }
}