{
  "season_stats": {
    "MIN_avg": 31.6,
    "MIN_total": 2054,
    "FGM_avg": 6.338461538461538,
    "FGM_total": 412,
    "FGA_avg": 14.446153846153846,
    "FGA_total": 939,
    "FG3M_avg": 2.1384615384615384,
    "FG3M_total": 139,
    "FG3A_avg": 6.584615384615384,
    "FG3A_total": 428,
    "FTM_avg": 2.3692307692307693,
    "FTM_total": 154,
    "FTA_avg": 2.7384615384615385,
    "FTA_total": 178,
    "OREB_avg": 0.46153846153846156,
    "OREB_total": 30,
    "DREB_avg": 3.3076923076923075,
    "DREB_total": 215,
    "REB_avg": 3.769230769230769,
    "REB_total": 245,
    "AST_avg": 5.569230769230769,
    "AST_total": 362,
    "STL_avg": 0.9384615384615385,
    "STL_total": 61,
    "BLK_avg": 0.5846153846153846,
    "BLK_total": 38,
    "TOV_avg": 2.4461538461538463,
    "TOV_total": 159,
    "PF_avg": 2.4307692307692306,
    "PF_total": 158,
    "PTS_avg": 17.184615384615384,
    "PTS_total": 1117,
    "PLUS_MINUS_avg": 1.7846153846153847,
    "PLUS_MINUS_total": 116,
    "FG_PCT": 0.4387646432374867,
    "FG3_PCT": 0.3247663551401869,
    "FT_PCT": 0.8651685393258427,
    "games_played": 65
  }
}