{
  "season_stats": {
    "MIN_avg": 18.485294117647058,
    "MIN_total": 1257,
    "FGM_avg": 1.8088235294117647,
    "FGM_total": 123,
    "FGA_avg": 4.220588235294118,
    "FGA_total": 287,
    "FG3M_avg": 0.6764705882352942,
    "FG3M_total": 46,
    "FG3A_avg": 2.073529411764706,
    "FG3A_total": 141,
    "FTM_avg": 0.8088235294117647,
    "FTM_total": 55,
    "FTA_avg": 1.1176470588235294,
    "FTA_total": 76,
    "OREB_avg": 0.8676470588235294,
    "OREB_total": 59,
    "DREB_avg": 2.338235294117647,
    "DREB_total": 159,
    "REB_avg": 3.2058823529411766,
    "REB_total": 218,
    "AST_avg": 0.8235294117647058,
    "AST_total": 56,
    "STL_avg": 0.9558823529411765,
    "STL_total": 65,
    "BLK_avg": 0.45588235294117646,
    "BLK_total": 31,
    "TOV_avg": 0.47058823529411764,
    "TOV_total": 32,
    "PF_avg": 1.4411764705882353,
    "PF_total": 98,
    "PTS_avg": 5.102941176470588,
    "PTS_total": 347,
    "PLUS_MINUS_avg": -3.1176470588235294,
    "PLUS_MINUS_total": -212,
    "FG_PCT": 0.42857142857142855,
    "FG3_PCT": 0.3262411347517731,
    "FT_PCT": 0.7236842105263158,
    "games_played": 68
  }
}