{
  "season_stats": {
    "MIN_avg": 20.5,
    "MIN_total": 1435,
    "FGM_avg": 2.9571428571428573,
    "FGM_total": 207,
    "FGA_avg": 4.8428571428571425,
    "FGA_total": 339,
    "FG3M_avg": 0.04285714285714286,
    "FG3M_total": 3,
    "FG3A_avg": 0.4,
    "FG3A_total": 28,
    "FTM_avg": 1.2142857142857142,
    "FTM_total": 85,
    "FTA_avg": 1.9,
    "FTA_total": 133,
    "OREB_avg": 2.3857142857142857,
    "OREB_total": 167,
    "DREB_avg": 4.228571428571429,
    "DREB_total": 296,
    "REB_avg": 6.614285714285714,
    "REB_total": 463,
    "AST_avg": 1.957142857142857,
    "AST_total": 137,
    "STL_avg": 0.7,
    "STL_total": 49,
    "BLK_avg": 1.4,
    "BLK_total": 98,
    "TOV_avg": 1.0285714285714285,
    "TOV_total": 72,
    "PF_avg": 2.142857142857143,
    "PF_total": 150,
    "PTS_avg": 7.171428571428572,
    "PTS_total": 502,
    "PLUS_MINUS_avg": 1.1428571428571428,
    "PLUS_MINUS_total": 80,
    "FG_PCT": 0.6106194690265486,
    "FG3_PCT": 0.10714285714285714,
    "FT_PCT": 0.6390977443609023,
    "games_played": 70
  }
}