{
  "season_stats": {
    "MIN_avg": 22.76595744680851,
    "MIN_total": 1070,
    "FGM_avg": 2.5106382978723403,
    "FGM_total": 118,
    "FGA_avg": 6.191489361702128,
    "FGA_total": 291,
    "FG3M_avg": 1.1702127659574468,
    "FG3M_total": 55,
    "FG3A_avg": 3.4893617021276597,
    "FG3A_total": 164,
    "FTM_avg": 0.5106382978723404,
    "FTM_total": 24,
    "FTA_avg": 0.6382978723404256,
    "FTA_total": 30,
    "OREB_avg": 0.7872340425531915,
    "OREB_total": 37,
    "DREB_avg": 2.0851063829787235,
    "DREB_total": 98,
    "REB_avg": 2.872340425531915,
    "REB_total": 135,
    "AST_avg": 1.127659574468085,
    "AST_total": 53,
    "STL_avg": 0.5531914893617021,
    "STL_total": 26,
    "BLK_avg": 0.5319148936170213,
    "BLK_total": 25,
    "TOV_avg": 0.7446808510638298,
    "TOV_total": 35,
    "PF_avg": 2.106382978723404,
    "PF_total": 99,
    "PTS_avg": 6.702127659574468,
    "PTS_total": 315,
    "PLUS_MINUS_avg": -5.872340425531915,
    "PLUS_MINUS_total": -276,
    "FG_PCT": 0.4054982817869416,
    "FG3_PCT": 0.3353658536585366,
    "FT_PCT": 0.8,
    "games_played": 47
  }
}