{
  "season_stats": {
    "MIN_avg": 20.733333333333334,
    "MIN_total": 311,
    "FGM_avg": 2.8,
    "FGM_total": 42,
    "FGA_avg": 5.866666666666666,
    "FGA_total": 88,
    "FG3M_avg": 1.4,
    "FG3M_total": 21,
    "FG3A_avg": 3.2,
    "FG3A_total": 48,
    "FTM_avg": 0.4666666666666667,
    "FTM_total": 7,
    "FTA_avg": 1.0,
    "FTA_total": 15,
    "OREB_avg": 0.9333333333333333,
    "OREB_total": 14,
    "DREB_avg": 2.533333333333333,
    "DREB_total": 38,
    "REB_avg": 3.466666666666667,
    "REB_total": 52,
    "AST_avg": 1.8666666666666667,
    "AST_total": 28,
    "STL_avg": 2.2,
    "STL_total": 33,
    "BLK_avg": 0.6,
    "BLK_total": 9,
    "TOV_avg": 0.8666666666666667,
    "TOV_total": 13,
    "PF_avg": 0.9333333333333333,
    "PF_total": 14,
    "PTS_avg": 7.466666666666667,
    "PTS_total": 112,
    "PLUS_MINUS_avg": 0.06666666666666667,
    "PLUS_MINUS_total": 1,
    "FG_PCT": 0.4772727272727273,
    "FG3_PCT": 0.4375,
    "FT_PCT": 0.4666666666666667,
    "games_played": 15
  }
}