{
  "season_stats": {
    "MIN_avg": 21.119402985074625,
    "MIN_total": 1415,
    "FGM_avg": 3.0597014925373136,
    "FGM_total": 205,
    "FGA_avg": 6.164179104477612,
    "FGA_total": 413,
    "FG3M_avg": 0.8955223880597015,
    "FG3M_total": 60,
    "FG3A_avg": 2.4328358208955225,
    "FG3A_total": 163,
    "FTM_avg": 0.7014925373134329,
    "FTM_total": 47,
    "FTA_avg": 1.0149253731343284,
    "FTA_total": 68,
    "OREB_avg": 1.0149253731343284,
    "OREB_total": 68,
    "DREB_avg": 1.955223880597015,
    "DREB_total": 131,
    "REB_avg": 2.970149253731343,
    "REB_total": 199,
    "AST_avg": 1.8059701492537314,
    "AST_total": 121,
    "STL_avg": 0.7014925373134329,
    "STL_total": 47,
    "BLK_avg": 0.22388059701492538,
    "BLK_total": 15,
    "TOV_avg": 0.7014925373134329,
    "TOV_total": 47,
    "PF_avg": 1.9104477611940298,
    "PF_total": 128,
    "PTS_avg": 7.7164179104477615,
    "PTS_total": 517,
    "PLUS_MINUS_avg": -1.4179104477611941,
    "PLUS_MINUS_total": -95,
    "FG_PCT": 0.4963680387409201,
    "FG3_PCT": 0.36809815950920244,
    "FT_PCT": 0.6911764705882353,
    "games_played": 67
  }
}