{
  "season_stats": {
    "MIN_avg": 29.9375,
    "MIN_total": 479,
    "FGM_avg": 3.375,
    "FGM_total": 54,
    "FGA_avg": 7.6875,
    "FGA_total": 123,
    "FG3M_avg": 1.6875,
    "FG3M_total": 27,
    "FG3A_avg": 4.625,
    "FG3A_total": 74,
    "FTM_avg": 1.9375,
    "FTM_total": 31,
    "FTA_avg": 2.3125,
    "FTA_total": 37,
    "OREB_avg": 1.125,
    "OREB_total": 18,
    "DREB_avg": 4.0,
    "DREB_total": 64,
    "REB_avg": 5.125,
    "REB_total": 82,
    "AST_avg": 2.3125,
    "AST_total": 37,
    "STL_avg": 1.125,
    "STL_total": 18,
    "BLK_avg": 0.8125,
    "BLK_total": 13,
    "TOV_avg": 1.75,
    "TOV_total": 28,
    "PF_avg": 2.875,
    "PF_total": 46,
    "PTS_avg": 10.375,
    "PTS_total": 166,
    "PLUS_MINUS_avg": 0.625,
    "PLUS_MINUS_total": 10,
    "FG_PCT": 0.43902439024390244,
    "FG3_PCT": 0.36486486486486486,
    "FT_PCT": 0.8378378378378378,
    "games_played": 16
  }
}