{
  "season_stats": {
    "MIN_avg": 32.1578947368421,
    "MIN_total": 1833,
    "FGM_avg": 5.280701754385965,
    "FGM_total": 301,
    "FGA_avg": 11.666666666666666,
    "FGA_total": 665,
    "FG3M_avg": 1.5964912280701755,
    "FG3M_total": 91,
    "FG3A_avg": 4.192982456140351,
    "FG3A_total": 239,
    "FTM_avg": 2.508771929824561,
    "FTM_total": 143,
    "FTA_avg": 3.473684210526316,
    "FTA_total": 198,
    "OREB_avg": 1.4385964912280702,
    "OREB_total": 82,
    "DREB_avg": 6.315789473684211,
    "DREB_total": 360,
    "REB_avg": 7.754385964912281,
    "REB_total": 442,
    "AST_avg": 2.2982456140350878,
    "AST_total": 131,
    "STL_avg": 1.105263157894737,
    "STL_total": 63,
    "BLK_avg": 1.0526315789473684,
    "BLK_total": 60,
    "TOV_avg": 2.0701754385964914,
    "TOV_total": 118,
    "PF_avg": 2.2982456140350878,
    "PF_total": 131,
    "PTS_avg": 14.666666666666666,
    "PTS_total": 836,
    "PLUS_MINUS_avg": 0.8596491228070176,
    "PLUS_MINUS_total": 49,
    "FG_PCT": 0.45263157894736844,
    "FG3_PCT": 0.3807531380753138,
    "FT_PCT": 0.7222222222222222,
    "games_played": 57
  }
}