{
  "season_stats": {
    "MIN_avg": 27.21875,
    "MIN_total": 1742,
    "FGM_avg": 5.59375,
    "FGM_total": 358,
    "FGA_avg": 11.90625,
    "FGA_total": 762,
    "FG3M_avg": 2.453125,
    "FG3M_total": 157,
    "FG3A_avg": 6.0625,
    "FG3A_total": 388,
    "FTM_avg": 3.359375,
    "FTM_total": 215,
    "FTA_avg": 3.96875,
    "FTA_total": 254,
    "OREB_avg": 0.6875,
    "OREB_total": 44,
    "DREB_avg": 3.34375,
    "DREB_total": 214,
    "REB_avg": 4.03125,
    "REB_total": 258,
    "AST_avg": 1.4375,
    "AST_total": 92,
    "STL_avg": 0.78125,
    "STL_total": 50,
    "BLK_avg": 0.203125,
    "BLK_total": 13,
    "TOV_avg": 1.28125,
    "TOV_total": 82,
    "PF_avg": 2.421875,
    "PF_total": 155,
    "PTS_avg": 17.0,
    "PTS_total": 1088,
    "PLUS_MINUS_avg": 1.375,
    "PLUS_MINUS_total": 88,
    "FG_PCT": 0.46981627296587924,
    "FG3_PCT": 0.40463917525773196,
    "FT_PCT": 0.8464566929133859,
    "games_played": 64
  }
}