{
  "season_stats": {
    "MIN_avg": 17.848484848484848,
    "MIN_total": 589,
    "FGM_avg": 1.1515151515151516,
    "FGM_total": 38,
    "FGA_avg": 2.8484848484848486,
    "FGA_total": 94,
    "FG3M_avg": 0.3939393939393939,
    "FG3M_total": 13,
    "FG3A_avg": 1.4242424242424243,
    "FG3A_total": 47,
    "FTM_avg": 0.48484848484848486,
    "FTM_total": 16,
    "FTA_avg": 0.7878787878787878,
    "FTA_total": 26,
    "OREB_avg": 0.5151515151515151,
    "OREB_total": 17,
    "DREB_avg": 1.4848484848484849,
    "DREB_total": 49,
    "REB_avg": 2.0,
    "REB_total": 66,
    "AST_avg": 0.6666666666666666,
    "AST_total": 22,
    "STL_avg": 1.0,
    "STL_total": 33,
    "BLK_avg": 0.30303030303030304,
    "BLK_total": 10,
    "TOV_avg": 0.36363636363636365,
    "TOV_total": 12,
    "PF_avg": 1.303030303030303,
    "PF_total": 43,
    "PTS_avg": 3.1818181818181817,
    "PTS_total": 105,
    "PLUS_MINUS_avg": -2.757575757575758,
    "PLUS_MINUS_total": -91,
    "FG_PCT": 0.40425531914893614,
    "FG3_PCT": 0.2765957446808511,
    "FT_PCT": 0.6153846153846154,
    "games_played": 33
  }
}