{
  "season_stats": {
    "MIN_avg": 21.271186440677965,
    "MIN_total": 1255,
    "FGM_avg": 1.8983050847457628,
    "FGM_total": 112,
    "FGA_avg": 4.593220338983051,
    "FGA_total": 271,
    "FG3M_avg": 1.3559322033898304,
    "FG3M_total": 80,
    "FG3A_avg": 3.76271186440678,
    "FG3A_total": 222,
    "FTM_avg": 0.2711864406779661,
    "FTM_total": 16,
    "FTA_avg": 0.5084745762711864,
    "FTA_total": 30,
    "OREB_avg": 0.864406779661017,
    "OREB_total": 51,
    "DREB_avg": 3.3559322033898304,
    "DREB_total": 198,
    "REB_avg": 4.220338983050848,
    "REB_total": 249,
    "AST_avg": 1.2881355932203389,
    "AST_total": 76,
    "STL_avg": 0.711864406779661,
    "STL_total": 42,
    "BLK_avg": 0.3389830508474576,
    "BLK_total": 20,
    "TOV_avg": 0.3728813559322034,
    "TOV_total": 22,
    "PF_avg": 1.7118644067796611,
    "PF_total": 101,
    "PTS_avg": 5.423728813559322,
    "PTS_total": 320,
    "PLUS_MINUS_avg": 4.813559322033898,
    "PLUS_MINUS_total": 284,
    "FG_PCT": 0.4132841328413284,
    "FG3_PCT": 0.36036036036036034,
    "FT_PCT": 0.5333333333333333,
    "games_played": 59
  }
}