{
  "season_stats": {
    "MIN_avg": 27.5625,
    "MIN_total": 2205,
    "FGM_avg": 5.325,
    "FGM_total": 426,
    "FGA_avg": 11.5375,
    "FGA_total": 923,
    "FG3M_avg": 2.1875,
    "FG3M_total": 175,
    "FG3A_avg": 5.775,
    "FG3A_total": 462,
    "FTM_avg": 1.3875,
    "FTM_total": 111,
    "FTA_avg": 1.7875,
    "FTA_total": 143,
    "OREB_avg": 1.15,
    "OREB_total": 92,
    "DREB_avg": 4.85,
    "DREB_total": 388,
    "REB_avg": 6.0,
    "REB_total": 480,
    "AST_avg": 2.2625,
    "AST_total": 181,
    "STL_avg": 0.725,
    "STL_total": 58,
    "BLK_avg": 0.9,
    "BLK_total": 72,
    "TOV_avg": 1.35,
    "TOV_total": 108,
    "PF_avg": 2.3625,
    "PF_total": 189,
    "PTS_avg": 14.225,
    "PTS_total": 1138,
    "PLUS_MINUS_avg": 4.25,
    "PLUS_MINUS_total": 340,
    "FG_PCT": 0.46153846153846156,
    "FG3_PCT": 0.3787878787878788,
    "FT_PCT": 0.7762237762237763,
    "games_played": 80
  }
}