{
  "season_stats": {
    "MIN_avg": 30.666666666666668,
    "MIN_total": 2300,
    "FGM_avg": 7.386666666666667,
    "FGM_total": 554,
    "FGA_avg": 15.653333333333334,
    "FGA_total": 1174,
    "FG3M_avg": 2.8266666666666667,
    "FG3M_total": 212,
    "FG3A_avg": 7.053333333333334,
    "FG3A_total": 529,
    "FTM_avg": 2.986666666666667,
    "FTM_total": 224,
    "FTA_avg": 3.4,
    "FTA_total": 255,
    "OREB_avg": 0.6266666666666667,
    "OREB_total": 47,
    "DREB_avg": 2.2266666666666666,
    "DREB_total": 167,
    "REB_avg": 2.8533333333333335,
    "REB_total": 214,
    "AST_avg": 6.746666666666667,
    "AST_total": 506,
    "STL_avg": 1.2133333333333334,
    "STL_total": 91,
    "BLK_avg": 0.14666666666666667,
    "BLK_total": 11,
    "TOV_avg": 2.52,
    "TOV_total": 189,
    "PF_avg": 1.9066666666666667,
    "PF_total": 143,
    "PTS_avg": 20.586666666666666,
    "PTS_total": 1544,
    "PLUS_MINUS_avg": 6.653333333333333,
    "PLUS_MINUS_total": 499,
    "FG_PCT": 0.47189097103918226,
    "FG3_PCT": 0.4007561436672968,
    "FT_PCT": 0.8784313725490196,
    "games_played": 75
  }
}