{
  "season_stats": {
    "MIN_avg": 12.448275862068966,
    "MIN_total": 722,
    "FGM_avg": 2.293103448275862,
    "FGM_total": 133,
    "FGA_avg": 5.017241379310345,
    "FGA_total": 291,
    "FG3M_avg": 0.7068965517241379,
    "FG3M_total": 41,
    "FG3A_avg": 2.103448275862069,
    "FG3A_total": 122,
    "FTM_avg": 1.2413793103448276,
    "FTM_total": 72,
    "FTA_avg": 1.6896551724137931,
    "FTA_total": 98,
    "OREB_avg": 0.3275862068965517,
    "OREB_total": 19,
    "DREB_avg": 1.396551724137931,
    "DREB_total": 81,
    "REB_avg": 1.7241379310344827,
    "REB_total": 100,
    "AST_avg": 1.4310344827586208,
    "AST_total": 83,
    "STL_avg": 0.3620689655172414,
    "STL_total": 21,
    "BLK_avg": 0.1896551724137931,
    "BLK_total": 11,
    "TOV_avg": 0.6896551724137931,
    "TOV_total": 40,
    "PF_avg": 1.0172413793103448,
    "PF_total": 59,
    "PTS_avg": 6.5344827586206895,
    "PTS_total": 379,
    "PLUS_MINUS_avg": 0.3275862068965517,
    "PLUS_MINUS_total": 19,
    "FG_PCT": 0.4570446735395189,
    "FG3_PCT": 0.3360655737704918,
    "FT_PCT": 0.7346938775510204,
    "games_played": 58
  }
}