{
  "season_stats": {
    "MIN_avg": 16.11111111111111,
    "MIN_total": 580,
    "FGM_avg": 1.6388888888888888,
    "FGM_total": 59,
    "FGA_avg": 3.361111111111111,
    "FGA_total": 121,
    "FG3M_avg": 0.25,
    "FG3M_total": 9,
    "FG3A_avg": 0.8888888888888888,
    "FG3A_total": 32,
    "FTM_avg": 0.5555555555555556,
    "FTM_total": 20,
    "FTA_avg": 1.0,
    "FTA_total": 36,
    "OREB_avg": 1.8888888888888888,
    "OREB_total": 68,
    "DREB_avg": 3.1666666666666665,
    "DREB_total": 114,
    "REB_avg": 5.055555555555555,
    "REB_total": 182,
    "AST_avg": 1.1388888888888888,
    "AST_total": 41,
    "STL_avg": 0.9722222222222222,
    "STL_total": 35,
    "BLK_avg": 0.2777777777777778,
    "BLK_total": 10,
    "TOV_avg": 0.8055555555555556,
    "TOV_total": 29,
    "PF_avg": 1.8611111111111112,
    "PF_total": 67,
    "PTS_avg": 4.083333333333333,
    "PTS_total": 147,
    "PLUS_MINUS_avg": 0.9722222222222222,
    "PLUS_MINUS_total": 35,
    "FG_PCT": 0.48760330578512395,
    "FG3_PCT": 0.28125,
    "FT_PCT": 0.5555555555555556,
    "games_played": 36
  }
}