{
  "season_stats": {
    "MIN_avg": 29.253521126760564,
    "MIN_total": 2077,
    "FGM_avg": 3.6338028169014085,
    "FGM_total": 258,
    "FGA_avg": 8.352112676056338,
    "FGA_total": 593,
    "FG3M_avg": 2.3943661971830985,
    "FG3M_total": 170,
    "FG3A_avg": 5.816901408450704,
    "FG3A_total": 413,
    "FTM_avg": 0.4647887323943662,
    "FTM_total": 33,
    "FTA_avg": 0.647887323943662,
    "FTA_total": 46,
    "OREB_avg": 1.2535211267605635,
    "OREB_total": 89,
    "DREB_avg": 2.8732394366197185,
    "DREB_total": 204,
    "REB_avg": 4.126760563380282,
    "REB_total": 293,
    "AST_avg": 1.619718309859155,
    "AST_total": 115,
    "STL_avg": 1.1126760563380282,
    "STL_total": 79,
    "BLK_avg": 0.5492957746478874,
    "BLK_total": 39,
    "TOV_avg": 0.7183098591549296,
    "TOV_total": 51,
    "PF_avg": 2.9295774647887325,
    "PF_total": 208,
    "PTS_avg": 10.126760563380282,
    "PTS_total": 719,
    "PLUS_MINUS_avg": 7.704225352112676,
    "PLUS_MINUS_total": 547,
    "FG_PCT": 0.4350758853288364,
    "FG3_PCT": 0.4116222760290557,
    "FT_PCT": 0.717391304347826,
    "games_played": 71
  }
}