{
  "season_stats": {
    "MIN_avg": 18.8,
    "MIN_total": 564,
    "FGM_avg": 4.666666666666667,
    "FGM_total": 140,
    "FGA_avg": 8.3,
    "FGA_total": 249,
    "FG3M_avg": 0.9,
    "FG3M_total": 27,
    "FG3A_avg": 2.5,
    "FG3A_total": 75,
    "FTM_avg": 2.6333333333333333,
    "FTM_total": 79,
    "FTA_avg": 3.6666666666666665,
    "FTA_total": 110,
    "OREB_avg": 1.3333333333333333,
    "OREB_total": 40,
    "DREB_avg": 3.6,
    "DREB_total": 108,
    "REB_avg": 4.933333333333334,
    "REB_total": 148,
    "AST_avg": 1.4,
    "AST_total": 42,
    "STL_avg": 0.8,
    "STL_total": 24,
    "BLK_avg": 0.4,
    "BLK_total": 12,
    "TOV_avg": 1.6333333333333333,
    "TOV_total": 49,
    "PF_avg": 1.8333333333333333,
    "PF_total": 55,
    "PTS_avg": 12.866666666666667,
    "PTS_total": 386,
    "PLUS_MINUS_avg": -0.5666666666666667,
    "PLUS_MINUS_total": -17,
    "FG_PCT": 0.5622489959839357,
    "FG3_PCT": 0.36,
    "FT_PCT": 0.7181818181818181,
    "games_played": 30
  }
}