{
  "season_stats": {
    "MIN_avg": 26.866666666666667,
    "MIN_total": 2015,
    "FGM_avg": 5.12,
    "FGM_total": 384,
    "FGA_avg": 10.973333333333333,
    "FGA_total": 823,
    "FG3M_avg": 2.16,
    "FG3M_total": 162,
    "FG3A_avg": 5.613333333333333,
    "FG3A_total": 421,
    "FTM_avg": 2.16,
    "FTM_total": 162,
    "FTA_avg": 2.8533333333333335,
    "FTA_total": 214,
    "OREB_avg": 0.7866666666666666,
    "OREB_total": 59,
    "DREB_avg": 3.533333333333333,
    "DREB_total": 265,
    "REB_avg": 4.32,
    "REB_total": 324,
    "AST_avg": 3.04,
    "AST_total": 228,
    "STL_avg": 0.9866666666666667,
    "STL_total": 74,
    "BLK_avg": 0.29333333333333333,
    "BLK_total": 22,
    "TOV_avg": 1.88,
    "TOV_total": 141,
    "PF_avg": 1.84,
    "PF_total": 138,
    "PTS_avg": 14.56,
    "PTS_total": 1092,
    "PLUS_MINUS_avg": -3.48,
    "PLUS_MINUS_total": -261,
    "FG_PCT": 0.4665856622114216,
    "FG3_PCT": 0.3847980997624703,
    "FT_PCT": 0.7570093457943925,
    "games_played": 75
  }
}