{
  "season_stats": {
    "MIN_avg": 20.166666666666668,
    "MIN_total": 121,
    "FGM_avg": 3.6666666666666665,
    "FGM_total": 22,
    "FGA_avg": 9.0,
    "FGA_total": 54,
    "FG3M_avg": 2.1666666666666665,
    "FG3M_total": 13,
    "FG3A_avg": 5.833333333333333,
    "FG3A_total": 35,
    "FTM_avg": 0.8333333333333334,
    "FTM_total": 5,
    "FTA_avg": 1.3333333333333333,
    "FTA_total": 8,
    "OREB_avg": 1.0,
    "OREB_total": 6,
    "DREB_avg": 2.3333333333333335,
    "DREB_total": 14,
    "REB_avg": 3.3333333333333335,
    "REB_total": 20,
    "AST_avg": 2.8333333333333335,
    "AST_total": 17,
    "STL_avg": 1.1666666666666667,
    "STL_total": 7,
    "BLK_avg": 0.3333333333333333,
    "BLK_total": 2,
    "TOV_avg": 1.6666666666666667,
    "TOV_total": 10,
    "PF_avg": 3.0,
    "PF_total": 18,
    "PTS_avg": 10.333333333333334,
    "PTS_total": 62,
    "PLUS_MINUS_avg": 4.5,
    "PLUS_MINUS_total": 27,
    "FG_PCT": 0.4074074074074074,
    "FG3_PCT": 0.37142857142857144,
    "FT_PCT": 0.625,
    "games_played": 6
  }
}