{
  "season_stats": {
    "MIN_avg": 27.96825396825397,
    "MIN_total": 1762,
    "FGM_avg": 6.603174603174603,
    "FGM_total": 416,
    "FGA_avg": 13.761904761904763,
    "FGA_total": 867,
    "FG3M_avg": 1.746031746031746,
    "FG3M_total": 110,
    "FG3A_avg": 4.301587301587301,
    "FG3A_total": 271,
    "FTM_avg": 3.4444444444444446,
    "FTM_total": 217,
    "FTA_avg": 3.984126984126984,
    "FTA_total": 251,
    "OREB_avg": 0.9523809523809523,
    "OREB_total": 60,
    "DREB_avg": 1.7619047619047619,
    "DREB_total": 111,
    "REB_avg": 2.7142857142857144,
    "REB_total": 171,
    "AST_avg": 4.190476190476191,
    "AST_total": 264,
    "STL_avg": 0.746031746031746,
    "STL_total": 47,
    "BLK_avg": 0.09523809523809523,
    "BLK_total": 6,
    "TOV_avg": 2.5396825396825395,
    "TOV_total": 160,
    "PF_avg": 2.2857142857142856,
    "PF_total": 144,
    "PTS_avg": 18.396825396825395,
    "PTS_total": 1159,
    "PLUS_MINUS_avg": -4.5396825396825395,
    "PLUS_MINUS_total": -286,
    "FG_PCT": 0.4798154555940023,
    "FG3_PCT": 0.4059040590405904,
    "FT_PCT": 0.8645418326693227,
    "games_played": 63
  }
}