{
  "season_stats": {
    "MIN_avg": 32.714285714285715,
    "MIN_total": 2290,
    "FGM_avg": 6.8428571428571425,
    "FGM_total": 479,
    "FGA_avg": 16.071428571428573,
    "FGA_total": 1125,
    "FG3M_avg": 3.0714285714285716,
    "FG3M_total": 215,
    "FG3A_avg": 8.471428571428572,
    "FG3A_total": 593,
    "FTM_avg": 2.5,
    "FTM_total": 175,
    "FTA_avg": 2.7714285714285714,
    "FTA_total": 194,
    "OREB_avg": 0.35714285714285715,
    "OREB_total": 25,
    "DREB_avg": 2.342857142857143,
    "DREB_total": 164,
    "REB_avg": 2.7,
    "REB_total": 189,
    "AST_avg": 4.814285714285714,
    "AST_total": 337,
    "STL_avg": 0.8571428571428571,
    "STL_total": 60,
    "BLK_avg": 0.07142857142857142,
    "BLK_total": 5,
    "TOV_avg": 2.0428571428571427,
    "TOV_total": 143,
    "PF_avg": 1.6714285714285715,
    "PF_total": 117,
    "PTS_avg": 19.257142857142856,
    "PTS_total": 1348,
    "PLUS_MINUS_avg": -3.142857142857143,
    "PLUS_MINUS_total": -220,
    "FG_PCT": 0.42577777777777776,
    "FG3_PCT": 0.3625632377740304,
    "FT_PCT": 0.9020618556701031,
    "games_played": 70
  }
}