{
  "season_stats": {
    "MIN_avg": 19.857142857142858,
    "MIN_total": 1390,
    "FGM_avg": 4.557142857142857,
    "FGM_total": 319,
    "FGA_avg": 8.82857142857143,
    "FGA_total": 618,
    "FG3M_avg": 1.5857142857142856,
    "FG3M_total": 111,
    "FG3A_avg": 3.6142857142857143,
    "FG3A_total": 253,
    "FTM_avg": 1.8428571428571427,
    "FTM_total": 129,
    "FTA_avg": 2.1142857142857143,
    "FTA_total": 148,
    "OREB_avg": 0.7142857142857143,
    "OREB_total": 50,
    "DREB_avg": 1.7571428571428571,
    "DREB_total": 123,
    "REB_avg": 2.4714285714285715,
    "REB_total": 173,
    "AST_avg": 3.3857142857142857,
    "AST_total": 237,
    "STL_avg": 1.1142857142857143,
    "STL_total": 78,
    "BLK_avg": 0.04285714285714286,
    "BLK_total": 3,
    "TOV_avg": 1.3142857142857143,
    "TOV_total": 92,
    "PF_avg": 1.457142857142857,
    "PF_total": 102,
    "PTS_avg": 12.542857142857143,
    "PTS_total": 878,
    "PLUS_MINUS_avg": 4.314285714285714,
    "PLUS_MINUS_total": 302,
    "FG_PCT": 0.5161812297734628,
    "FG3_PCT": 0.43873517786561267,
    "FT_PCT": 0.8716216216216216,
    "games_played": 70
  }
}