{
  "season_stats": {
    "MIN_avg": 12.5,
    "MIN_total": 450,
    "FGM_avg": 2.6666666666666665,
    "FGM_total": 96,
    "FGA_avg": 5.083333333333333,
    "FGA_total": 183,
    "FG3M_avg": 0.8888888888888888,
    "FG3M_total": 32,
    "FG3A_avg": 2.5833333333333335,
    "FG3A_total": 93,
    "FTM_avg": 0.5555555555555556,
    "FTM_total": 20,
    "FTA_avg": 0.7222222222222222,
    "FTA_total": 26,
    "OREB_avg": 0.5555555555555556,
    "OREB_total": 20,
    "DREB_avg": 2.3333333333333335,
    "DREB_total": 84,
    "REB_avg": 2.888888888888889,
    "REB_total": 104,
    "AST_avg": 0.6111111111111112,
    "AST_total": 22,
    "STL_avg": 0.25,
    "STL_total": 9,
    "BLK_avg": 0.6944444444444444,
    "BLK_total": 25,
    "TOV_avg": 0.5555555555555556,
    "TOV_total": 20,
    "PF_avg": 0.5555555555555556,
    "PF_total": 20,
    "PTS_avg": 6.777777777777778,
    "PTS_total": 244,
    "PLUS_MINUS_avg": -1.0277777777777777,
    "PLUS_MINUS_total": -37,
    "FG_PCT": 0.5245901639344263,
    "FG3_PCT": 0.34408602150537637,
    "FT_PCT": 0.7692307692307693,
    "games_played": 36
  }
}