{
  "season_stats": {
    "MIN_avg": 17.058823529411764,
    "MIN_total": 290,
    "FGM_avg": 2.176470588235294,
    "FGM_total": 37,
    "FGA_avg": 3.2941176470588234,
    "FGA_total": 56,
    "FG3M_avg": 0.0,
    "FG3M_total": 0,
    "FG3A_avg": 0.0,
    "FG3A_total": 0,
    "FTM_avg": 0.7647058823529411,
    "FTM_total": 13,
    "FTA_avg": 1.1176470588235294,
    "FTA_total": 19,
    "OREB_avg": 3.0588235294117645,
    "OREB_total": 52,
    "DREB_avg": 2.8823529411764706,
    "DREB_total": 49,
    "REB_avg": 5.9411764705882355,
    "REB_total": 101,
    "AST_avg": 0.7647058823529411,
    "AST_total": 13,
    "STL_avg": 0.9411764705882353,
    "STL_total": 16,
    "BLK_avg": 1.0588235294117647,
    "BLK_total": 18,
    "TOV_avg": 0.5882352941176471,
    "TOV_total": 10,
    "PF_avg": 1.5294117647058822,
    "PF_total": 26,
    "PTS_avg": 5.117647058823529,
    "PTS_total": 87,
    "PLUS_MINUS_avg": 1.3529411764705883,
    "PLUS_MINUS_total": 23,
    "FG_PCT": 0.6607142857142857,
    "FG3_PCT": 0.0,
    "FT_PCT": 0.6842105263157895,
    "games_played": 17
  }
}