{
  "season_stats": {
    "MIN_avg": 13.53061224489796,
    "MIN_total": 663,
    "FGM_avg": 1.5714285714285714,
    "FGM_total": 77,
    "FGA_avg": 3.673469387755102,
    "FGA_total": 180,
    "FG3M_avg": 0.8163265306122449,
    "FG3M_total": 40,
    "FG3A_avg": 2.061224489795918,
    "FG3A_total": 101,
    "FTM_avg": 0.12244897959183673,
    "FTM_total": 6,
    "FTA_avg": 0.16326530612244897,
    "FTA_total": 8,
    "OREB_avg": 0.30612244897959184,
    "OREB_total": 15,
    "DREB_avg": 1.1428571428571428,
    "DREB_total": 56,
    "REB_avg": 1.4489795918367347,
    "REB_total": 71,
    "AST_avg": 2.183673469387755,
    "AST_total": 107,
    "STL_avg": 0.3877551020408163,
    "STL_total": 19,
    "BLK_avg": 0.10204081632653061,
    "BLK_total": 5,
    "TOV_avg": 0.4897959183673469,
    "TOV_total": 24,
    "PF_avg": 0.7755102040816326,
    "PF_total": 38,
    "PTS_avg": 4.081632653061225,
    "PTS_total": 200,
    "PLUS_MINUS_avg": 1.0612244897959184,
    "PLUS_MINUS_total": 52,
    "FG_PCT": 0.42777777777777776,
    "FG3_PCT": 0.39603960396039606,
    "FT_PCT": 0.75,
    "games_played": 49
  }
}