{
  "season_stats": {
    "MIN_avg": 36.026315789473685,
    "MIN_total": 2738,
    "FGM_avg": 7.447368421052632,
    "FGM_total": 566,
    "FGA_avg": 18.105263157894736,
    "FGA_total": 1376,
    "FG3M_avg": 2.8684210526315788,
    "FG3M_total": 218,
    "FG3A_avg": 8.447368421052632,
    "FG3A_total": 642,
    "FTM_avg": 6.4605263157894735,
    "FTM_total": 491,
    "FTA_avg": 7.381578947368421,
    "FTA_total": 561,
    "OREB_avg": 0.47368421052631576,
    "OREB_total": 36,
    "DREB_avg": 2.6315789473684212,
    "DREB_total": 200,
    "REB_avg": 3.1052631578947367,
    "REB_total": 236,
    "AST_avg": 11.578947368421053,
    "AST_total": 880,
    "STL_avg": 1.1973684210526316,
    "STL_total": 91,
    "BLK_avg": 0.15789473684210525,
    "BLK_total": 12,
    "TOV_avg": 4.671052631578948,
    "TOV_total": 355,
    "PF_avg": 1.9078947368421053,
    "PF_total": 145,
    "PTS_avg": 24.223684210526315,
    "PTS_total": 1841,
    "PLUS_MINUS_avg": 0.4473684210526316,
    "PLUS_MINUS_total": 34,
    "FG_PCT": 0.4113372093023256,
    "FG3_PCT": 0.3395638629283489,
    "FT_PCT": 0.875222816399287,
    "games_played": 76
  }
}