{
  "season_stats": {
    "MIN_avg": 16.391304347826086,
    "MIN_total": 1131,
    "FGM_avg": 2.4782608695652173,
    "FGM_total": 171,
    "FGA_avg": 5.130434782608695,
    "FGA_total": 354,
    "FG3M_avg": 0.9565217391304348,
    "FG3M_total": 66,
    "FG3A_avg": 2.4782608695652173,
    "FG3A_total": 171,
    "FTM_avg": 0.4057971014492754,
    "FTM_total": 28,
    "FTA_avg": 0.5652173913043478,
    "FTA_total": 39,
    "OREB_avg": 0.9420289855072463,
    "OREB_total": 65,
    "DREB_avg": 2.550724637681159,
    "DREB_total": 176,
    "REB_avg": 3.4927536231884058,
    "REB_total": 241,
    "AST_avg": 1.4057971014492754,
    "AST_total": 97,
    "STL_avg": 0.6231884057971014,
    "STL_total": 43,
    "BLK_avg": 0.14492753623188406,
    "BLK_total": 10,
    "TOV_avg": 0.5652173913043478,
    "TOV_total": 39,
    "PF_avg": 1.5942028985507246,
    "PF_total": 110,
    "PTS_avg": 6.318840579710145,
    "PTS_total": 436,
    "PLUS_MINUS_avg": 4.768115942028985,
    "PLUS_MINUS_total": 329,
    "FG_PCT": 0.4830508474576271,
    "FG3_PCT": 0.38596491228070173,
    "FT_PCT": 0.717948717948718,
    "games_played": 69
  }
}