{
  "season_stats": {
    "MIN_avg": 19.517857142857142,
    "MIN_total": 1093,
    "FGM_avg": 2.875,
    "FGM_total": 161,
    "FGA_avg": 3.982142857142857,
    "FGA_total": 223,
    "FG3M_avg": 0.0,
    "FG3M_total": 0,
    "FG3A_avg": 0.05357142857142857,
    "FG3A_total": 3,
    "FTM_avg": 1.0892857142857142,
    "FTM_total": 61,
    "FTA_avg": 1.75,
    "FTA_total": 98,
    "OREB_avg": 1.3928571428571428,
    "OREB_total": 78,
    "DREB_avg": 3.4107142857142856,
    "DREB_total": 191,
    "REB_avg": 4.803571428571429,
    "REB_total": 269,
    "AST_avg": 1.0357142857142858,
    "AST_total": 58,
    "STL_avg": 0.5535714285714286,
    "STL_total": 31,
    "BLK_avg": 0.9107142857142857,
    "BLK_total": 51,
    "TOV_avg": 0.7678571428571429,
    "TOV_total": 43,
    "PF_avg": 2.4285714285714284,
    "PF_total": 136,
    "PTS_avg": 6.839285714285714,
    "PTS_total": 383,
    "PLUS_MINUS_avg": 1.5535714285714286,
    "PLUS_MINUS_total": 87,
    "FG_PCT": 0.7219730941704036,
    "FG3_PCT": 0.0,
    "FT_PCT": 0.6224489795918368,
    "games_played": 56
  }
}