{
  "season_stats": {
    "MIN_avg": 32.206896551724135,
    "MIN_total": 1868,
    "FGM_avg": 7.931034482758621,
    "FGM_total": 460,
    "FGA_avg": 16.93103448275862,
    "FGA_total": 982,
    "FG3M_avg": 1.8448275862068966,
    "FG3M_total": 107,
    "FG3A_avg": 5.275862068965517,
    "FG3A_total": 306,
    "FTM_avg": 3.3793103448275863,
    "FTM_total": 196,
    "FTA_avg": 5.362068965517241,
    "FTA_total": 311,
    "OREB_avg": 1.0517241379310345,
    "OREB_total": 61,
    "DREB_avg": 5.258620689655173,
    "DREB_total": 305,
    "REB_avg": 6.310344827586207,
    "REB_total": 366,
    "AST_avg": 5.413793103448276,
    "AST_total": 314,
    "STL_avg": 0.7931034482758621,
    "STL_total": 46,
    "BLK_avg": 0.29310344827586204,
    "BLK_total": 17,
    "TOV_avg": 2.8620689655172415,
    "TOV_total": 166,
    "PF_avg": 2.3620689655172415,
    "PF_total": 137,
    "PTS_avg": 21.086206896551722,
    "PTS_total": 1223,
    "PLUS_MINUS_avg": -2.396551724137931,
    "PLUS_MINUS_total": -139,
    "FG_PCT": 0.4684317718940937,
    "FG3_PCT": 0.34967320261437906,
    "FT_PCT": 0.6302250803858521,
    "games_played": 58
  }
}