{
  "season_stats": {
    "MIN_avg": 35.4025974025974,
    "MIN_total": 2726,
    "FGM_avg": 8.454545454545455,
    "FGM_total": 651,
    "FGA_avg": 17.896103896103895,
    "FGA_total": 1378,
    "FG3M_avg": 3.25974025974026,
    "FG3M_total": 251,
    "FG3A_avg": 8.7012987012987,
    "FG3A_total": 670,
    "FTM_avg": 3.727272727272727,
    "FTM_total": 287,
    "FTA_avg": 4.246753246753247,
    "FTA_total": 327,
    "OREB_avg": 0.45454545454545453,
    "OREB_total": 35,
    "DREB_avg": 4.7272727272727275,
    "DREB_total": 364,
    "REB_avg": 5.181818181818182,
    "REB_total": 399,
    "AST_avg": 5.5064935064935066,
    "AST_total": 424,
    "STL_avg": 0.8961038961038961,
    "STL_total": 69,
    "BLK_avg": 0.22077922077922077,
    "BLK_total": 17,
    "TOV_avg": 2.5714285714285716,
    "TOV_total": 198,
    "PF_avg": 1.103896103896104,
    "PF_total": 85,
    "PTS_avg": 23.896103896103895,
    "PTS_total": 1840,
    "PLUS_MINUS_avg": 1.2857142857142858,
    "PLUS_MINUS_total": 99,
    "FG_PCT": 0.47242380261248185,
    "FG3_PCT": 0.3746268656716418,
    "FT_PCT": 0.8776758409785933,
    "games_played": 77
  }
}