{
  "season_stats": {
    "MIN_avg": 24.56756756756757,
    "MIN_total": 1818,
    "FGM_avg": 2.418918918918919,
    "FGM_total": 179,
    "FGA_avg": 5.283783783783784,
    "FGA_total": 391,
    "FG3M_avg": 1.2027027027027026,
    "FG3M_total": 89,
    "FG3A_avg": 3.1486486486486487,
    "FG3A_total": 233,
    "FTM_avg": 0.4189189189189189,
    "FTM_total": 31,
    "FTA_avg": 0.581081081081081,
    "FTA_total": 43,
    "OREB_avg": 0.972972972972973,
    "OREB_total": 72,
    "DREB_avg": 2.4324324324324325,
    "DREB_total": 180,
    "REB_avg": 3.4054054054054053,
    "REB_total": 252,
    "AST_avg": 1.5135135135135136,
    "AST_total": 112,
    "STL_avg": 0.918918918918919,
    "STL_total": 68,
    "BLK_avg": 0.5,
    "BLK_total": 37,
    "TOV_avg": 0.7297297297297297,
    "TOV_total": 54,
    "PF_avg": 2.2162162162162162,
    "PF_total": 164,
    "PTS_avg": 6.45945945945946,
    "PTS_total": 478,
    "PLUS_MINUS_avg": 0.8243243243243243,
    "PLUS_MINUS_total": 61,
    "FG_PCT": 0.4578005115089514,
    "FG3_PCT": 0.38197424892703863,
    "FT_PCT": 0.7209302325581395,
    "games_played": 74
  }
}