{
  "season_stats": {
    "MIN_avg": 21.596491228070175,
    "MIN_total": 1231,
    "FGM_avg": 4.964912280701754,
    "FGM_total": 283,
    "FGA_avg": 7.0701754385964914,
    "FGA_total": 403,
    "FG3M_avg": 0.0,
    "FG3M_total": 0,
    "FG3A_avg": 0.0,
    "FG3A_total": 0,
    "FTM_avg": 2.3684210526315788,
    "FTM_total": 135,
    "FTA_avg": 3.43859649122807,
    "FTA_total": 196,
    "OREB_avg": 2.719298245614035,
    "OREB_total": 155,
    "DREB_avg": 4.087719298245614,
    "DREB_total": 233,
    "REB_avg": 6.807017543859649,
    "REB_total": 388,
    "AST_avg": 1.4035087719298245,
    "AST_total": 80,
    "STL_avg": 0.40350877192982454,
    "STL_total": 23,
    "BLK_avg": 1.7894736842105263,
    "BLK_total": 102,
    "TOV_avg": 1.1578947368421053,
    "TOV_total": 66,
    "PF_avg": 2.6666666666666665,
    "PF_total": 152,
    "PTS_avg": 12.298245614035087,
    "PTS_total": 701,
    "PLUS_MINUS_avg": 0.6140350877192983,
    "PLUS_MINUS_total": 35,
    "FG_PCT": 0.7022332506203474,
    "FG3_PCT": 0.0,
    "FT_PCT": 0.6887755102040817,
    "games_played": 57
  }
}