{
  "season_stats": {
    "MIN_avg": 24.14864864864865,
    "MIN_total": 1787,
    "FGM_avg": 3.918918918918919,
    "FGM_total": 290,
    "FGA_avg": 8.95945945945946,
    "FGA_total": 663,
    "FG3M_avg": 2.5675675675675675,
    "FG3M_total": 190,
    "FG3A_avg": 6.527027027027027,
    "FG3A_total": 483,
    "FTM_avg": 0.6351351351351351,
    "FTM_total": 47,
    "FTA_avg": 0.7162162162162162,
    "FTA_total": 53,
    "OREB_avg": 0.24324324324324326,
    "OREB_total": 18,
    "DREB_avg": 2.0135135135135136,
    "DREB_total": 149,
    "REB_avg": 2.2567567567567566,
    "REB_total": 167,
    "AST_avg": 2.3783783783783785,
    "AST_total": 176,
    "STL_avg": 0.5405405405405406,
    "STL_total": 40,
    "BLK_avg": 0.08108108108108109,
    "BLK_total": 6,
    "TOV_avg": 1.162162162162162,
    "TOV_total": 86,
    "PF_avg": 1.8243243243243243,
    "PF_total": 135,
    "PTS_avg": 11.04054054054054,
    "PTS_total": 817,
    "PLUS_MINUS_avg": 0.8918918918918919,
    "PLUS_MINUS_total": 66,
    "FG_PCT": 0.4374057315233786,
    "FG3_PCT": 0.39337474120082816,
    "FT_PCT": 0.8867924528301887,
    "games_played": 74
  }
}