{
  "season_stats": {
    "MIN_avg": 17.70212765957447,
    "MIN_total": 832,
    "FGM_avg": 2.1702127659574466,
    "FGM_total": 102,
    "FGA_avg": 5.468085106382978,
    "FGA_total": 257,
    "FG3M_avg": 1.8085106382978724,
    "FG3M_total": 85,
    "FG3A_avg": 4.638297872340425,
    "FG3A_total": 218,
    "FTM_avg": 1.3617021276595744,
    "FTM_total": 64,
    "FTA_avg": 1.6595744680851063,
    "FTA_total": 78,
    "OREB_avg": 0.2765957446808511,
    "OREB_total": 13,
    "DREB_avg": 1.574468085106383,
    "DREB_total": 74,
    "REB_avg": 1.851063829787234,
    "REB_total": 87,
    "AST_avg": 1.2765957446808511,
    "AST_total": 60,
    "STL_avg": 0.5531914893617021,
    "STL_total": 26,
    "BLK_avg": 0.3191489361702128,
    "BLK_total": 15,
    "TOV_avg": 0.6595744680851063,
    "TOV_total": 31,
    "PF_avg": 1.7234042553191489,
    "PF_total": 81,
    "PTS_avg": 7.51063829787234,
    "PTS_total": 353,
    "PLUS_MINUS_avg": -1.2765957446808511,
    "PLUS_MINUS_total": -60,
    "FG_PCT": 0.3968871595330739,
    "FG3_PCT": 0.38990825688073394,
    "FT_PCT": 0.8205128205128205,
    "games_played": 47
  }
}