{
  "season_stats": {
    "MIN_avg": 19.76,
    "MIN_total": 1482,
    "FGM_avg": 3.9066666666666667,
    "FGM_total": 293,
    "FGA_avg": 8.693333333333333,
    "FGA_total": 652,
    "FG3M_avg": 0.7333333333333333,
    "FG3M_total": 55,
    "FG3A_avg": 2.36,
    "FG3A_total": 177,
    "FTM_avg": 1.7333333333333334,
    "FTM_total": 130,
    "FTA_avg": 2.2533333333333334,
    "FTA_total": 169,
    "OREB_avg": 0.56,
    "OREB_total": 42,
    "DREB_avg": 3.1466666666666665,
    "DREB_total": 236,
    "REB_avg": 3.7066666666666666,
    "REB_total": 278,
    "AST_avg": 3.4133333333333336,
    "AST_total": 256,
    "STL_avg": 1.08,
    "STL_total": 81,
    "BLK_avg": 0.17333333333333334,
    "BLK_total": 13,
    "TOV_avg": 1.8133333333333332,
    "TOV_total": 136,
    "PF_avg": 1.5866666666666667,
    "PF_total": 119,
    "PTS_avg": 10.28,
    "PTS_total": 771,
    "PLUS_MINUS_avg": 0.36,
    "PLUS_MINUS_total": 27,
    "FG_PCT": 0.4493865030674847,
    "FG3_PCT": 0.3107344632768362,
    "FT_PCT": 0.7692307692307693,
    "games_played": 75
  }
}