{
  "season_stats": {
    "MIN_avg": 12.229508196721312,
    "MIN_total": 746,
    "FGM_avg": 1.8852459016393444,
    "FGM_total": 115,
    "FGA_avg": 3.180327868852459,
    "FGA_total": 194,
    "FG3M_avg": 0.04918032786885246,
    "FG3M_total": 3,
    "FG3A_avg": 0.09836065573770492,
    "FG3A_total": 6,
    "FTM_avg": 0.7704918032786885,
    "FTM_total": 47,
    "FTA_avg": 1.1639344262295082,
    "FTA_total": 71,
    "OREB_avg": 0.9836065573770492,
    "OREB_total": 60,
    "DREB_avg": 2.721311475409836,
    "DREB_total": 166,
    "REB_avg": 3.7049180327868854,
    "REB_total": 226,
    "AST_avg": 0.8852459016393442,
    "AST_total": 54,
    "STL_avg": 0.19672131147540983,
    "STL_total": 12,
    "BLK_avg": 0.639344262295082,
    "BLK_total": 39,
    "TOV_avg": 0.6721311475409836,
    "TOV_total": 41,
    "PF_avg": 1.0327868852459017,
    "PF_total": 63,
    "PTS_avg": 4.590163934426229,
    "PTS_total": 280,
    "PLUS_MINUS_avg": -2.0655737704918034,
    "PLUS_MINUS_total": -126,
    "FG_PCT": 0.5927835051546392,
    "FG3_PCT": 0.5,
    "FT_PCT": 0.6619718309859155,
    "games_played": 61
  }
}