{
  "season_stats": {
    "MIN_avg": 33.0945945945946,
    "MIN_total": 2449,
    "FGM_avg": 6.864864864864865,
    "FGM_total": 508,
    "FGA_avg": 15.14864864864865,
    "FGA_total": 1121,
    "FG3M_avg": 2.918918918918919,
    "FG3M_total": 216,
    "FG3A_avg": 7.891891891891892,
    "FG3A_total": 584,
    "FTM_avg": 3.7432432432432434,
    "FTM_total": 277,
    "FTA_avg": 4.148648648648648,
    "FTA_total": 307,
    "OREB_avg": 0.33783783783783783,
    "OREB_total": 25,
    "DREB_avg": 3.3513513513513513,
    "DREB_total": 248,
    "REB_avg": 3.689189189189189,
    "REB_total": 273,
    "AST_avg": 4.45945945945946,
    "AST_total": 330,
    "STL_avg": 0.9324324324324325,
    "STL_total": 69,
    "BLK_avg": 0.21621621621621623,
    "BLK_total": 16,
    "TOV_avg": 2.391891891891892,
    "TOV_total": 177,
    "PF_avg": 2.081081081081081,
    "PF_total": 154,
    "PTS_avg": 20.39189189189189,
    "PTS_total": 1509,
    "PLUS_MINUS_avg": -1.9054054054054055,
    "PLUS_MINUS_total": -141,
    "FG_PCT": 0.45316681534344333,
    "FG3_PCT": 0.3698630136986301,
    "FT_PCT": 0.9022801302931596,
    "games_played": 74
  }
}