{
  "season_stats": {
    "MIN_avg": 24.27777777777778,
    "MIN_total": 1748,
    "FGM_avg": 3.3333333333333335,
    "FGM_total": 240,
    "FGA_avg": 7.083333333333333,
    "FGA_total": 510,
    "FG3M_avg": 1.4027777777777777,
    "FG3M_total": 101,
    "FG3A_avg": 3.4305555555555554,
    "FG3A_total": 247,
    "FTM_avg": 1.5972222222222223,
    "FTM_total": 115,
    "FTA_avg": 1.7916666666666667,
    "FTA_total": 129,
    "OREB_avg": 0.4444444444444444,
    "OREB_total": 32,
    "DREB_avg": 1.7916666666666667,
    "DREB_total": 129,
    "REB_avg": 2.236111111111111,
    "REB_total": 161,
    "AST_avg": 1.0694444444444444,
    "AST_total": 77,
    "STL_avg": 0.5555555555555556,
    "STL_total": 40,
    "BLK_avg": 0.09722222222222222,
    "BLK_total": 7,
    "TOV_avg": 0.625,
    "TOV_total": 45,
    "PF_avg": 1.6666666666666667,
    "PF_total": 120,
    "PTS_avg": 9.666666666666666,
    "PTS_total": 696,
    "PLUS_MINUS_avg": -0.9166666666666666,
    "PLUS_MINUS_total": -66,
    "FG_PCT": 0.47058823529411764,
    "FG3_PCT": 0.4089068825910931,
    "FT_PCT": 0.8914728682170543,
    "games_played": 72
  }
}