{
  "season_stats": {
    "MIN_avg": 21.194444444444443,
    "MIN_total": 1526,
    "FGM_avg": 2.3333333333333335,
    "FGM_total": 168,
    "FGA_avg": 5.833333333333333,
    "FGA_total": 420,
    "FG3M_avg": 1.5138888888888888,
    "FG3M_total": 109,
    "FG3A_avg": 4.291666666666667,
    "FG3A_total": 309,
    "FTM_avg": 0.20833333333333334,
    "FTM_total": 15,
    "FTA_avg": 0.2916666666666667,
    "FTA_total": 21,
    "OREB_avg": 0.2777777777777778,
    "OREB_total": 20,
    "DREB_avg": 1.0,
    "DREB_total": 72,
    "REB_avg": 1.2777777777777777,
    "REB_total": 92,
    "AST_avg": 1.3611111111111112,
    "AST_total": 98,
    "STL_avg": 0.7083333333333334,
    "STL_total": 51,
    "BLK_avg": 0.18055555555555555,
    "BLK_total": 13,
    "TOV_avg": 0.5694444444444444,
    "TOV_total": 41,
    "PF_avg": 2.111111111111111,
    "PF_total": 152,
    "PTS_avg": 6.388888888888889,
    "PTS_total": 460,
    "PLUS_MINUS_avg": 0.6666666666666666,
    "PLUS_MINUS_total": 48,
    "FG_PCT": 0.4,
    "FG3_PCT": 0.35275080906148865,
    "FT_PCT": 0.7142857142857143,
    "games_played": 72
  }
}