{
  "season_stats": {
    "MIN_avg": 25.29268292682927,
    "MIN_total": 2074,
    "FGM_avg": 3.292682926829268,
    "FGM_total": 270,
    "FGA_avg": 7.512195121951219,
    "FGA_total": 616,
    "FG3M_avg": 1.7195121951219512,
    "FG3M_total": 141,
    "FG3A_avg": 4.512195121951219,
    "FG3A_total": 370,
    "FTM_avg": 1.1219512195121952,
    "FTM_total": 92,
    "FTA_avg": 1.4390243902439024,
    "FTA_total": 118,
    "OREB_avg": 0.6585365853658537,
    "OREB_total": 54,
    "DREB_avg": 2.573170731707317,
    "DREB_total": 211,
    "REB_avg": 3.231707317073171,
    "REB_total": 265,
    "AST_avg": 2.7195121951219514,
    "AST_total": 223,
    "STL_avg": 0.6097560975609756,
    "STL_total": 50,
    "BLK_avg": 0.4146341463414634,
    "BLK_total": 34,
    "TOV_avg": 1.2073170731707317,
    "TOV_total": 99,
    "PF_avg": 1.6951219512195121,
    "PF_total": 139,
    "PTS_avg": 9.426829268292684,
    "PTS_total": 773,
    "PLUS_MINUS_avg": 3.292682926829268,
    "PLUS_MINUS_total": 270,
    "FG_PCT": 0.4383116883116883,
    "FG3_PCT": 0.3810810810810811,
    "FT_PCT": 0.7796610169491526,
    "games_played": 82
  }
}