{
  "season_stats": {
    "MIN_avg": 28.96923076923077,
    "MIN_total": 1883,
    "FGM_avg": 3.8,
    "FGM_total": 247,
    "FGA_avg": 8.292307692307693,
    "FGA_total": 539,
    "FG3M_avg": 0.7846153846153846,
    "FG3M_total": 51,
    "FG3A_avg": 2.6923076923076925,
    "FG3A_total": 175,
    "FTM_avg": 1.6615384615384616,
    "FTM_total": 108,
    "FTA_avg": 2.0923076923076924,
    "FTA_total": 136,
    "OREB_avg": 0.5230769230769231,
    "OREB_total": 34,
    "DREB_avg": 2.8,
    "DREB_total": 182,
    "REB_avg": 3.3230769230769233,
    "REB_total": 216,
    "AST_avg": 5.015384615384615,
    "AST_total": 326,
    "STL_avg": 1.2153846153846153,
    "STL_total": 79,
    "BLK_avg": 0.16923076923076924,
    "BLK_total": 11,
    "TOV_avg": 1.7230769230769232,
    "TOV_total": 112,
    "PF_avg": 2.292307692307692,
    "PF_total": 149,
    "PTS_avg": 10.046153846153846,
    "PTS_total": 653,
    "PLUS_MINUS_avg": 3.1384615384615384,
    "PLUS_MINUS_total": 204,
    "FG_PCT": 0.4582560296846011,
    "FG3_PCT": 0.2914285714285714,
    "FT_PCT": 0.7941176470588235,
    "games_played": 65
  }
}