{
  "season_stats": {
    "MIN_avg": 6.8478260869565215,
    "MIN_total": 315,
    "FGM_avg": 0.6739130434782609,
    "FGM_total": 31,
    "FGA_avg": 1.565217391304348,
    "FGA_total": 72,
    "FG3M_avg": 0.41304347826086957,
    "FG3M_total": 19,
    "FG3A_avg": 1.0,
    "FG3A_total": 46,
    "FTM_avg": 0.3695652173913043,
    "FTM_total": 17,
    "FTA_avg": 0.4782608695652174,
    "FTA_total": 22,
    "OREB_avg": 0.13043478260869565,
    "OREB_total": 6,
    "DREB_avg": 0.5217391304347826,
    "DREB_total": 24,
    "REB_avg": 0.6521739130434783,
    "REB_total": 30,
    "AST_avg": 1.108695652173913,
    "AST_total": 51,
    "STL_avg": 0.34782608695652173,
    "STL_total": 16,
    "BLK_avg": 0.021739130434782608,
    "BLK_total": 1,
    "TOV_avg": 0.34782608695652173,
    "TOV_total": 16,
    "PF_avg": 0.391304347826087,
    "PF_total": 18,
    "PTS_avg": 2.130434782608696,
    "PTS_total": 98,
    "PLUS_MINUS_avg": 1.2391304347826086,
    "PLUS_MINUS_total": 57,
    "FG_PCT": 0.4305555555555556,
    "FG3_PCT": 0.41304347826086957,
    "FT_PCT": 0.7727272727272727,
    "games_played": 46
  }
}