{
  "season_stats": {
    "MIN_avg": 29.470588235294116,
    "MIN_total": 2004,
    "FGM_avg": 6.720588235294118,
    "FGM_total": 457,
    "FGA_avg": 15.544117647058824,
    "FGA_total": 1057,
    "FG3M_avg": 3.4558823529411766,
    "FG3M_total": 235,
    "FG3A_avg": 9.147058823529411,
    "FG3A_total": 622,
    "FTM_avg": 3.5588235294117645,
    "FTM_total": 242,
    "FTA_avg": 4.029411764705882,
    "FTA_total": 274,
    "OREB_avg": 0.45588235294117646,
    "OREB_total": 31,
    "DREB_avg": 2.5294117647058822,
    "DREB_total": 172,
    "REB_avg": 2.985294117647059,
    "REB_total": 203,
    "AST_avg": 4.455882352941177,
    "AST_total": 303,
    "STL_avg": 1.2647058823529411,
    "STL_total": 86,
    "BLK_avg": 0.39705882352941174,
    "BLK_total": 27,
    "TOV_avg": 3.0,
    "TOV_total": 204,
    "PF_avg": 2.9558823529411766,
    "PF_total": 201,
    "PTS_avg": 20.455882352941178,
    "PTS_total": 1391,
    "PLUS_MINUS_avg": -8.205882352941176,
    "PLUS_MINUS_total": -558,
    "FG_PCT": 0.4323557237464522,
    "FG3_PCT": 0.3778135048231511,
    "FT_PCT": 0.8832116788321168,
    "games_played": 68
  }
}