{
  "season_stats": {
    "MIN_avg": 23.833333333333332,
    "MIN_total": 143,
    "FGM_avg": 3.1666666666666665,
    "FGM_total": 19,
    "FGA_avg": 6.5,
    "FGA_total": 39,
    "FG3M_avg": 1.0,
    "FG3M_total": 6,
    "FG3A_avg": 3.0,
    "FG3A_total": 18,
    "FTM_avg": 1.3333333333333333,
    "FTM_total": 8,
    "FTA_avg": 2.3333333333333335,
    "FTA_total": 14,
    "OREB_avg": 1.1666666666666667,
    "OREB_total": 7,
    "DREB_avg": 2.5,
    "DREB_total": 15,
    "REB_avg": 3.6666666666666665,
    "REB_total": 22,
    "AST_avg": 0.6666666666666666,
    "AST_total": 4,
    "STL_avg": 0.6666666666666666,
    "STL_total": 4,
    "BLK_avg": 0.5,
    "BLK_total": 3,
    "TOV_avg": 1.3333333333333333,
    "TOV_total": 8,
    "PF_avg": 2.3333333333333335,
    "PF_total": 14,
    "PTS_avg": 8.666666666666666,
    "PTS_total": 52,
    "PLUS_MINUS_avg": -5.166666666666667,
    "PLUS_MINUS_total": -31,
    "FG_PCT": 0.48717948717948717,
    "FG3_PCT": 0.3333333333333333,
    "FT_PCT": 0.5714285714285714,
    "games_played": 6
  }
}