{
  "season_stats": {
    "MIN_avg": 10.472222222222221,
    "MIN_total": 377,
    "FGM_avg": 1.8888888888888888,
    "FGM_total": 68,
    "FGA_avg": 3.25,
    "FGA_total": 117,
    "FG3M_avg": 0.0,
    "FG3M_total": 0,
    "FG3A_avg": 0.0,
    "FG3A_total": 0,
    "FTM_avg": 0.5833333333333334,
    "FTM_total": 21,
    "FTA_avg": 0.9166666666666666,
    "FTA_total": 33,
    "OREB_avg": 1.5555555555555556,
    "OREB_total": 56,
    "DREB_avg": 2.6666666666666665,
    "DREB_total": 96,
    "REB_avg": 4.222222222222222,
    "REB_total": 152,
    "AST_avg": 0.4722222222222222,
    "AST_total": 17,
    "STL_avg": 0.3888888888888889,
    "STL_total": 14,
    "BLK_avg": 0.8333333333333334,
    "BLK_total": 30,
    "TOV_avg": 0.6388888888888888,
    "TOV_total": 23,
    "PF_avg": 1.3888888888888888,
    "PF_total": 50,
    "PTS_avg": 4.361111111111111,
    "PTS_total": 157,
    "PLUS_MINUS_avg": -3.5833333333333335,
    "PLUS_MINUS_total": -129,
    "FG_PCT": 0.5811965811965812,
    "FG3_PCT": 0.0,
    "FT_PCT": 0.6363636363636364,
    "games_played": 36
  }
}