{
  "season_stats": {
    "MIN_avg": 13.919354838709678,
    "MIN_total": 863,
    "FGM_avg": 2.129032258064516,
    "FGM_total": 132,
    "FGA_avg": 3.274193548387097,
    "FGA_total": 203,
    "FG3M_avg": 0.0,
    "FG3M_total": 0,
    "FG3A_avg": 0.04838709677419355,
    "FG3A_total": 3,
    "FTM_avg": 0.7419354838709677,
    "FTM_total": 46,
    "FTA_avg": 0.9838709677419355,
    "FTA_total": 61,
    "OREB_avg": 1.435483870967742,
    "OREB_total": 89,
    "DREB_avg": 2.370967741935484,
    "DREB_total": 147,
    "REB_avg": 3.806451612903226,
    "REB_total": 236,
    "AST_avg": 0.7258064516129032,
    "AST_total": 45,
    "STL_avg": 0.2903225806451613,
    "STL_total": 18,
    "BLK_avg": 0.6774193548387096,
    "BLK_total": 42,
    "TOV_avg": 0.6451612903225806,
    "TOV_total": 40,
    "PF_avg": 1.7096774193548387,
    "PF_total": 106,
    "PTS_avg": 5.0,
    "PTS_total": 310,
    "PLUS_MINUS_avg": 2.5,
    "PLUS_MINUS_total": 155,
    "FG_PCT": 0.6502463054187192,
    "FG3_PCT": 0.0,
    "FT_PCT": 0.7540983606557377,
    "games_played": 62
  }
}