{
  "season_stats": {
    "MIN_avg": 12.130434782608695,
    "MIN_total": 558,
    "FGM_avg": 0.8913043478260869,
    "FGM_total": 41,
    "FGA_avg": 1.9782608695652173,
    "FGA_total": 91,
    "FG3M_avg": 0.5,
    "FG3M_total": 23,
    "FG3A_avg": 1.3478260869565217,
    "FG3A_total": 62,
    "FTM_avg": 0.15217391304347827,
    "FTM_total": 7,
    "FTA_avg": 0.17391304347826086,
    "FTA_total": 8,
    "OREB_avg": 0.8043478260869565,
    "OREB_total": 37,
    "DREB_avg": 2.4782608695652173,
    "DREB_total": 114,
    "REB_avg": 3.282608695652174,
    "REB_total": 151,
    "AST_avg": 0.9130434782608695,
    "AST_total": 42,
    "STL_avg": 0.6521739130434783,
    "STL_total": 30,
    "BLK_avg": 0.30434782608695654,
    "BLK_total": 14,
    "TOV_avg": 0.34782608695652173,
    "TOV_total": 16,
    "PF_avg": 0.6956521739130435,
    "PF_total": 32,
    "PTS_avg": 2.4347826086956523,
    "PTS_total": 112,
    "PLUS_MINUS_avg": 1.2608695652173914,
    "PLUS_MINUS_total": 58,
    "FG_PCT": 0.45054945054945056,
    "FG3_PCT": 0.3709677419354839,
    "FT_PCT": 0.875,
    "games_played": 46
  }
}