{
  "season_stats": {
    "MIN_avg": 4.888888888888889,
    "MIN_total": 44,
    "FGM_avg": 0.5555555555555556,
    "FGM_total": 5,
    "FGA_avg": 1.8888888888888888,
    "FGA_total": 17,
    "FG3M_avg": 0.4444444444444444,
    "FG3M_total": 4,
    "FG3A_avg": 1.4444444444444444,
    "FG3A_total": 13,
    "FTM_avg": 0.0,
    "FTM_total": 0,
    "FTA_avg": 0.0,
    "FTA_total": 0,
    "OREB_avg": 0.2222222222222222,
    "OREB_total": 2,
    "DREB_avg": 0.3333333333333333,
    "DREB_total": 3,
    "REB_avg": 0.5555555555555556,
    "REB_total": 5,
    "AST_avg": 0.1111111111111111,
    "AST_total": 1,
    "STL_avg": 0.0,
    "STL_total": 0,
    "BLK_avg": 0.2222222222222222,
    "BLK_total": 2,
    "TOV_avg": 0.2222222222222222,
    "TOV_total": 2,
    "PF_avg": 0.3333333333333333,
    "PF_total": 3,
    "PTS_avg": 1.5555555555555556,
    "PTS_total": 14,
    "PLUS_MINUS_avg": -1.1111111111111112,
    "PLUS_MINUS_total": -10,
    "FG_PCT": 0.29411764705882354,
    "FG3_PCT": 0.3076923076923077,
    "FT_PCT": 0.0,
    "games_played": 9
  }
}