{
  "season_stats": {
    "MIN_avg": 9.23076923076923,
    "MIN_total": 120,
    "FGM_avg": 2.6153846153846154,
    "FGM_total": 34,
    "FGA_avg": 3.769230769230769,
    "FGA_total": 49,
    "FG3M_avg": 0.0,
    "FG3M_total": 0,
    "FG3A_avg": 0.0,
    "FG3A_total": 0,
    "FTM_avg": 0.6153846153846154,
    "FTM_total": 8,
    "FTA_avg": 0.8461538461538461,
    "FTA_total": 11,
    "OREB_avg": 0.9230769230769231,
    "OREB_total": 12,
    "DREB_avg": 2.4615384615384617,
    "DREB_total": 32,
    "REB_avg": 3.3846153846153846,
    "REB_total": 44,
    "AST_avg": 0.15384615384615385,
    "AST_total": 2,
    "STL_avg": 0.46153846153846156,
    "STL_total": 6,
    "BLK_avg": 0.3076923076923077,
    "BLK_total": 4,
    "TOV_avg": 0.8461538461538461,
    "TOV_total": 11,
    "PF_avg": 1.3076923076923077,
    "PF_total": 17,
    "PTS_avg": 5.846153846153846,
    "PTS_total": 76,
    "PLUS_MINUS_avg": -1.0769230769230769,
    "PLUS_MINUS_total": -14,
    "FG_PCT": 0.6938775510204082,
    "FG3_PCT": 0.0,
    "FT_PCT": 0.7272727272727273,
    "games_played": 13
  }
}