{
  "season_stats": {
    "MIN_avg": 31.627118644067796,
    "MIN_total": 1866,
    "FGM_avg": 4.966101694915254,
    "FGM_total": 293,
    "FGA_avg": 9.76271186440678,
    "FGA_total": 576,
    "FG3M_avg": 1.728813559322034,
    "FG3M_total": 102,
    "FG3A_avg": 4.186440677966102,
    "FG3A_total": 247,
    "FTM_avg": 1.4745762711864407,
    "FTM_total": 87,
    "FTA_avg": 1.9152542372881356,
    "FTA_total": 113,
    "OREB_avg": 1.3389830508474576,
    "OREB_total": 79,
    "DREB_avg": 3.6610169491525424,
    "DREB_total": 216,
    "REB_avg": 5.0,
    "REB_total": 295,
    "AST_avg": 1.4067796610169492,
    "AST_total": 83,
    "STL_avg": 0.7627118644067796,
    "STL_total": 45,
    "BLK_avg": 0.4406779661016949,
    "BLK_total": 26,
    "TOV_avg": 0.8305084745762712,
    "TOV_total": 49,
    "PF_avg": 1.7796610169491525,
    "PF_total": 105,
    "PTS_avg": 13.135593220338983,
    "PTS_total": 775,
    "PLUS_MINUS_avg": 2.6779661016949152,
    "PLUS_MINUS_total": 158,
    "FG_PCT": 0.5086805555555556,
    "FG3_PCT": 0.41295546558704455,
    "FT_PCT": 0.7699115044247787,
    "games_played": 59
  }
}