{
  "season_stats": {
    "MIN_avg": 19.973684210526315,
    "MIN_total": 759,
    "FGM_avg": 3.1052631578947367,
    "FGM_total": 118,
    "FGA_avg": 7.947368421052632,
    "FGA_total": 302,
    "FG3M_avg": 1.8421052631578947,
    "FG3M_total": 70,
    "FG3A_avg": 5.342105263157895,
    "FG3A_total": 203,
    "FTM_avg": 0.7368421052631579,
    "FTM_total": 28,
    "FTA_avg": 0.9210526315789473,
    "FTA_total": 35,
    "OREB_avg": 0.5789473684210527,
    "OREB_total": 22,
    "DREB_avg": 1.7894736842105263,
    "DREB_total": 68,
    "REB_avg": 2.3684210526315788,
    "REB_total": 90,
    "AST_avg": 2.0,
    "AST_total": 76,
    "STL_avg": 0.5,
    "STL_total": 19,
    "BLK_avg": 0.18421052631578946,
    "BLK_total": 7,
    "TOV_avg": 1.368421052631579,
    "TOV_total": 52,
    "PF_avg": 1.131578947368421,
    "PF_total": 43,
    "PTS_avg": 8.789473684210526,
    "PTS_total": 334,
    "PLUS_MINUS_avg": -2.789473684210526,
    "PLUS_MINUS_total": -106,
    "FG_PCT": 0.39072847682119205,
    "FG3_PCT": 0.3448275862068966,
    "FT_PCT": 0.8,
    "games_played": 38
  }
}