{
  "season_stats": {
    "MIN_avg": 18.890625,
    "MIN_total": 1209,
    "FGM_avg": 3.6875,
    "FGM_total": 236,
    "FGA_avg": 5.9375,
    "FGA_total": 380,
    "FG3M_avg": 0.015625,
    "FG3M_total": 1,
    "FG3A_avg": 0.265625,
    "FG3A_total": 17,
    "FTM_avg": 0.953125,
    "FTM_total": 61,
    "FTA_avg": 1.359375,
    "FTA_total": 87,
    "OREB_avg": 1.984375,
    "OREB_total": 127,
    "DREB_avg": 3.109375,
    "DREB_total": 199,
    "REB_avg": 5.09375,
    "REB_total": 326,
    "AST_avg": 1.03125,
    "AST_total": 66,
    "STL_avg": 0.8125,
    "STL_total": 52,
    "BLK_avg": 0.5625,
    "BLK_total": 36,
    "TOV_avg": 0.640625,
    "TOV_total": 41,
    "PF_avg": 2.265625,
    "PF_total": 145,
    "PTS_avg": 8.34375,
    "PTS_total": 534,
    "PLUS_MINUS_avg": 2.828125,
    "PLUS_MINUS_total": 181,
    "FG_PCT": 0.6210526315789474,
    "FG3_PCT": 0.058823529411764705,
    "FT_PCT": 0.7011494252873564,
    "games_played": 64
  }
}