{
  "season_stats": {
    "MIN_avg": 33.701298701298704,
    "MIN_total": 2595,
    "FGM_avg": 6.857142857142857,
    "FGM_total": 528,
    "FGA_avg": 13.61038961038961,
    "FGA_total": 1048,
    "FG3M_avg": 2.5064935064935066,
    "FG3M_total": 193,
    "FG3A_avg": 6.35064935064935,
    "FG3A_total": 489,
    "FTM_avg": 1.9350649350649352,
    "FTM_total": 149,
    "FTA_avg": 2.5194805194805197,
    "FTA_total": 194,
    "OREB_avg": 1.7922077922077921,
    "OREB_total": 138,
    "DREB_avg": 5.220779220779221,
    "DREB_total": 402,
    "REB_avg": 7.012987012987013,
    "REB_total": 540,
    "AST_avg": 2.142857142857143,
    "AST_total": 165,
    "STL_avg": 0.6493506493506493,
    "STL_total": 50,
    "BLK_avg": 0.4935064935064935,
    "BLK_total": 38,
    "TOV_avg": 1.3506493506493507,
    "TOV_total": 104,
    "PF_avg": 2.038961038961039,
    "PF_total": 157,
    "PTS_avg": 18.155844155844157,
    "PTS_total": 1398,
    "PLUS_MINUS_avg": 3.4415584415584415,
    "PLUS_MINUS_total": 265,
    "FG_PCT": 0.5038167938931297,
    "FG3_PCT": 0.3946830265848671,
    "FT_PCT": 0.7680412371134021,
    "games_played": 77
  }
}