{
  "season_stats": {
    "MIN_avg": 28.533333333333335,
    "MIN_total": 856,
    "FGM_avg": 9.6,
    "FGM_total": 288,
    "FGA_avg": 16.933333333333334,
    "FGA_total": 508,
    "FG3M_avg": 0.1,
    "FG3M_total": 3,
    "FG3A_avg": 0.43333333333333335,
    "FG3A_total": 13,
    "FTM_avg": 5.266666666666667,
    "FTM_total": 158,
    "FTA_avg": 8.033333333333333,
    "FTA_total": 241,
    "OREB_avg": 2.533333333333333,
    "OREB_total": 76,
    "DREB_avg": 4.666666666666667,
    "DREB_total": 140,
    "REB_avg": 7.2,
    "REB_total": 216,
    "AST_avg": 5.3,
    "AST_total": 159,
    "STL_avg": 1.2333333333333334,
    "STL_total": 37,
    "BLK_avg": 0.9,
    "BLK_total": 27,
    "TOV_avg": 3.0,
    "TOV_total": 90,
    "PF_avg": 2.7333333333333334,
    "PF_total": 82,
    "PTS_avg": 24.566666666666666,
    "PTS_total": 737,
    "PLUS_MINUS_avg": -1.4,
    "PLUS_MINUS_total": -42,
    "FG_PCT": 0.5669291338582677,
    "FG3_PCT": 0.23076923076923078,
    "FT_PCT": 0.6556016597510373,
    "games_played": 30
  }
}