{
  "season_stats": {
    "MIN_avg": 11.880952380952381,
    "MIN_total": 499,
    "FGM_avg": 1.9285714285714286,
    "FGM_total": 81,
    "FGA_avg": 3.619047619047619,
    "FGA_total": 152,
    "FG3M_avg": 0.2619047619047619,
    "FG3M_total": 11,
    "FG3A_avg": 0.6190476190476191,
    "FG3A_total": 26,
    "FTM_avg": 0.6428571428571429,
    "FTM_total": 27,
    "FTA_avg": 0.9523809523809523,
    "FTA_total": 40,
    "OREB_avg": 1.3333333333333333,
    "OREB_total": 56,
    "DREB_avg": 1.9285714285714286,
    "DREB_total": 81,
    "REB_avg": 3.261904761904762,
    "REB_total": 137,
    "AST_avg": 0.8809523809523809,
    "AST_total": 37,
    "STL_avg": 0.30952380952380953,
    "STL_total": 13,
    "BLK_avg": 0.23809523809523808,
    "BLK_total": 10,
    "TOV_avg": 0.5,
    "TOV_total": 21,
    "PF_avg": 1.1666666666666667,
    "PF_total": 49,
    "PTS_avg": 4.761904761904762,
    "PTS_total": 200,
    "PLUS_MINUS_avg": -0.5952380952380952,
    "PLUS_MINUS_total": -25,
    "FG_PCT": 0.5328947368421053,
    "FG3_PCT": 0.4230769230769231,
    "FT_PCT": 0.675,
    "games_played": 42
  }
}