{
  "season_stats": {
    "MIN_avg": 21.77777777777778,
    "MIN_total": 196,
    "FGM_avg": 2.2222222222222223,
    "FGM_total": 20,
    "FGA_avg": 4.444444444444445,
    "FGA_total": 40,
    "FG3M_avg": 1.2222222222222223,
    "FG3M_total": 11,
    "FG3A_avg": 3.111111111111111,
    "FG3A_total": 28,
    "FTM_avg": 0.2222222222222222,
    "FTM_total": 2,
    "FTA_avg": 0.3333333333333333,
    "FTA_total": 3,
    "OREB_avg": 2.3333333333333335,
    "OREB_total": 21,
    "DREB_avg": 2.888888888888889,
    "DREB_total": 26,
    "REB_avg": 5.222222222222222,
    "REB_total": 47,
    "AST_avg": 1.6666666666666667,
    "AST_total": 15,
    "STL_avg": 0.5555555555555556,
    "STL_total": 5,
    "BLK_avg": 0.4444444444444444,
    "BLK_total": 4,
    "TOV_avg": 0.3333333333333333,
    "TOV_total": 3,
    "PF_avg": 0.5555555555555556,
    "PF_total": 5,
    "PTS_avg": 5.888888888888889,
    "PTS_total": 53,
    "PLUS_MINUS_avg": -3.111111111111111,
    "PLUS_MINUS_total": -28,
    "FG_PCT": 0.5,
    "FG3_PCT": 0.39285714285714285,
    "FT_PCT": 0.6666666666666666,
    "games_played": 9
  }
}