{
  "season_stats": {
    "MIN_avg": 23.77922077922078,
    "MIN_total": 1831,
    "FGM_avg": 4.818181818181818,
    "FGM_total": 371,
    "FGA_avg": 10.0,
    "FGA_total": 770,
    "FG3M_avg": 1.12987012987013,
    "FG3M_total": 87,
    "FG3A_avg": 3.5584415584415585,
    "FG3A_total": 274,
    "FTM_avg": 1.948051948051948,
    "FTM_total": 150,
    "FTA_avg": 2.5194805194805197,
    "FTA_total": 194,
    "OREB_avg": 1.4545454545454546,
    "OREB_total": 112,
    "DREB_avg": 3.3636363636363638,
    "DREB_total": 259,
    "REB_avg": 4.818181818181818,
    "REB_total": 371,
    "AST_avg": 1.6233766233766234,
    "AST_total": 125,
    "STL_avg": 0.6363636363636364,
    "STL_total": 49,
    "BLK_avg": 0.2857142857142857,
    "BLK_total": 22,
    "TOV_avg": 1.0,
    "TOV_total": 77,
    "PF_avg": 1.4935064935064934,
    "PF_total": 115,
    "PTS_avg": 12.714285714285714,
    "PTS_total": 979,
    "PLUS_MINUS_avg": -2.8181818181818183,
    "PLUS_MINUS_total": -217,
    "FG_PCT": 0.4818181818181818,
    "FG3_PCT": 0.3175182481751825,
    "FT_PCT": 0.7731958762886598,
    "games_played": 77
  }
}