{
  "season_stats": {
    "MIN_avg": 26.928571428571427,
    "MIN_total": 1885,
    "FGM_avg": 4.571428571428571,
    "FGM_total": 320,
    "FGA_avg": 8.114285714285714,
    "FGA_total": 568,
    "FG3M_avg": 0.07142857142857142,
    "FG3M_total": 5,
    "FG3A_avg": 0.3,
    "FG3A_total": 21,
    "FTM_avg": 1.1285714285714286,
    "FTM_total": 79,
    "FTA_avg": 2.2,
    "FTA_total": 154,
    "OREB_avg": 2.242857142857143,
    "OREB_total": 157,
    "DREB_avg": 5.114285714285714,
    "DREB_total": 358,
    "REB_avg": 7.357142857142857,
    "REB_total": 515,
    "AST_avg": 2.242857142857143,
    "AST_total": 157,
    "STL_avg": 0.8857142857142857,
    "STL_total": 62,
    "BLK_avg": 1.4285714285714286,
    "BLK_total": 100,
    "TOV_avg": 1.2428571428571429,
    "TOV_total": 87,
    "PF_avg": 2.142857142857143,
    "PF_total": 150,
    "PTS_avg": 10.342857142857143,
    "PTS_total": 724,
    "PLUS_MINUS_avg": -7.1,
    "PLUS_MINUS_total": -497,
    "FG_PCT": 0.5633802816901409,
    "FG3_PCT": 0.23809523809523808,
    "FT_PCT": 0.512987012987013,
    "games_played": 70
  }
}