{
  "season_stats": {
    "MIN_avg": 14.649122807017545,
    "MIN_total": 835,
    "FGM_avg": 2.017543859649123,
    "FGM_total": 115,
    "FGA_avg": 4.456140350877193,
    "FGA_total": 254,
    "FG3M_avg": 0.6666666666666666,
    "FG3M_total": 38,
    "FG3A_avg": 1.8596491228070176,
    "FG3A_total": 106,
    "FTM_avg": 0.8245614035087719,
    "FTM_total": 47,
    "FTA_avg": 1.0350877192982457,
    "FTA_total": 59,
    "OREB_avg": 0.543859649122807,
    "OREB_total": 31,
    "DREB_avg": 1.280701754385965,
    "DREB_total": 73,
    "REB_avg": 1.8245614035087718,
    "REB_total": 104,
    "AST_avg": 1.7894736842105263,
    "AST_total": 102,
    "STL_avg": 0.43859649122807015,
    "STL_total": 25,
    "BLK_avg": 0.07017543859649122,
    "BLK_total": 4,
    "TOV_avg": 0.7017543859649122,
    "TOV_total": 40,
    "PF_avg": 1.1754385964912282,
    "PF_total": 67,
    "PTS_avg": 5.526315789473684,
    "PTS_total": 315,
    "PLUS_MINUS_avg": -2.0701754385964914,
    "PLUS_MINUS_total": -118,
    "FG_PCT": 0.452755905511811,
    "FG3_PCT": 0.3584905660377358,
    "FT_PCT": 0.7966101694915254,
    "games_played": 57
  }
}