{
  "season_stats": {
    "MIN_avg": 25.56756756756757,
    "MIN_total": 1892,
    "FGM_avg": 3.824324324324324,
    "FGM_total": 283,
    "FGA_avg": 8.878378378378379,
    "FGA_total": 657,
    "FG3M_avg": 2.4324324324324325,
    "FG3M_total": 180,
    "FG3A_avg": 5.851351351351352,
    "FG3A_total": 433,
    "FTM_avg": 1.054054054054054,
    "FTM_total": 78,
    "FTA_avg": 1.2432432432432432,
    "FTA_total": 92,
    "OREB_avg": 0.2702702702702703,
    "OREB_total": 20,
    "DREB_avg": 2.0,
    "DREB_total": 148,
    "REB_avg": 2.27027027027027,
    "REB_total": 168,
    "AST_avg": 1.1756756756756757,
    "AST_total": 87,
    "STL_avg": 0.972972972972973,
    "STL_total": 72,
    "BLK_avg": 0.05405405405405406,
    "BLK_total": 4,
    "TOV_avg": 0.5675675675675675,
    "TOV_total": 42,
    "PF_avg": 1.6756756756756757,
    "PF_total": 124,
    "PTS_avg": 11.135135135135135,
    "PTS_total": 824,
    "PLUS_MINUS_avg": 0.9459459459459459,
    "PLUS_MINUS_total": 70,
    "FG_PCT": 0.4307458143074581,
    "FG3_PCT": 0.41570438799076215,
    "FT_PCT": 0.8478260869565217,
    "games_played": 74
  }
}