{
  "season_stats": {
    "MIN_avg": 31.57894736842105,
    "MIN_total": 1800,
    "FGM_avg": 6.228070175438597,
    "FGM_total": 355,
    "FGA_avg": 13.105263157894736,
    "FGA_total": 747,
    "FG3M_avg": 2.789473684210526,
    "FG3M_total": 159,
    "FG3A_avg": 7.157894736842105,
    "FG3A_total": 408,
    "FTM_avg": 3.526315789473684,
    "FTM_total": 201,
    "FTA_avg": 3.9473684210526314,
    "FTA_total": 225,
    "OREB_avg": 0.9473684210526315,
    "OREB_total": 54,
    "DREB_avg": 3.3859649122807016,
    "DREB_total": 193,
    "REB_avg": 4.333333333333333,
    "REB_total": 247,
    "AST_avg": 3.4035087719298245,
    "AST_total": 194,
    "STL_avg": 0.9298245614035088,
    "STL_total": 53,
    "BLK_avg": 0.43859649122807015,
    "BLK_total": 25,
    "TOV_avg": 1.736842105263158,
    "TOV_total": 99,
    "PF_avg": 1.8245614035087718,
    "PF_total": 104,
    "PTS_avg": 18.771929824561404,
    "PTS_total": 1070,
    "PLUS_MINUS_avg": -3.508771929824561,
    "PLUS_MINUS_total": -200,
    "FG_PCT": 0.47523427041499333,
    "FG3_PCT": 0.3897058823529412,
    "FT_PCT": 0.8933333333333333,
    "games_played": 57
  }
}