{
  "season_stats": {
    "MIN_avg": 7.0,
    "MIN_total": 231,
    "FGM_avg": 0.3939393939393939,
    "FGM_total": 13,
    "FGA_avg": 1.606060606060606,
    "FGA_total": 53,
    "FG3M_avg": 0.15151515151515152,
    "FG3M_total": 5,
    "FG3A_avg": 0.9696969696969697,
    "FG3A_total": 32,
    "FTM_avg": 0.09090909090909091,
    "FTM_total": 3,
    "FTA_avg": 0.12121212121212122,
    "FTA_total": 4,
    "OREB_avg": 0.30303030303030304,
    "OREB_total": 10,
    "DREB_avg": 1.0,
    "DREB_total": 33,
    "REB_avg": 1.303030303030303,
    "REB_total": 43,
    "AST_avg": 0.21212121212121213,
    "AST_total": 7,
    "STL_avg": 0.3333333333333333,
    "STL_total": 11,
    "BLK_avg": 0.15151515151515152,
    "BLK_total": 5,
    "TOV_avg": 0.42424242424242425,
    "TOV_total": 14,
    "PF_avg": 0.5454545454545454,
    "PF_total": 18,
    "PTS_avg": 1.0303030303030303,
    "PTS_total": 34,
    "PLUS_MINUS_avg": -0.36363636363636365,
    "PLUS_MINUS_total": -12,
    "FG_PCT": 0.24528301886792453,
    "FG3_PCT": 0.15625,
    "FT_PCT": 0.75,
    "games_played": 33
  }
}