{
  "season_stats": {
    "MIN_avg": 30.282608695652176,
    "MIN_total": 1393,
    "FGM_avg": 4.804347826086956,
    "FGM_total": 221,
    "FGA_avg": 9.76086956521739,
    "FGA_total": 449,
    "FG3M_avg": 1.3478260869565217,
    "FG3M_total": 62,
    "FG3A_avg": 4.108695652173913,
    "FG3A_total": 189,
    "FTM_avg": 1.3478260869565217,
    "FTM_total": 62,
    "FTA_avg": 1.7173913043478262,
    "FTA_total": 79,
    "OREB_avg": 0.5652173913043478,
    "OREB_total": 26,
    "DREB_avg": 2.9347826086956523,
    "DREB_total": 135,
    "REB_avg": 3.5,
    "REB_total": 161,
    "AST_avg": 4.521739130434782,
    "AST_total": 208,
    "STL_avg": 0.9347826086956522,
    "STL_total": 43,
    "BLK_avg": 0.391304347826087,
    "BLK_total": 18,
    "TOV_avg": 1.5,
    "TOV_total": 69,
    "PF_avg": 2.282608695652174,
    "PF_total": 105,
    "PTS_avg": 12.304347826086957,
    "PTS_total": 566,
    "PLUS_MINUS_avg": -5.086956521739131,
    "PLUS_MINUS_total": -234,
    "FG_PCT": 0.4922048997772829,
    "FG3_PCT": 0.328042328042328,
    "FT_PCT": 0.7848101265822784,
    "games_played": 46
  }
}