{
  "season_stats": {
    "MIN_avg": 9.755555555555556,
    "MIN_total": 439,
    "FGM_avg": 1.6,
    "FGM_total": 72,
    "FGA_avg": 3.1555555555555554,
    "FGA_total": 142,
    "FG3M_avg": 0.17777777777777778,
    "FG3M_total": 8,
    "FG3A_avg": 0.6222222222222222,
    "FG3A_total": 28,
    "FTM_avg": 0.7111111111111111,
    "FTM_total": 32,
    "FTA_avg": 0.9333333333333333,
    "FTA_total": 42,
    "OREB_avg": 0.8888888888888888,
    "OREB_total": 40,
    "DREB_avg": 1.8444444444444446,
    "DREB_total": 83,
    "REB_avg": 2.7333333333333334,
    "REB_total": 123,
    "AST_avg": 0.9777777777777777,
    "AST_total": 44,
    "STL_avg": 0.8666666666666667,
    "STL_total": 39,
    "BLK_avg": 0.5555555555555556,
    "BLK_total": 25,
    "TOV_avg": 0.5777777777777777,
    "TOV_total": 26,
    "PF_avg": 1.6666666666666667,
    "PF_total": 75,
    "PTS_avg": 4.088888888888889,
    "PTS_total": 184,
    "PLUS_MINUS_avg": 0.9555555555555556,
    "PLUS_MINUS_total": 43,
    "FG_PCT": 0.5070422535211268,
    "FG3_PCT": 0.2857142857142857,
    "FT_PCT": 0.7619047619047619,
    "games_played": 45
  }
}