{
  "season_stats": {
    "MIN_avg": 19.802816901408452,
    "MIN_total": 1406,
    "FGM_avg": 2.4225352112676055,
    "FGM_total": 172,
    "FGA_avg": 5.971830985915493,
    "FGA_total": 424,
    "FG3M_avg": 1.9295774647887325,
    "FG3M_total": 137,
    "FG3A_avg": 5.183098591549296,
    "FG3A_total": 368,
    "FTM_avg": 0.39436619718309857,
    "FTM_total": 28,
    "FTA_avg": 0.4084507042253521,
    "FTA_total": 29,
    "OREB_avg": 0.5352112676056338,
    "OREB_total": 38,
    "DREB_avg": 1.676056338028169,
    "DREB_total": 119,
    "REB_avg": 2.211267605633803,
    "REB_total": 157,
    "AST_avg": 1.5211267605633803,
    "AST_total": 108,
    "STL_avg": 0.7464788732394366,
    "STL_total": 53,
    "BLK_avg": 0.19718309859154928,
    "BLK_total": 14,
    "TOV_avg": 0.49295774647887325,
    "TOV_total": 35,
    "PF_avg": 1.7464788732394365,
    "PF_total": 124,
    "PTS_avg": 7.169014084507042,
    "PTS_total": 509,
    "PLUS_MINUS_avg": 4.52112676056338,
    "PLUS_MINUS_total": 321,
    "FG_PCT": 0.4056603773584906,
    "FG3_PCT": 0.37228260869565216,
    "FT_PCT": 0.9655172413793104,
    "games_played": 71
  }
}