{
  "season_stats": {
    "MIN_avg": 18.417910447761194,
    "MIN_total": 1234,
    "FGM_avg": 3.4328358208955225,
    "FGM_total": 230,
    "FGA_avg": 8.104477611940299,
    "FGA_total": 543,
    "FG3M_avg": 1.1492537313432836,
    "FG3M_total": 77,
    "FG3A_avg": 3.253731343283582,
    "FG3A_total": 218,
    "FTM_avg": 1.3880597014925373,
    "FTM_total": 93,
    "FTA_avg": 1.6865671641791045,
    "FTA_total": 113,
    "OREB_avg": 0.6865671641791045,
    "OREB_total": 46,
    "DREB_avg": 2.3582089552238807,
    "DREB_total": 158,
    "REB_avg": 3.044776119402985,
    "REB_total": 204,
    "AST_avg": 2.8507462686567164,
    "AST_total": 191,
    "STL_avg": 0.6716417910447762,
    "STL_total": 45,
    "BLK_avg": 0.47761194029850745,
    "BLK_total": 32,
    "TOV_avg": 1.537313432835821,
    "TOV_total": 103,
    "PF_avg": 2.253731343283582,
    "PF_total": 151,
    "PTS_avg": 9.402985074626866,
    "PTS_total": 630,
    "PLUS_MINUS_avg": -0.23880597014925373,
    "PLUS_MINUS_total": -16,
    "FG_PCT": 0.42357274401473294,
    "FG3_PCT": 0.3532110091743119,
    "FT_PCT": 0.8230088495575221,
    "games_played": 67
  }
}