{
  "season_stats": {
    "MIN_avg": 11.454545454545455,
    "MIN_total": 126,
    "FGM_avg": 1.2727272727272727,
    "FGM_total": 14,
    "FGA_avg": 2.0,
    "FGA_total": 22,
    "FG3M_avg": 0.0,
    "FG3M_total": 0,
    "FG3A_avg": 0.0,
    "FG3A_total": 0,
    "FTM_avg": 0.5454545454545454,
    "FTM_total": 6,
    "FTA_avg": 0.9090909090909091,
    "FTA_total": 10,
    "OREB_avg": 1.0909090909090908,
    "OREB_total": 12,
    "DREB_avg": 2.4545454545454546,
    "DREB_total": 27,
    "REB_avg": 3.5454545454545454,
    "REB_total": 39,
    "AST_avg": 0.45454545454545453,
    "AST_total": 5,
    "STL_avg": 0.09090909090909091,
    "STL_total": 1,
    "BLK_avg": 0.2727272727272727,
    "BLK_total": 3,
    "TOV_avg": 0.36363636363636365,
    "TOV_total": 4,
    "PF_avg": 1.3636363636363635,
    "PF_total": 15,
    "PTS_avg": 3.090909090909091,
    "PTS_total": 34,
    "PLUS_MINUS_avg": -6.818181818181818,
    "PLUS_MINUS_total": -75,
    "FG_PCT": 0.6363636363636364,
    "FG3_PCT": 0.0,
    "FT_PCT": 0.6,
    "games_played": 11
  }
}