{
  "season_stats": {
    "MIN_avg": 28.4375,
    "MIN_total": 2275,
    "FGM_avg": 5.1125,
    "FGM_total": 409,
    "FGA_avg": 10.825,
    "FGA_total": 866,
    "FG3M_avg": 3.1875,
    "FG3M_total": 255,
    "FG3A_avg": 7.825,
    "FG3A_total": 626,
    "FTM_avg": 0.8875,
    "FTM_total": 71,
    "FTA_avg": 1.05,
    "FTA_total": 84,
    "OREB_avg": 1.275,
    "OREB_total": 102,
    "DREB_avg": 2.5625,
    "DREB_total": 205,
    "REB_avg": 3.8375,
    "REB_total": 307,
    "AST_avg": 3.4875,
    "AST_total": 279,
    "STL_avg": 0.875,
    "STL_total": 70,
    "BLK_avg": 0.175,
    "BLK_total": 14,
    "TOV_avg": 1.0375,
    "TOV_total": 83,
    "PF_avg": 1.475,
    "PF_total": 118,
    "PTS_avg": 14.3,
    "PTS_total": 1144,
    "PLUS_MINUS_avg": 5.375,
    "PLUS_MINUS_total": 430,
    "FG_PCT": 0.4722863741339492,
    "FG3_PCT": 0.4073482428115016,
    "FT_PCT": 0.8452380952380952,
    "games_played": 80
  }
}