{
  "season_stats": {
    "MIN_avg": 13.870967741935484,
    "MIN_total": 430,
    "FGM_avg": 1.8064516129032258,
    "FGM_total": 56,
    "FGA_avg": 4.741935483870968,
    "FGA_total": 147,
    "FG3M_avg": 0.7096774193548387,
    "FG3M_total": 22,
    "FG3A_avg": 2.4838709677419355,
    "FG3A_total": 77,
    "FTM_avg": 0.5806451612903226,
    "FTM_total": 18,
    "FTA_avg": 0.6774193548387096,
    "FTA_total": 21,
    "OREB_avg": 0.8387096774193549,
    "OREB_total": 26,
    "DREB_avg": 0.9032258064516129,
    "DREB_total": 28,
    "REB_avg": 1.7419354838709677,
    "REB_total": 54,
    "AST_avg": 1.2258064516129032,
    "AST_total": 38,
    "STL_avg": 1.0,
    "STL_total": 31,
    "BLK_avg": 0.3225806451612903,
    "BLK_total": 10,
    "TOV_avg": 0.7096774193548387,
    "TOV_total": 22,
    "PF_avg": 1.2258064516129032,
    "PF_total": 38,
    "PTS_avg": 4.903225806451613,
    "PTS_total": 152,
    "PLUS_MINUS_avg": -2.774193548387097,
    "PLUS_MINUS_total": -86,
    "FG_PCT": 0.38095238095238093,
    "FG3_PCT": 0.2857142857142857,
    "FT_PCT": 0.8571428571428571,
    "games_played": 31
  }
}