{
  "season_stats": {
    "MIN_avg": 8.511627906976743,
    "MIN_total": 366,
    "FGM_avg": 0.813953488372093,
    "FGM_total": 35,
    "FGA_avg": 2.0930232558139537,
    "FGA_total": 90,
    "FG3M_avg": 0.27906976744186046,
    "FG3M_total": 12,
    "FG3A_avg": 1.1162790697674418,
    "FG3A_total": 48,
    "FTM_avg": 0.627906976744186,
    "FTM_total": 27,
    "FTA_avg": 0.8837209302325582,
    "FTA_total": 38,
    "OREB_avg": 0.3953488372093023,
    "OREB_total": 17,
    "DREB_avg": 0.9534883720930233,
    "DREB_total": 41,
    "REB_avg": 1.3488372093023255,
    "REB_total": 58,
    "AST_avg": 0.7674418604651163,
    "AST_total": 33,
    "STL_avg": 0.5581395348837209,
    "STL_total": 24,
    "BLK_avg": 0.09302325581395349,
    "BLK_total": 4,
    "TOV_avg": 0.37209302325581395,
    "TOV_total": 16,
    "PF_avg": 0.9767441860465116,
    "PF_total": 42,
    "PTS_avg": 2.5348837209302326,
    "PTS_total": 109,
    "PLUS_MINUS_avg": -0.7441860465116279,
    "PLUS_MINUS_total": -32,
    "FG_PCT": 0.3888888888888889,
    "FG3_PCT": 0.25,
    "FT_PCT": 0.7105263157894737,
    "games_played": 43
  }
}