{
  "season_stats": {
    "MIN_avg": 11.90566037735849,
    "MIN_total": 631,
    "FGM_avg": 0.8490566037735849,
    "FGM_total": 45,
    "FGA_avg": 1.3396226415094339,
    "FGA_total": 71,
    "FG3M_avg": 0.0,
    "FG3M_total": 0,
    "FG3A_avg": 0.0,
    "FG3A_total": 0,
    "FTM_avg": 0.1509433962264151,
    "FTM_total": 8,
    "FTA_avg": 0.24528301886792453,
    "FTA_total": 13,
    "OREB_avg": 1.3396226415094339,
    "OREB_total": 71,
    "DREB_avg": 2.3773584905660377,
    "DREB_total": 126,
    "REB_avg": 3.7169811320754715,
    "REB_total": 197,
    "AST_avg": 0.6226415094339622,
    "AST_total": 33,
    "STL_avg": 0.18867924528301888,
    "STL_total": 10,
    "BLK_avg": 0.3584905660377358,
    "BLK_total": 19,
    "TOV_avg": 0.6226415094339622,
    "TOV_total": 33,
    "PF_avg": 1.2264150943396226,
    "PF_total": 65,
    "PTS_avg": 1.849056603773585,
    "PTS_total": 98,
    "PLUS_MINUS_avg": 0.4716981132075472,
    "PLUS_MINUS_total": 25,
    "FG_PCT": 0.6338028169014085,
    "FG3_PCT": 0.0,
    "FT_PCT": 0.6153846153846154,
    "games_played": 53
  }
}