{
  "season_stats": {
    "MIN_avg": 37.75,
    "MIN_total": 1963,
    "FGM_avg": 9.173076923076923,
    "FGM_total": 477,
    "FGA_avg": 20.98076923076923,
    "FGA_total": 1091,
    "FG3M_avg": 3.0961538461538463,
    "FG3M_total": 161,
    "FG3A_avg": 9.192307692307692,
    "FG3A_total": 478,
    "FTM_avg": 4.884615384615385,
    "FTM_total": 254,
    "FTA_avg": 5.5576923076923075,
    "FTA_total": 289,
    "OREB_avg": 0.28846153846153844,
    "OREB_total": 15,
    "DREB_avg": 3.0576923076923075,
    "DREB_total": 159,
    "REB_avg": 3.3461538461538463,
    "REB_total": 174,
    "AST_avg": 6.096153846153846,
    "AST_total": 317,
    "STL_avg": 1.75,
    "STL_total": 91,
    "BLK_avg": 0.40384615384615385,
    "BLK_total": 21,
    "TOV_avg": 2.3846153846153846,
    "TOV_total": 124,
    "PF_avg": 2.230769230769231,
    "PF_total": 116,
    "PTS_avg": 26.326923076923077,
    "PTS_total": 1369,
    "PLUS_MINUS_avg": -2.3846153846153846,
    "PLUS_MINUS_total": -124,
    "FG_PCT": 0.43721356553620533,
    "FG3_PCT": 0.3368200836820084,
    "FT_PCT": 0.8788927335640139,
    "games_played": 52
  }
}