{
  "season_stats": {
    "MIN_avg": 20.704545454545453,
    "MIN_total": 911,
    "FGM_avg": 3.727272727272727,
    "FGM_total": 164,
    "FGA_avg": 7.954545454545454,
    "FGA_total": 350,
    "FG3M_avg": 0.6590909090909091,
    "FG3M_total": 29,
    "FG3A_avg": 2.0,
    "FG3A_total": 88,
    "FTM_avg": 2.1136363636363638,
    "FTM_total": 93,
    "FTA_avg": 2.772727272727273,
    "FTA_total": 122,
    "OREB_avg": 0.8409090909090909,
    "OREB_total": 37,
    "DREB_avg": 2.7954545454545454,
    "DREB_total": 123,
    "REB_avg": 3.6363636363636362,
    "REB_total": 160,
    "AST_avg": 2.6136363636363638,
    "AST_total": 115,
    "STL_avg": 0.6136363636363636,
    "STL_total": 27,
    "BLK_avg": 0.2727272727272727,
    "BLK_total": 12,
    "TOV_avg": 1.8863636363636365,
    "TOV_total": 83,
    "PF_avg": 2.159090909090909,
    "PF_total": 95,
    "PTS_avg": 10.227272727272727,
    "PTS_total": 450,
    "PLUS_MINUS_avg": -1.4772727272727273,
    "PLUS_MINUS_total": -65,
    "FG_PCT": 0.4685714285714286,
    "FG3_PCT": 0.32954545454545453,
    "FT_PCT": 0.7622950819672131,
    "games_played": 44
  }
}