{
  "season_stats": {
    "MIN_avg": 10.625,
    "MIN_total": 340,
    "FGM_avg": 1.71875,
    "FGM_total": 55,
    "FGA_avg": 3.5625,
    "FGA_total": 114,
    "FG3M_avg": 0.34375,
    "FG3M_total": 11,
    "FG3A_avg": 0.96875,
    "FG3A_total": 31,
    "FTM_avg": 0.53125,
    "FTM_total": 17,
    "FTA_avg": 0.65625,
    "FTA_total": 21,
    "OREB_avg": 0.3125,
    "OREB_total": 10,
    "DREB_avg": 1.15625,
    "DREB_total": 37,
    "REB_avg": 1.46875,
    "REB_total": 47,
    "AST_avg": 1.0,
    "AST_total": 32,
    "STL_avg": 0.21875,
    "STL_total": 7,
    "BLK_avg": 0.15625,
    "BLK_total": 5,
    "TOV_avg": 0.46875,
    "TOV_total": 15,
    "PF_avg": 0.84375,
    "PF_total": 27,
    "PTS_avg": 4.3125,
    "PTS_total": 138,
    "PLUS_MINUS_avg": 0.34375,
    "PLUS_MINUS_total": 11,
    "FG_PCT": 0.4824561403508772,
    "FG3_PCT": 0.3548387096774194,
    "FT_PCT": 0.8095238095238095,
    "games_played": 32
  }
}