{
  "season_stats": {
    "MIN_avg": 5.666666666666667,
    "MIN_total": 221,
    "FGM_avg": 1.3333333333333333,
    "FGM_total": 52,
    "FGA_avg": 2.6923076923076925,
    "FGA_total": 105,
    "FG3M_avg": 0.2564102564102564,
    "FG3M_total": 10,
    "FG3A_avg": 0.9230769230769231,
    "FG3A_total": 36,
    "FTM_avg": 0.6153846153846154,
    "FTM_total": 24,
    "FTA_avg": 0.8974358974358975,
    "FTA_total": 35,
    "OREB_avg": 0.7948717948717948,
    "OREB_total": 31,
    "DREB_avg": 0.5897435897435898,
    "DREB_total": 23,
    "REB_avg": 1.3846153846153846,
    "REB_total": 54,
    "AST_avg": 0.28205128205128205,
    "AST_total": 11,
    "STL_avg": 0.15384615384615385,
    "STL_total": 6,
    "BLK_avg": 0.07692307692307693,
    "BLK_total": 3,
    "TOV_avg": 0.3076923076923077,
    "TOV_total": 12,
    "PF_avg": 0.7435897435897436,
    "PF_total": 29,
    "PTS_avg": 3.5384615384615383,
    "PTS_total": 138,
    "PLUS_MINUS_avg": 0.02564102564102564,
    "PLUS_MINUS_total": 1,
    "FG_PCT": 0.49523809523809526,
    "FG3_PCT": 0.2777777777777778,
    "FT_PCT": 0.6857142857142857,
    "games_played": 39
  }
}