{
  "season_stats": {
    "MIN_avg": 7.784313725490196,
    "MIN_total": 397,
    "FGM_avg": 0.8431372549019608,
    "FGM_total": 43,
    "FGA_avg": 1.7254901960784315,
    "FGA_total": 88,
    "FG3M_avg": 0.19607843137254902,
    "FG3M_total": 10,
    "FG3A_avg": 0.6078431372549019,
    "FG3A_total": 31,
    "FTM_avg": 0.6470588235294118,
    "FTM_total": 33,
    "FTA_avg": 0.9803921568627451,
    "FTA_total": 50,
    "OREB_avg": 0.35294117647058826,
    "OREB_total": 18,
    "DREB_avg": 0.9411764705882353,
    "DREB_total": 48,
    "REB_avg": 1.2941176470588236,
    "REB_total": 66,
    "AST_avg": 0.3137254901960784,
    "AST_total": 16,
    "STL_avg": 0.17647058823529413,
    "STL_total": 9,
    "BLK_avg": 0.0392156862745098,
    "BLK_total": 2,
    "TOV_avg": 0.19607843137254902,
    "TOV_total": 10,
    "PF_avg": 0.5882352941176471,
    "PF_total": 30,
    "PTS_avg": 2.5294117647058822,
    "PTS_total": 129,
    "PLUS_MINUS_avg": -1.4313725490196079,
    "PLUS_MINUS_total": -73,
    "FG_PCT": 0.48863636363636365,
    "FG3_PCT": 0.3225806451612903,
    "FT_PCT": 0.66,
    "games_played": 51
  }
}