{
  "season_stats": {
    "MIN_avg": 34.945205479452056,
    "MIN_total": 2551,
    "FGM_avg": 6.534246575342466,
    "FGM_total": 477,
    "FGA_avg": 14.205479452054794,
    "FGA_total": 1037,
    "FG3M_avg": 2.73972602739726,
    "FG3M_total": 200,
    "FG3A_avg": 7.273972602739726,
    "FG3A_total": 531,
    "FTM_avg": 4.397260273972603,
    "FTM_total": 321,
    "FTA_avg": 5.013698630136986,
    "FTA_total": 366,
    "OREB_avg": 0.8356164383561644,
    "OREB_total": 61,
    "DREB_avg": 3.671232876712329,
    "DREB_total": 268,
    "REB_avg": 4.506849315068493,
    "REB_total": 329,
    "AST_avg": 5.767123287671233,
    "AST_total": 421,
    "STL_avg": 1.1095890410958904,
    "STL_total": 81,
    "BLK_avg": 0.3013698630136986,
    "BLK_total": 22,
    "TOV_avg": 2.4246575342465753,
    "TOV_total": 177,
    "PF_avg": 2.0684931506849313,
    "PF_total": 151,
    "PTS_avg": 20.205479452054796,
    "PTS_total": 1475,
    "PLUS_MINUS_avg": 2.671232876712329,
    "PLUS_MINUS_total": 195,
    "FG_PCT": 0.45998071359691417,
    "FG3_PCT": 0.3766478342749529,
    "FT_PCT": 0.8770491803278688,
    "games_played": 73
  }
}