{
  "season_stats": {
    "MIN_avg": 35.69444444444444,
    "MIN_total": 1285,
    "FGM_avg": 7.527777777777778,
    "FGM_total": 271,
    "FGA_avg": 15.055555555555555,
    "FGA_total": 542,
    "FG3M_avg": 1.2222222222222223,
    "FG3M_total": 44,
    "FG3A_avg": 3.9166666666666665,
    "FG3A_total": 141,
    "FTM_avg": 2.611111111111111,
    "FTM_total": 94,
    "FTA_avg": 3.5,
    "FTA_total": 126,
    "OREB_avg": 1.7222222222222223,
    "OREB_total": 62,
    "DREB_avg": 8.25,
    "DREB_total": 297,
    "REB_avg": 9.972222222222221,
    "REB_total": 359,
    "AST_avg": 5.027777777777778,
    "AST_total": 181,
    "STL_avg": 1.5555555555555556,
    "STL_total": 56,
    "BLK_avg": 1.0,
    "BLK_total": 36,
    "TOV_avg": 2.9444444444444446,
    "TOV_total": 106,
    "PF_avg": 1.8611111111111112,
    "PF_total": 67,
    "PTS_avg": 18.88888888888889,
    "PTS_total": 680,
    "PLUS_MINUS_avg": 1.5277777777777777,
    "PLUS_MINUS_total": 55,
    "FG_PCT": 0.5,
    "FG3_PCT": 0.3120567375886525,
    "FT_PCT": 0.746031746031746,
    "games_played": 36
  }
}