{
  "season_stats": {
    "MIN_avg": 36.30379746835443,
    "MIN_total": 2868,
    "FGM_avg": 9.126582278481013,
    "FGM_total": 721,
    "FGA_avg": 20.40506329113924,
    "FGA_total": 1612,
    "FG3M_avg": 4.050632911392405,
    "FG3M_total": 320,
    "FG3A_avg": 10.265822784810126,
    "FG3A_total": 811,
    "FTM_avg": 5.253164556962025,
    "FTM_total": 415,
    "FTA_avg": 6.2784810126582276,
    "FTA_total": 496,
    "OREB_avg": 0.7721518987341772,
    "OREB_total": 61,
    "DREB_avg": 4.924050632911392,
    "DREB_total": 389,
    "REB_avg": 5.69620253164557,
    "REB_total": 450,
    "AST_avg": 4.544303797468355,
    "AST_total": 359,
    "STL_avg": 1.1518987341772151,
    "STL_total": 91,
    "BLK_avg": 0.6455696202531646,
    "BLK_total": 51,
    "TOV_avg": 3.151898734177215,
    "TOV_total": 249,
    "PF_avg": 1.8987341772151898,
    "PF_total": 150,
    "PTS_avg": 27.556962025316455,
    "PTS_total": 2177,
    "PLUS_MINUS_avg": 3.6835443037974684,
    "PLUS_MINUS_total": 291,
    "FG_PCT": 0.4472704714640198,
    "FG3_PCT": 0.39457459926017263,
    "FT_PCT": 0.8366935483870968,
    "games_played": 79
  }
}