{
  "season_stats": {
    "MIN_avg": 19.90277777777778,
    "MIN_total": 1433,
    "FGM_avg": 2.4444444444444446,
    "FGM_total": 176,
    "FGA_avg": 4.375,
    "FGA_total": 315,
    "FG3M_avg": 0.2361111111111111,
    "FG3M_total": 17,
    "FG3A_avg": 0.7361111111111112,
    "FG3A_total": 53,
    "FTM_avg": 0.9166666666666666,
    "FTM_total": 66,
    "FTA_avg": 1.2083333333333333,
    "FTA_total": 87,
    "OREB_avg": 1.8055555555555556,
    "OREB_total": 130,
    "DREB_avg": 3.736111111111111,
    "DREB_total": 269,
    "REB_avg": 5.541666666666667,
    "REB_total": 399,
    "AST_avg": 1.7083333333333333,
    "AST_total": 123,
    "STL_avg": 0.3888888888888889,
    "STL_total": 28,
    "BLK_avg": 1.4027777777777777,
    "BLK_total": 101,
    "TOV_avg": 0.9444444444444444,
    "TOV_total": 68,
    "PF_avg": 2.5416666666666665,
    "PF_total": 183,
    "PTS_avg": 6.041666666666667,
    "PTS_total": 435,
    "PLUS_MINUS_avg": 0.125,
    "PLUS_MINUS_total": 9,
    "FG_PCT": 0.5587301587301587,
    "FG3_PCT": 0.32075471698113206,
    "FT_PCT": 0.7586206896551724,
    "games_played": 72
  }
}