{
  "season_stats": {
    "MIN_avg": 25.72151898734177,
    "MIN_total": 2032,
    "FGM_avg": 3.1139240506329116,
    "FGM_total": 246,
    "FGA_avg": 7.848101265822785,
    "FGA_total": 620,
    "FG3M_avg": 1.5443037974683544,
    "FG3M_total": 122,
    "FG3A_avg": 4.582278481012659,
    "FG3A_total": 362,
    "FTM_avg": 1.7088607594936709,
    "FTM_total": 135,
    "FTA_avg": 2.088607594936709,
    "FTA_total": 165,
    "OREB_avg": 0.9493670886075949,
    "OREB_total": 75,
    "DREB_avg": 2.4683544303797467,
    "DREB_total": 195,
    "REB_avg": 3.4177215189873418,
    "REB_total": 270,
    "AST_avg": 1.8354430379746836,
    "AST_total": 145,
    "STL_avg": 0.5063291139240507,
    "STL_total": 40,
    "BLK_avg": 0.06329113924050633,
    "BLK_total": 5,
    "TOV_avg": 1.0,
    "TOV_total": 79,
    "PF_avg": 2.0759493670886076,
    "PF_total": 164,
    "PTS_avg": 9.481012658227849,
    "PTS_total": 749,
    "PLUS_MINUS_avg": -3.3164556962025316,
    "PLUS_MINUS_total": -262,
    "FG_PCT": 0.3967741935483871,
    "FG3_PCT": 0.3370165745856354,
    "FT_PCT": 0.8181818181818182,
    "games_played": 79
  }
}