{
  "season_stats": {
    "MIN_avg": 24.50793650793651,
    "MIN_total": 1544,
    "FGM_avg": 3.3968253968253967,
    "FGM_total": 214,
    "FGA_avg": 8.253968253968255,
    "FGA_total": 520,
    "FG3M_avg": 1.6349206349206349,
    "FG3M_total": 103,
    "FG3A_avg": 4.7936507936507935,
    "FG3A_total": 302,
    "FTM_avg": 1.6031746031746033,
    "FTM_total": 101,
    "FTA_avg": 1.9523809523809523,
    "FTA_total": 123,
    "OREB_avg": 0.9682539682539683,
    "OREB_total": 61,
    "DREB_avg": 3.5873015873015874,
    "DREB_total": 226,
    "REB_avg": 4.555555555555555,
    "REB_total": 287,
    "AST_avg": 1.3333333333333333,
    "AST_total": 84,
    "STL_avg": 0.9841269841269841,
    "STL_total": 62,
    "BLK_avg": 0.4444444444444444,
    "BLK_total": 28,
    "TOV_avg": 1.0634920634920635,
    "TOV_total": 67,
    "PF_avg": 2.365079365079365,
    "PF_total": 149,
    "PTS_avg": 10.031746031746032,
    "PTS_total": 632,
    "PLUS_MINUS_avg": -5.238095238095238,
    "PLUS_MINUS_total": -330,
    "FG_PCT": 0.4115384615384615,
    "FG3_PCT": 0.34105960264900664,
    "FT_PCT": 0.8211382113821138,
    "games_played": 63
  }
}