{
  "season_stats": {
    "MIN_avg": 32.02127659574468,
    "MIN_total": 1505,
    "FGM_avg": 8.638297872340425,
    "FGM_total": 406,
    "FGA_avg": 21.340425531914892,
    "FGA_total": 1003,
    "FG3M_avg": 3.8085106382978724,
    "FG3M_total": 179,
    "FG3A_avg": 11.23404255319149,
    "FG3A_total": 528,
    "FTM_avg": 4.1063829787234045,
    "FTM_total": 193,
    "FTA_avg": 4.872340425531915,
    "FTA_total": 229,
    "OREB_avg": 1.0,
    "OREB_total": 47,
    "DREB_avg": 3.9361702127659575,
    "DREB_total": 185,
    "REB_avg": 4.9361702127659575,
    "REB_total": 232,
    "AST_avg": 7.361702127659575,
    "AST_total": 346,
    "STL_avg": 1.148936170212766,
    "STL_total": 54,
    "BLK_avg": 0.2765957446808511,
    "BLK_total": 13,
    "TOV_avg": 3.5531914893617023,
    "TOV_total": 167,
    "PF_avg": 3.3404255319148937,
    "PF_total": 157,
    "PTS_avg": 25.19148936170213,
    "PTS_total": 1184,
    "PLUS_MINUS_avg": -2.765957446808511,
    "PLUS_MINUS_total": -130,
    "FG_PCT": 0.4047856430707876,
    "FG3_PCT": 0.3390151515151515,
    "FT_PCT": 0.8427947598253275,
    "games_played": 47
  }
}