{
  "season_stats": {
    "MIN_avg": 19.142857142857142,
    "MIN_total": 268,
    "FGM_avg": 2.2142857142857144,
    "FGM_total": 31,
    "FGA_avg": 4.357142857142857,
    "FGA_total": 61,
    "FG3M_avg": 1.1428571428571428,
    "FG3M_total": 16,
    "FG3A_avg": 2.142857142857143,
    "FG3A_total": 30,
    "FTM_avg": 0.6428571428571429,
    "FTM_total": 9,
    "FTA_avg": 0.8571428571428571,
    "FTA_total": 12,
    "OREB_avg": 0.8571428571428571,
    "OREB_total": 12,
    "DREB_avg": 1.7142857142857142,
    "DREB_total": 24,
    "REB_avg": 2.5714285714285716,
    "REB_total": 36,
    "AST_avg": 1.6428571428571428,
    "AST_total": 23,
    "STL_avg": 1.5,
    "STL_total": 21,
    "BLK_avg": 0.42857142857142855,
    "BLK_total": 6,
    "TOV_avg": 1.2142857142857142,
    "TOV_total": 17,
    "PF_avg": 2.142857142857143,
    "PF_total": 30,
    "PTS_avg": 6.214285714285714,
    "PTS_total": 87,
    "PLUS_MINUS_avg": 2.7142857142857144,
    "PLUS_MINUS_total": 38,
    "FG_PCT": 0.5081967213114754,
    "FG3_PCT": 0.5333333333333333,
    "FT_PCT": 0.75,
    "games_played": 14
  }
}