{
  "season_stats": {
    "MIN_avg": 3.9545454545454546,
    "MIN_total": 87,
    "FGM_avg": 0.22727272727272727,
    "FGM_total": 5,
    "FGA_avg": 1.1818181818181819,
    "FGA_total": 26,
    "FG3M_avg": 0.13636363636363635,
    "FG3M_total": 3,
    "FG3A_avg": 0.6818181818181818,
    "FG3A_total": 15,
    "FTM_avg": 0.09090909090909091,
    "FTM_total": 2,
    "FTA_avg": 0.18181818181818182,
    "FTA_total": 4,
    "OREB_avg": 0.18181818181818182,
    "OREB_total": 4,
    "DREB_avg": 0.5909090909090909,
    "DREB_total": 13,
    "REB_avg": 0.7727272727272727,
    "REB_total": 17,
    "AST_avg": 0.18181818181818182,
    "AST_total": 4,
    "STL_avg": 0.13636363636363635,
    "STL_total": 3,
    "BLK_avg": 0.2727272727272727,
    "BLK_total": 6,
    "TOV_avg": 0.13636363636363635,
    "TOV_total": 3,
    "PF_avg": 0.36363636363636365,
    "PF_total": 8,
    "PTS_avg": 0.6818181818181818,
    "PTS_total": 15,
    "PLUS_MINUS_avg": -0.6818181818181818,
    "PLUS_MINUS_total": -15,
    "FG_PCT": 0.19230769230769232,
    "FG3_PCT": 0.2,
    "FT_PCT": 0.5,
    "games_played": 22
  }
}