{
  "season_stats": {
    "MIN_avg": 15.894736842105264,
    "MIN_total": 906,
    "FGM_avg": 3.1578947368421053,
    "FGM_total": 180,
    "FGA_avg": 7.2631578947368425,
    "FGA_total": 414,
    "FG3M_avg": 1.3333333333333333,
    "FG3M_total": 76,
    "FG3A_avg": 3.456140350877193,
    "FG3A_total": 197,
    "FTM_avg": 1.0526315789473684,
    "FTM_total": 60,
    "FTA_avg": 1.5087719298245614,
    "FTA_total": 86,
    "OREB_avg": 0.15789473684210525,
    "OREB_total": 9,
    "DREB_avg": 1.4035087719298245,
    "DREB_total": 80,
    "REB_avg": 1.5614035087719298,
    "REB_total": 89,
    "AST_avg": 1.4210526315789473,
    "AST_total": 81,
    "STL_avg": 0.49122807017543857,
    "STL_total": 28,
    "BLK_avg": 0.08771929824561403,
    "BLK_total": 5,
    "TOV_avg": 1.4385964912280702,
    "TOV_total": 82,
    "PF_avg": 1.5789473684210527,
    "PF_total": 90,
    "PTS_avg": 8.701754385964913,
    "PTS_total": 496,
    "PLUS_MINUS_avg": -1.1403508771929824,
    "PLUS_MINUS_total": -65,
    "FG_PCT": 0.43478260869565216,
    "FG3_PCT": 0.38578680203045684,
    "FT_PCT": 0.6976744186046512,
    "games_played": 57
  }
}