{
  "season_stats": {
    "MIN_avg": 32.90243902439025,
    "MIN_total": 2698,
    "FGM_avg": 7.414634146341464,
    "FGM_total": 608,
    "FGA_avg": 17.524390243902438,
    "FGA_total": 1437,
    "FG3M_avg": 2.8536585365853657,
    "FG3M_total": 234,
    "FG3A_avg": 8.060975609756097,
    "FG3A_total": 661,
    "FTM_avg": 3.3292682926829267,
    "FTM_total": 273,
    "FTA_avg": 4.097560975609756,
    "FTA_total": 336,
    "OREB_avg": 0.5487804878048781,
    "OREB_total": 45,
    "DREB_avg": 4.048780487804878,
    "DREB_total": 332,
    "REB_avg": 4.597560975609756,
    "REB_total": 377,
    "AST_avg": 3.4390243902439024,
    "AST_total": 282,
    "STL_avg": 0.8658536585365854,
    "STL_total": 71,
    "BLK_avg": 0.32926829268292684,
    "BLK_total": 27,
    "TOV_avg": 2.475609756097561,
    "TOV_total": 203,
    "PF_avg": 1.548780487804878,
    "PF_total": 127,
    "PTS_avg": 21.01219512195122,
    "PTS_total": 1723,
    "PLUS_MINUS_avg": 2.024390243902439,
    "PLUS_MINUS_total": 166,
    "FG_PCT": 0.4231036882393876,
    "FG3_PCT": 0.3540090771558245,
    "FT_PCT": 0.8125,
    "games_played": 82
  }
}