{
  "season_stats": {
    "MIN_avg": 35.02857142857143,
    "MIN_total": 2452,
    "FGM_avg": 9.771428571428572,
    "FGM_total": 684,
    "FGA_avg": 20.814285714285713,
    "FGA_total": 1457,
    "FG3M_avg": 2.1285714285714286,
    "FG3M_total": 149,
    "FG3A_avg": 5.9714285714285715,
    "FG3A_total": 418,
    "FTM_avg": 4.4714285714285715,
    "FTM_total": 313,
    "FTA_avg": 5.285714285714286,
    "FTA_total": 370,
    "OREB_avg": 0.8,
    "OREB_total": 56,
    "DREB_avg": 5.271428571428571,
    "DREB_total": 369,
    "REB_avg": 6.071428571428571,
    "REB_total": 425,
    "AST_avg": 9.114285714285714,
    "AST_total": 638,
    "STL_avg": 1.0142857142857142,
    "STL_total": 71,
    "BLK_avg": 0.7571428571428571,
    "BLK_total": 53,
    "TOV_avg": 4.414285714285715,
    "TOV_total": 309,
    "PF_avg": 2.7857142857142856,
    "PF_total": 195,
    "PTS_avg": 26.142857142857142,
    "PTS_total": 1830,
    "PLUS_MINUS_avg": 2.5,
    "PLUS_MINUS_total": 175,
    "FG_PCT": 0.46945778997940973,
    "FG3_PCT": 0.35645933014354064,
    "FT_PCT": 0.845945945945946,
    "games_played": 70
  }
}