{
  "season_stats": {
    "MIN_avg": 4.416666666666667,
    "MIN_total": 53,
    "FGM_avg": 0.6666666666666666,
    "FGM_total": 8,
    "FGA_avg": 1.25,
    "FGA_total": 15,
    "FG3M_avg": 0.25,
    "FG3M_total": 3,
    "FG3A_avg": 0.8333333333333334,
    "FG3A_total": 10,
    "FTM_avg": 0.16666666666666666,
    "FTM_total": 2,
    "FTA_avg": 0.16666666666666666,
    "FTA_total": 2,
    "OREB_avg": 0.25,
    "OREB_total": 3,
    "DREB_avg": 0.5,
    "DREB_total": 6,
    "REB_avg": 0.75,
    "REB_total": 9,
    "AST_avg": 0.25,
    "AST_total": 3,
    "STL_avg": 0.08333333333333333,
    "STL_total": 1,
    "BLK_avg": 0.08333333333333333,
    "BLK_total": 1,
    "TOV_avg": 0.16666666666666666,
    "TOV_total": 2,
    "PF_avg": 0.9166666666666666,
    "PF_total": 11,
    "PTS_avg": 1.75,
    "PTS_total": 21,
    "PLUS_MINUS_avg": -0.6666666666666666,
    "PLUS_MINUS_total": -8,
    "FG_PCT": 0.5333333333333333,
    "FG3_PCT": 0.3,
    "FT_PCT": 1.0,
    "games_played": 12
  }
}