{
  "season_stats": {
    "MIN_avg": 21.11627906976744,
    "MIN_total": 908,
    "FGM_avg": 2.5813953488372094,
    "FGM_total": 111,
    "FGA_avg": 4.674418604651163,
    "FGA_total": 201,
    "FG3M_avg": 0.3488372093023256,
    "FG3M_total": 15,
    "FG3A_avg": 1.3488372093023255,
    "FG3A_total": 58,
    "FTM_avg": 0.8604651162790697,
    "FTM_total": 37,
    "FTA_avg": 1.0930232558139534,
    "FTA_total": 47,
    "OREB_avg": 0.6976744186046512,
    "OREB_total": 30,
    "DREB_avg": 2.2093023255813953,
    "DREB_total": 95,
    "REB_avg": 2.9069767441860463,
    "REB_total": 125,
    "AST_avg": 1.1162790697674418,
    "AST_total": 48,
    "STL_avg": 0.3953488372093023,
    "STL_total": 17,
    "BLK_avg": 0.5116279069767442,
    "BLK_total": 22,
    "TOV_avg": 0.5581395348837209,
    "TOV_total": 24,
    "PF_avg": 2.3488372093023258,
    "PF_total": 101,
    "PTS_avg": 6.372093023255814,
    "PTS_total": 274,
    "PLUS_MINUS_avg": -3.302325581395349,
    "PLUS_MINUS_total": -142,
    "FG_PCT": 0.5522388059701493,
    "FG3_PCT": 0.25862068965517243,
    "FT_PCT": 0.7872340425531915,
    "games_played": 43
  }
}