{
  "season_stats": {
    "MIN_avg": 30.56338028169014,
    "MIN_total": 2170,
    "FGM_avg": 7.112676056338028,
    "FGM_total": 505,
    "FGA_avg": 12.76056338028169,
    "FGA_total": 906,
    "FG3M_avg": 1.1971830985915493,
    "FG3M_total": 85,
    "FG3A_avg": 3.23943661971831,
    "FG3A_total": 230,
    "FTM_avg": 3.112676056338028,
    "FTM_total": 221,
    "FTA_avg": 4.295774647887324,
    "FTA_total": 305,
    "OREB_avg": 2.3098591549295775,
    "OREB_total": 164,
    "DREB_avg": 6.971830985915493,
    "DREB_total": 495,
    "REB_avg": 9.28169014084507,
    "REB_total": 659,
    "AST_avg": 3.183098591549296,
    "AST_total": 226,
    "STL_avg": 0.8591549295774648,
    "STL_total": 61,
    "BLK_avg": 1.591549295774648,
    "BLK_total": 113,
    "TOV_avg": 2.0422535211267605,
    "TOV_total": 145,
    "PF_avg": 1.9859154929577465,
    "PF_total": 141,
    "PTS_avg": 18.535211267605632,
    "PTS_total": 1316,
    "PLUS_MINUS_avg": 7.690140845070423,
    "PLUS_MINUS_total": 546,
    "FG_PCT": 0.5573951434878587,
    "FG3_PCT": 0.3695652173913043,
    "FT_PCT": 0.7245901639344262,
    "games_played": 71
  }
}