{
  "season_stats": {
    "MIN_avg": 24.984126984126984,
    "MIN_total": 1574,
    "FGM_avg": 3.253968253968254,
    "FGM_total": 205,
    "FGA_avg": 8.19047619047619,
    "FGA_total": 516,
    "FG3M_avg": 1.5238095238095237,
    "FG3M_total": 96,
    "FG3A_avg": 4.317460317460317,
    "FG3A_total": 272,
    "FTM_avg": 0.9523809523809523,
    "FTM_total": 60,
    "FTA_avg": 1.3174603174603174,
    "FTA_total": 83,
    "OREB_avg": 0.6825396825396826,
    "OREB_total": 43,
    "DREB_avg": 3.0793650793650795,
    "DREB_total": 194,
    "REB_avg": 3.761904761904762,
    "REB_total": 237,
    "AST_avg": 1.9682539682539681,
    "AST_total": 124,
    "STL_avg": 0.7619047619047619,
    "STL_total": 48,
    "BLK_avg": 0.5079365079365079,
    "BLK_total": 32,
    "TOV_avg": 1.3650793650793651,
    "TOV_total": 86,
    "PF_avg": 1.3968253968253967,
    "PF_total": 88,
    "PTS_avg": 8.984126984126984,
    "PTS_total": 566,
    "PLUS_MINUS_avg": -2.888888888888889,
    "PLUS_MINUS_total": -182,
    "FG_PCT": 0.39728682170542634,
    "FG3_PCT": 0.35294117647058826,
    "FT_PCT": 0.7228915662650602,
    "games_played": 63
  }
}