{
  "season_stats": {
    "MIN_avg": 5.0,
    "MIN_total": 70,
    "FGM_avg": 0.7857142857142857,
    "FGM_total": 11,
    "FGA_avg": 2.2142857142857144,
    "FGA_total": 31,
    "FG3M_avg": 0.14285714285714285,
    "FG3M_total": 2,
    "FG3A_avg": 0.7857142857142857,
    "FG3A_total": 11,
    "FTM_avg": 0.2857142857142857,
    "FTM_total": 4,
    "FTA_avg": 0.42857142857142855,
    "FTA_total": 6,
    "OREB_avg": 0.0,
    "OREB_total": 0,
    "DREB_avg": 0.6428571428571429,
    "DREB_total": 9,
    "REB_avg": 0.6428571428571429,
    "REB_total": 9,
    "AST_avg": 0.5714285714285714,
    "AST_total": 8,
    "STL_avg": 0.35714285714285715,
    "STL_total": 5,
    "BLK_avg": 0.21428571428571427,
    "BLK_total": 3,
    "TOV_avg": 0.42857142857142855,
    "TOV_total": 6,
    "PF_avg": 0.14285714285714285,
    "PF_total": 2,
    "PTS_avg": 2.0,
    "PTS_total": 28,
    "PLUS_MINUS_avg": -0.35714285714285715,
    "PLUS_MINUS_total": -5,
    "FG_PCT": 0.3548387096774194,
    "FG3_PCT": 0.18181818181818182,
    "FT_PCT": 0.6666666666666666,
    "games_played": 14
  }
}