{
  "season_stats": {
    "MIN_avg": 21.704225352112676,
    "MIN_total": 1541,
    "FGM_avg": 3.0140845070422535,
    "FGM_total": 214,
    "FGA_avg": 6.676056338028169,
    "FGA_total": 474,
    "FG3M_avg": 2.3380281690140845,
    "FG3M_total": 166,
    "FG3A_avg": 5.619718309859155,
    "FG3A_total": 399,
    "FTM_avg": 0.15492957746478872,
    "FTM_total": 11,
    "FTA_avg": 0.15492957746478872,
    "FTA_total": 11,
    "OREB_avg": 0.6197183098591549,
    "OREB_total": 44,
    "DREB_avg": 2.535211267605634,
    "DREB_total": 180,
    "REB_avg": 3.1549295774647885,
    "REB_total": 224,
    "AST_avg": 0.9014084507042254,
    "AST_total": 64,
    "STL_avg": 0.5774647887323944,
    "STL_total": 41,
    "BLK_avg": 0.18309859154929578,
    "BLK_total": 13,
    "TOV_avg": 0.323943661971831,
    "TOV_total": 23,
    "PF_avg": 1.2253521126760563,
    "PF_total": 87,
    "PTS_avg": 8.52112676056338,
    "PTS_total": 605,
    "PLUS_MINUS_avg": 4.577464788732394,
    "PLUS_MINUS_total": 325,
    "FG_PCT": 0.45147679324894513,
    "FG3_PCT": 0.41604010025062654,
    "FT_PCT": 1.0,
    "games_played": 71
  }
}