{
  "season_stats": {
    "MIN_avg": 32.86153846153846,
    "MIN_total": 2136,
    "FGM_avg": 7.292307692307692,
    "FGM_total": 474,
    "FGA_avg": 16.353846153846153,
    "FGA_total": 1063,
    "FG3M_avg": 1.1692307692307693,
    "FG3M_total": 76,
    "FG3A_avg": 4.3076923076923075,
    "FG3A_total": 280,
    "FTM_avg": 3.5076923076923077,
    "FTM_total": 228,
    "FTA_avg": 4.6461538461538465,
    "FTA_total": 302,
    "OREB_avg": 1.676923076923077,
    "OREB_total": 109,
    "DREB_avg": 6.046153846153846,
    "DREB_total": 393,
    "REB_avg": 7.723076923076923,
    "REB_total": 502,
    "AST_avg": 5.815384615384615,
    "AST_total": 378,
    "STL_avg": 1.4307692307692308,
    "STL_total": 93,
    "BLK_avg": 0.9692307692307692,
    "BLK_total": 63,
    "TOV_avg": 2.830769230769231,
    "TOV_total": 184,
    "PF_avg": 1.7384615384615385,
    "PF_total": 113,
    "PTS_avg": 19.26153846153846,
    "PTS_total": 1252,
    "PLUS_MINUS_avg": -2.0,
    "PLUS_MINUS_total": -130,
    "FG_PCT": 0.44590780809031044,
    "FG3_PCT": 0.2714285714285714,
    "FT_PCT": 0.7549668874172185,
    "games_played": 65
  }
}