{
  "season_stats": {
    "MIN_avg": 26.24590163934426,
    "MIN_total": 1601,
    "FGM_avg": 4.180327868852459,
    "FGM_total": 255,
    "FGA_avg": 9.262295081967213,
    "FGA_total": 565,
    "FG3M_avg": 1.9672131147540983,
    "FG3M_total": 120,
    "FG3A_avg": 5.409836065573771,
    "FG3A_total": 330,
    "FTM_avg": 1.2295081967213115,
    "FTM_total": 75,
    "FTA_avg": 1.4426229508196722,
    "FTA_total": 88,
    "OREB_avg": 0.5901639344262295,
    "OREB_total": 36,
    "DREB_avg": 2.377049180327869,
    "DREB_total": 145,
    "REB_avg": 2.9672131147540983,
    "REB_total": 181,
    "AST_avg": 1.6885245901639345,
    "AST_total": 103,
    "STL_avg": 0.4262295081967213,
    "STL_total": 26,
    "BLK_avg": 0.22950819672131148,
    "BLK_total": 14,
    "TOV_avg": 1.0491803278688525,
    "TOV_total": 64,
    "PF_avg": 1.6065573770491803,
    "PF_total": 98,
    "PTS_avg": 11.557377049180328,
    "PTS_total": 705,
    "PLUS_MINUS_avg": -4.491803278688525,
    "PLUS_MINUS_total": -274,
    "FG_PCT": 0.45132743362831856,
    "FG3_PCT": 0.36363636363636365,
    "FT_PCT": 0.8522727272727273,
    "games_played": 61
  }
}