{
  "season_stats": {
    "MIN_avg": 21.7027027027027,
    "MIN_total": 1606,
    "FGM_avg": 3.5,
    "FGM_total": 259,
    "FGA_avg": 7.945945945945946,
    "FGA_total": 588,
    "FG3M_avg": 2.5945945945945947,
    "FG3M_total": 192,
    "FG3A_avg": 6.297297297297297,
    "FG3A_total": 466,
    "FTM_avg": 0.6216216216216216,
    "FTM_total": 46,
    "FTA_avg": 0.7567567567567568,
    "FTA_total": 56,
    "OREB_avg": 0.5540540540540541,
    "OREB_total": 41,
    "DREB_avg": 2.0945945945945947,
    "DREB_total": 155,
    "REB_avg": 2.6486486486486487,
    "REB_total": 196,
    "AST_avg": 1.6081081081081081,
    "AST_total": 119,
    "STL_avg": 0.6486486486486487,
    "STL_total": 48,
    "BLK_avg": 0.12162162162162163,
    "BLK_total": 9,
    "TOV_avg": 0.5135135135135135,
    "TOV_total": 38,
    "PF_avg": 1.527027027027027,
    "PF_total": 113,
    "PTS_avg": 10.216216216216216,
    "PTS_total": 756,
    "PLUS_MINUS_avg": 7.4324324324324325,
    "PLUS_MINUS_total": 550,
    "FG_PCT": 0.44047619047619047,
    "FG3_PCT": 0.41201716738197425,
    "FT_PCT": 0.8214285714285714,
    "games_played": 74
  }
}