{
  "season_stats": {
    "MIN_avg": 22.035087719298247,
    "MIN_total": 1256,
    "FGM_avg": 3.5964912280701755,
    "FGM_total": 205,
    "FGA_avg": 6.087719298245614,
    "FGA_total": 347,
    "FG3M_avg": 0.0,
    "FG3M_total": 0,
    "FG3A_avg": 0.03508771929824561,
    "FG3A_total": 2,
    "FTM_avg": 2.087719298245614,
    "FTM_total": 119,
    "FTA_avg": 2.807017543859649,
    "FTA_total": 160,
    "OREB_avg": 2.5964912280701755,
    "OREB_total": 148,
    "DREB_avg": 5.578947368421052,
    "DREB_total": 318,
    "REB_avg": 8.175438596491228,
    "REB_total": 466,
    "AST_avg": 0.8596491228070176,
    "AST_total": 49,
    "STL_avg": 0.24561403508771928,
    "STL_total": 14,
    "BLK_avg": 0.9649122807017544,
    "BLK_total": 55,
    "TOV_avg": 1.4210526315789473,
    "TOV_total": 81,
    "PF_avg": 2.473684210526316,
    "PF_total": 141,
    "PTS_avg": 9.280701754385966,
    "PTS_total": 529,
    "PLUS_MINUS_avg": -4.12280701754386,
    "PLUS_MINUS_total": -235,
    "FG_PCT": 0.590778097982709,
    "FG3_PCT": 0.0,
    "FT_PCT": 0.74375,
    "games_played": 57
  }
}