{
  "season_stats": {
    "MIN_avg": 13.642857142857142,
    "MIN_total": 764,
    "FGM_avg": 1.4642857142857142,
    "FGM_total": 82,
    "FGA_avg": 3.1964285714285716,
    "FGA_total": 179,
    "FG3M_avg": 0.6071428571428571,
    "FG3M_total": 34,
    "FG3A_avg": 1.8392857142857142,
    "FG3A_total": 103,
    "FTM_avg": 0.5178571428571429,
    "FTM_total": 29,
    "FTA_avg": 0.75,
    "FTA_total": 42,
    "OREB_avg": 1.2857142857142858,
    "OREB_total": 72,
    "DREB_avg": 1.7857142857142858,
    "DREB_total": 100,
    "REB_avg": 3.0714285714285716,
    "REB_total": 172,
    "AST_avg": 1.4285714285714286,
    "AST_total": 80,
    "STL_avg": 0.44642857142857145,
    "STL_total": 25,
    "BLK_avg": 0.17857142857142858,
    "BLK_total": 10,
    "TOV_avg": 0.75,
    "TOV_total": 42,
    "PF_avg": 1.625,
    "PF_total": 91,
    "PTS_avg": 4.053571428571429,
    "PTS_total": 227,
    "PLUS_MINUS_avg": 2.9464285714285716,
    "PLUS_MINUS_total": 165,
    "FG_PCT": 0.4581005586592179,
    "FG3_PCT": 0.3300970873786408,
    "FT_PCT": 0.6904761904761905,
    "games_played": 56
  }
}