{
  "season_stats": {
    "MIN_avg": 30.228571428571428,
    "MIN_total": 2116,
    "FGM_avg": 5.3,
    "FGM_total": 371,
    "FGA_avg": 11.4,
    "FGA_total": 798,
    "FG3M_avg": 1.5,
    "FG3M_total": 105,
    "FG3A_avg": 3.9714285714285715,
    "FG3A_total": 278,
    "FTM_avg": 2.5,
    "FTM_total": 175,
    "FTA_avg": 3.2,
    "FTA_total": 224,
    "OREB_avg": 1.8142857142857143,
    "OREB_total": 127,
    "DREB_avg": 6.271428571428571,
    "DREB_total": 439,
    "REB_avg": 8.085714285714285,
    "REB_total": 566,
    "AST_avg": 7.185714285714286,
    "AST_total": 503,
    "STL_avg": 1.2,
    "STL_total": 84,
    "BLK_avg": 0.6428571428571429,
    "BLK_total": 45,
    "TOV_avg": 2.8857142857142857,
    "TOV_total": 202,
    "PF_avg": 1.7428571428571429,
    "PF_total": 122,
    "PTS_avg": 14.6,
    "PTS_total": 1022,
    "PLUS_MINUS_avg": -0.9714285714285714,
    "PLUS_MINUS_total": -68,
    "FG_PCT": 0.4649122807017544,
    "FG3_PCT": 0.3776978417266187,
    "FT_PCT": 0.78125,
    "games_played": 70
  }
}