{
  "season_stats": {
    "MIN_avg": 16.53846153846154,
    "MIN_total": 430,
    "FGM_avg": 1.7692307692307692,
    "FGM_total": 46,
    "FGA_avg": 3.769230769230769,
    "FGA_total": 98,
    "FG3M_avg": 0.07692307692307693,
    "FG3M_total": 2,
    "FG3A_avg": 0.6153846153846154,
    "FG3A_total": 16,
    "FTM_avg": 1.1153846153846154,
    "FTM_total": 29,
    "FTA_avg": 1.4615384615384615,
    "FTA_total": 38,
    "OREB_avg": 2.0384615384615383,
    "OREB_total": 53,
    "DREB_avg": 2.6538461538461537,
    "DREB_total": 69,
    "REB_avg": 4.6923076923076925,
    "REB_total": 122,
    "AST_avg": 1.0769230769230769,
    "AST_total": 28,
    "STL_avg": 0.3076923076923077,
    "STL_total": 8,
    "BLK_avg": 0.38461538461538464,
    "BLK_total": 10,
    "TOV_avg": 0.8846153846153846,
    "TOV_total": 23,
    "PF_avg": 1.9615384615384615,
    "PF_total": 51,
    "PTS_avg": 4.730769230769231,
    "PTS_total": 123,
    "PLUS_MINUS_avg": -1.1538461538461537,
    "PLUS_MINUS_total": -30,
    "FG_PCT": 0.46938775510204084,
    "FG3_PCT": 0.125,
    "FT_PCT": 0.7631578947368421,
    "games_played": 26
  }
}