{
  "season_stats": {
    "MIN_avg": 11.346153846153847,
    "MIN_total": 590,
    "FGM_avg": 1.3461538461538463,
    "FGM_total": 70,
    "FGA_avg": 2.8461538461538463,
    "FGA_total": 148,
    "FG3M_avg": 0.3076923076923077,
    "FG3M_total": 16,
    "FG3A_avg": 0.8846153846153846,
    "FG3A_total": 46,
    "FTM_avg": 0.6153846153846154,
    "FTM_total": 32,
    "FTA_avg": 0.9038461538461539,
    "FTA_total": 47,
    "OREB_avg": 0.9615384615384616,
    "OREB_total": 50,
    "DREB_avg": 1.2884615384615385,
    "DREB_total": 67,
    "REB_avg": 2.25,
    "REB_total": 117,
    "AST_avg": 0.9038461538461539,
    "AST_total": 47,
    "STL_avg": 0.5,
    "STL_total": 26,
    "BLK_avg": 0.1346153846153846,
    "BLK_total": 7,
    "TOV_avg": 0.4230769230769231,
    "TOV_total": 22,
    "PF_avg": 1.5769230769230769,
    "PF_total": 82,
    "PTS_avg": 3.6153846153846154,
    "PTS_total": 188,
    "PLUS_MINUS_avg": 0.9807692307692307,
    "PLUS_MINUS_total": 51,
    "FG_PCT": 0.47297297297297297,
    "FG3_PCT": 0.34782608695652173,
    "FT_PCT": 0.6808510638297872,
    "games_played": 52
  }
}