{
  "season_stats": {
    "MIN_avg": 15.195121951219512,
    "MIN_total": 623,
    "FGM_avg": 2.731707317073171,
    "FGM_total": 112,
    "FGA_avg": 5.609756097560975,
    "FGA_total": 230,
    "FG3M_avg": 0.6829268292682927,
    "FG3M_total": 28,
    "FG3A_avg": 1.7073170731707317,
    "FG3A_total": 70,
    "FTM_avg": 0.8048780487804879,
    "FTM_total": 33,
    "FTA_avg": 1.0975609756097562,
    "FTA_total": 45,
    "OREB_avg": 0.2926829268292683,
    "OREB_total": 12,
    "DREB_avg": 1.170731707317073,
    "DREB_total": 48,
    "REB_avg": 1.4634146341463414,
    "REB_total": 60,
    "AST_avg": 1.9024390243902438,
    "AST_total": 78,
    "STL_avg": 0.5853658536585366,
    "STL_total": 24,
    "BLK_avg": 0.2926829268292683,
    "BLK_total": 12,
    "TOV_avg": 0.36585365853658536,
    "TOV_total": 15,
    "PF_avg": 0.7073170731707317,
    "PF_total": 29,
    "PTS_avg": 6.951219512195122,
    "PTS_total": 285,
    "PLUS_MINUS_avg": -2.5121951219512195,
    "PLUS_MINUS_total": -103,
    "FG_PCT": 0.48695652173913045,
    "FG3_PCT": 0.4,
    "FT_PCT": 0.7333333333333333,
    "games_played": 41
  }
}