{
  "season_stats": {
    "MIN_avg": 33.85526315789474,
    "MIN_total": 2573,
    "FGM_avg": 5.9868421052631575,
    "FGM_total": 455,
    "FGA_avg": 12.144736842105264,
    "FGA_total": 923,
    "FG3M_avg": 1.0526315789473684,
    "FG3M_total": 80,
    "FG3A_avg": 3.0921052631578947,
    "FG3A_total": 235,
    "FTM_avg": 1.0921052631578947,
    "FTM_total": 83,
    "FTA_avg": 1.8421052631578947,
    "FTA_total": 140,
    "OREB_avg": 1.631578947368421,
    "OREB_total": 124,
    "DREB_avg": 4.276315789473684,
    "DREB_total": 325,
    "REB_avg": 5.907894736842105,
    "REB_total": 449,
    "AST_avg": 4.381578947368421,
    "AST_total": 333,
    "STL_avg": 3.013157894736842,
    "STL_total": 229,
    "BLK_avg": 0.7236842105263158,
    "BLK_total": 55,
    "TOV_avg": 2.039473684210526,
    "TOV_total": 155,
    "PF_avg": 2.3026315789473686,
    "PF_total": 175,
    "PTS_avg": 14.118421052631579,
    "PTS_total": 1073,
    "PLUS_MINUS_avg": -0.8552631578947368,
    "PLUS_MINUS_total": -65,
    "FG_PCT": 0.49295774647887325,
    "FG3_PCT": 0.3404255319148936,
    "FT_PCT": 0.5928571428571429,
    "games_played": 76
  }
}