{
  "season_stats": {
    "MIN_avg": 11.163934426229508,
    "MIN_total": 681,
    "FGM_avg": 2.3114754098360657,
    "FGM_total": 141,
    "FGA_avg": 4.60655737704918,
    "FGA_total": 281,
    "FG3M_avg": 0.9836065573770492,
    "FG3M_total": 60,
    "FG3A_avg": 2.639344262295082,
    "FG3A_total": 161,
    "FTM_avg": 0.7049180327868853,
    "FTM_total": 43,
    "FTA_avg": 0.9508196721311475,
    "FTA_total": 58,
    "OREB_avg": 1.0163934426229508,
    "OREB_total": 62,
    "DREB_avg": 2.0491803278688523,
    "DREB_total": 125,
    "REB_avg": 3.0655737704918034,
    "REB_total": 187,
    "AST_avg": 0.7868852459016393,
    "AST_total": 48,
    "STL_avg": 0.36065573770491804,
    "STL_total": 22,
    "BLK_avg": 0.2786885245901639,
    "BLK_total": 17,
    "TOV_avg": 0.4262295081967213,
    "TOV_total": 26,
    "PF_avg": 0.9836065573770492,
    "PF_total": 60,
    "PTS_avg": 6.311475409836065,
    "PTS_total": 385,
    "PLUS_MINUS_avg": -0.45901639344262296,
    "PLUS_MINUS_total": -28,
    "FG_PCT": 0.501779359430605,
    "FG3_PCT": 0.37267080745341613,
    "FT_PCT": 0.7413793103448276,
    "games_played": 61
  }
}