{
  "season_stats": {
    "MIN_avg": 21.596774193548388,
    "MIN_total": 1339,
    "FGM_avg": 3.3870967741935485,
    "FGM_total": 210,
    "FGA_avg": 6.629032258064516,
    "FGA_total": 411,
    "FG3M_avg": 1.1935483870967742,
    "FG3M_total": 74,
    "FG3A_avg": 3.1129032258064515,
    "FG3A_total": 193,
    "FTM_avg": 0.8064516129032258,
    "FTM_total": 50,
    "FTA_avg": 1.1774193548387097,
    "FTA_total": 73,
    "OREB_avg": 1.8064516129032258,
    "OREB_total": 112,
    "DREB_avg": 3.8548387096774195,
    "DREB_total": 239,
    "REB_avg": 5.661290322580645,
    "REB_total": 351,
    "AST_avg": 0.967741935483871,
    "AST_total": 60,
    "STL_avg": 1.0483870967741935,
    "STL_total": 65,
    "BLK_avg": 0.6290322580645161,
    "BLK_total": 39,
    "TOV_avg": 0.8709677419354839,
    "TOV_total": 54,
    "PF_avg": 1.7741935483870968,
    "PF_total": 110,
    "PTS_avg": 8.774193548387096,
    "PTS_total": 544,
    "PLUS_MINUS_avg": -4.645161290322581,
    "PLUS_MINUS_total": -288,
    "FG_PCT": 0.5109489051094891,
    "FG3_PCT": 0.38341968911917096,
    "FT_PCT": 0.684931506849315,
    "games_played": 62
  }
}