{
  "season_stats": {
    "MIN_avg": 20.228070175438596,
    "MIN_total": 1153,
    "FGM_avg": 2.543859649122807,
    "FGM_total": 145,
    "FGA_avg": 5.12280701754386,
    "FGA_total": 292,
    "FG3M_avg": 1.5789473684210527,
    "FG3M_total": 90,
    "FG3A_avg": 3.6140350877192984,
    "FG3A_total": 206,
    "FTM_avg": 0.5614035087719298,
    "FTM_total": 32,
    "FTA_avg": 0.7894736842105263,
    "FTA_total": 45,
    "OREB_avg": 0.38596491228070173,
    "OREB_total": 22,
    "DREB_avg": 2.3508771929824563,
    "DREB_total": 134,
    "REB_avg": 2.736842105263158,
    "REB_total": 156,
    "AST_avg": 2.5789473684210527,
    "AST_total": 147,
    "STL_avg": 0.631578947368421,
    "STL_total": 36,
    "BLK_avg": 0.45614035087719296,
    "BLK_total": 26,
    "TOV_avg": 0.8771929824561403,
    "TOV_total": 50,
    "PF_avg": 1.8421052631578947,
    "PF_total": 105,
    "PTS_avg": 7.228070175438597,
    "PTS_total": 412,
    "PLUS_MINUS_avg": -1.1578947368421053,
    "PLUS_MINUS_total": -66,
    "FG_PCT": 0.4965753424657534,
    "FG3_PCT": 0.4368932038834951,
    "FT_PCT": 0.7111111111111111,
    "games_played": 57
  }
}