{
  "season_stats": {
    "MIN_avg": 27.83783783783784,
    "MIN_total": 2060,
    "FGM_avg": 5.243243243243243,
    "FGM_total": 388,
    "FGA_avg": 9.243243243243244,
    "FGA_total": 684,
    "FG3M_avg": 0.6486486486486487,
    "FG3M_total": 48,
    "FG3A_avg": 2.0,
    "FG3A_total": 148,
    "FTM_avg": 2.2162162162162162,
    "FTM_total": 164,
    "FTA_avg": 2.918918918918919,
    "FTA_total": 216,
    "OREB_avg": 2.972972972972973,
    "OREB_total": 220,
    "DREB_avg": 5.945945945945946,
    "DREB_total": 440,
    "REB_avg": 8.91891891891892,
    "REB_total": 660,
    "AST_avg": 2.27027027027027,
    "AST_total": 168,
    "STL_avg": 0.9324324324324325,
    "STL_total": 69,
    "BLK_avg": 0.918918918918919,
    "BLK_total": 68,
    "TOV_avg": 1.2162162162162162,
    "TOV_total": 90,
    "PF_avg": 2.608108108108108,
    "PF_total": 193,
    "PTS_avg": 13.35135135135135,
    "PTS_total": 988,
    "PLUS_MINUS_avg": 0.5405405405405406,
    "PLUS_MINUS_total": 40,
    "FG_PCT": 0.5672514619883041,
    "FG3_PCT": 0.32432432432432434,
    "FT_PCT": 0.7592592592592593,
    "games_played": 74
  }
}