{
  "season_stats": {
    "MIN_avg": 27.234375,
    "MIN_total": 1743,
    "FGM_avg": 4.15625,
    "FGM_total": 266,
    "FGA_avg": 8.34375,
    "FGA_total": 534,
    "FG3M_avg": 1.578125,
    "FG3M_total": 101,
    "FG3A_avg": 3.953125,
    "FG3A_total": 253,
    "FTM_avg": 0.53125,
    "FTM_total": 34,
    "FTA_avg": 0.75,
    "FTA_total": 48,
    "OREB_avg": 0.953125,
    "OREB_total": 61,
    "DREB_avg": 2.828125,
    "DREB_total": 181,
    "REB_avg": 3.78125,
    "REB_total": 242,
    "AST_avg": 1.53125,
    "AST_total": 98,
    "STL_avg": 0.90625,
    "STL_total": 58,
    "BLK_avg": 0.46875,
    "BLK_total": 30,
    "TOV_avg": 0.84375,
    "TOV_total": 54,
    "PF_avg": 1.953125,
    "PF_total": 125,
    "PTS_avg": 10.421875,
    "PTS_total": 667,
    "PLUS_MINUS_avg": -3.34375,
    "PLUS_MINUS_total": -214,
    "FG_PCT": 0.49812734082397003,
    "FG3_PCT": 0.39920948616600793,
    "FT_PCT": 0.7083333333333334,
    "games_played": 64
  }
}