{
  "season_stats": {
    "MIN_avg": 26.666666666666668,
    "MIN_total": 1760,
    "FGM_avg": 4.348484848484849,
    "FGM_total": 287,
    "FGA_avg": 10.378787878787879,
    "FGA_total": 685,
    "FG3M_avg": 1.5909090909090908,
    "FG3M_total": 105,
    "FG3A_avg": 4.5,
    "FG3A_total": 297,
    "FTM_avg": 2.393939393939394,
    "FTM_total": 158,
    "FTA_avg": 3.121212121212121,
    "FTA_total": 206,
    "OREB_avg": 0.7878787878787878,
    "OREB_total": 52,
    "DREB_avg": 2.212121212121212,
    "DREB_total": 146,
    "REB_avg": 3.0,
    "REB_total": 198,
    "AST_avg": 5.075757575757576,
    "AST_total": 335,
    "STL_avg": 1.0303030303030303,
    "STL_total": 68,
    "BLK_avg": 0.19696969696969696,
    "BLK_total": 13,
    "TOV_avg": 2.6818181818181817,
    "TOV_total": 177,
    "PF_avg": 2.742424242424242,
    "PF_total": 181,
    "PTS_avg": 12.681818181818182,
    "PTS_total": 837,
    "PLUS_MINUS_avg": -0.5757575757575758,
    "PLUS_MINUS_total": -38,
    "FG_PCT": 0.41897810218978104,
    "FG3_PCT": 0.35353535353535354,
    "FT_PCT": 0.7669902912621359,
    "games_played": 66
  }
}