{
  "season_stats": {
    "MIN_avg": 31.0,
    "MIN_total": 1984,
    "FGM_avg": 6.15625,
    "FGM_total": 394,
    "FGA_avg": 13.890625,
    "FGA_total": 889,
    "FG3M_avg": 2.46875,
    "FG3M_total": 158,
    "FG3A_avg": 6.703125,
    "FG3A_total": 429,
    "FTM_avg": 1.484375,
    "FTM_total": 95,
    "FTA_avg": 1.875,
    "FTA_total": 120,
    "OREB_avg": 0.53125,
    "OREB_total": 34,
    "DREB_avg": 3.453125,
    "DREB_total": 221,
    "REB_avg": 3.984375,
    "REB_total": 255,
    "AST_avg": 2.859375,
    "AST_total": 183,
    "STL_avg": 1.3125,
    "STL_total": 84,
    "BLK_avg": 0.515625,
    "BLK_total": 33,
    "TOV_avg": 1.375,
    "TOV_total": 88,
    "PF_avg": 1.6875,
    "PF_total": 108,
    "PTS_avg": 16.265625,
    "PTS_total": 1041,
    "PLUS_MINUS_avg": -4.09375,
    "PLUS_MINUS_total": -262,
    "FG_PCT": 0.4431946006749156,
    "FG3_PCT": 0.3682983682983683,
    "FT_PCT": 0.7916666666666666,
    "games_played": 64
  }
}