{
  "season_stats": {
    "MIN_avg": 14.98076923076923,
    "MIN_total": 779,
    "FGM_avg": 1.7692307692307692,
    "FGM_total": 92,
    "FGA_avg": 4.788461538461538,
    "FGA_total": 249,
    "FG3M_avg": 1.2307692307692308,
    "FG3M_total": 64,
    "FG3A_avg": 3.576923076923077,
    "FG3A_total": 186,
    "FTM_avg": 0.15384615384615385,
    "FTM_total": 8,
    "FTA_avg": 0.21153846153846154,
    "FTA_total": 11,
    "OREB_avg": 0.38461538461538464,
    "OREB_total": 20,
    "DREB_avg": 1.7307692307692308,
    "DREB_total": 90,
    "REB_avg": 2.1153846153846154,
    "REB_total": 110,
    "AST_avg": 1.0,
    "AST_total": 52,
    "STL_avg": 0.5192307692307693,
    "STL_total": 27,
    "BLK_avg": 0.21153846153846154,
    "BLK_total": 11,
    "TOV_avg": 0.38461538461538464,
    "TOV_total": 20,
    "PF_avg": 1.1923076923076923,
    "PF_total": 62,
    "PTS_avg": 4.923076923076923,
    "PTS_total": 256,
    "PLUS_MINUS_avg": 0.25,
    "PLUS_MINUS_total": 13,
    "FG_PCT": 0.36947791164658633,
    "FG3_PCT": 0.34408602150537637,
    "FT_PCT": 0.7272727272727273,
    "games_played": 52
  }
}