{
  "season_stats": {
    "MIN_avg": 33.602739726027394,
    "MIN_total": 2453,
    "FGM_avg": 6.52054794520548,
    "FGM_total": 476,
    "FGA_avg": 13.780821917808218,
    "FGA_total": 1006,
    "FG3M_avg": 2.9863013698630136,
    "FG3M_total": 218,
    "FG3A_avg": 7.698630136986301,
    "FG3A_total": 562,
    "FTM_avg": 2.589041095890411,
    "FTM_total": 189,
    "FTA_avg": 3.041095890410959,
    "FTA_total": 222,
    "OREB_avg": 0.5753424657534246,
    "OREB_total": 42,
    "DREB_avg": 2.958904109589041,
    "DREB_total": 216,
    "REB_avg": 3.5342465753424657,
    "REB_total": 258,
    "AST_avg": 9.219178082191782,
    "AST_total": 673,
    "STL_avg": 1.4383561643835616,
    "STL_total": 105,
    "BLK_avg": 0.6712328767123288,
    "BLK_total": 49,
    "TOV_avg": 1.643835616438356,
    "TOV_total": 120,
    "PF_avg": 1.2602739726027397,
    "PF_total": 92,
    "PTS_avg": 18.616438356164384,
    "PTS_total": 1359,
    "PLUS_MINUS_avg": 3.041095890410959,
    "PLUS_MINUS_total": 222,
    "FG_PCT": 0.4731610337972167,
    "FG3_PCT": 0.3879003558718861,
    "FT_PCT": 0.8513513513513513,
    "games_played": 73
  }
}