{
  "season_stats": {
    "MIN_avg": 18.653846153846153,
    "MIN_total": 485,
    "FGM_avg": 3.076923076923077,
    "FGM_total": 80,
    "FGA_avg": 7.3076923076923075,
    "FGA_total": 190,
    "FG3M_avg": 1.2692307692307692,
    "FG3M_total": 33,
    "FG3A_avg": 3.8846153846153846,
    "FG3A_total": 101,
    "FTM_avg": 1.6538461538461537,
    "FTM_total": 43,
    "FTA_avg": 2.423076923076923,
    "FTA_total": 63,
    "OREB_avg": 0.7692307692307693,
    "OREB_total": 20,
    "DREB_avg": 2.5384615384615383,
    "DREB_total": 66,
    "REB_avg": 3.3076923076923075,
    "REB_total": 86,
    "AST_avg": 1.1923076923076923,
    "AST_total": 31,
    "STL_avg": 0.5,
    "STL_total": 13,
    "BLK_avg": 0.23076923076923078,
    "BLK_total": 6,
    "TOV_avg": 0.5769230769230769,
    "TOV_total": 15,
    "PF_avg": 1.6923076923076923,
    "PF_total": 44,
    "PTS_avg": 9.076923076923077,
    "PTS_total": 236,
    "PLUS_MINUS_avg": -0.6538461538461539,
    "PLUS_MINUS_total": -17,
    "FG_PCT": 0.42105263157894735,
    "FG3_PCT": 0.32673267326732675,
    "FT_PCT": 0.6825396825396826,
    "games_played": 26
  }
}