{
  "season_stats": {
    "MIN_avg": 16.73134328358209,
    "MIN_total": 1121,
    "FGM_avg": 2.955223880597015,
    "FGM_total": 198,
    "FGA_avg": 7.567164179104478,
    "FGA_total": 507,
    "FG3M_avg": 1.0746268656716418,
    "FG3M_total": 72,
    "FG3A_avg": 3.3134328358208953,
    "FG3A_total": 222,
    "FTM_avg": 1.3582089552238805,
    "FTM_total": 91,
    "FTA_avg": 1.8656716417910448,
    "FTA_total": 125,
    "OREB_avg": 0.44776119402985076,
    "OREB_total": 30,
    "DREB_avg": 1.5671641791044777,
    "DREB_total": 105,
    "REB_avg": 2.014925373134328,
    "REB_total": 135,
    "AST_avg": 2.388059701492537,
    "AST_total": 160,
    "STL_avg": 0.6417910447761194,
    "STL_total": 43,
    "BLK_avg": 0.5074626865671642,
    "BLK_total": 34,
    "TOV_avg": 1.2835820895522387,
    "TOV_total": 86,
    "PF_avg": 0.8656716417910447,
    "PF_total": 58,
    "PTS_avg": 8.343283582089553,
    "PTS_total": 559,
    "PLUS_MINUS_avg": -0.8208955223880597,
    "PLUS_MINUS_total": -55,
    "FG_PCT": 0.3905325443786982,
    "FG3_PCT": 0.32432432432432434,
    "FT_PCT": 0.728,
    "games_played": 67
  }
}