{
  "season_stats": {
    "MIN_avg": 22.324324324324323,
    "MIN_total": 1652,
    "FGM_avg": 3.324324324324324,
    "FGM_total": 246,
    "FGA_avg": 7.675675675675675,
    "FGA_total": 568,
    "FG3M_avg": 1.7027027027027026,
    "FG3M_total": 126,
    "FG3A_avg": 4.554054054054054,
    "FG3A_total": 337,
    "FTM_avg": 1.4324324324324325,
    "FTM_total": 106,
    "FTA_avg": 1.7972972972972974,
    "FTA_total": 133,
    "OREB_avg": 0.7027027027027027,
    "OREB_total": 52,
    "DREB_avg": 1.8513513513513513,
    "DREB_total": 137,
    "REB_avg": 2.554054054054054,
    "REB_total": 189,
    "AST_avg": 1.2972972972972974,
    "AST_total": 96,
    "STL_avg": 0.7972972972972973,
    "STL_total": 59,
    "BLK_avg": 0.4189189189189189,
    "BLK_total": 31,
    "TOV_avg": 0.7297297297297297,
    "TOV_total": 54,
    "PF_avg": 1.5675675675675675,
    "PF_total": 116,
    "PTS_avg": 9.783783783783784,
    "PTS_total": 724,
    "PLUS_MINUS_avg": 1.7837837837837838,
    "PLUS_MINUS_total": 132,
    "FG_PCT": 0.43309859154929575,
    "FG3_PCT": 0.37388724035608306,
    "FT_PCT": 0.7969924812030075,
    "games_played": 74
  }
}