{
  "season_stats": {
    "MIN_avg": 18.526315789473685,
    "MIN_total": 704,
    "FGM_avg": 1.5,
    "FGM_total": 57,
    "FGA_avg": 3.5526315789473686,
    "FGA_total": 135,
    "FG3M_avg": 0.8157894736842105,
    "FG3M_total": 31,
    "FG3A_avg": 2.5789473684210527,
    "FG3A_total": 98,
    "FTM_avg": 0.4473684210526316,
    "FTM_total": 17,
    "FTA_avg": 0.5263157894736842,
    "FTA_total": 20,
    "OREB_avg": 1.131578947368421,
    "OREB_total": 43,
    "DREB_avg": 3.1842105263157894,
    "DREB_total": 121,
    "REB_avg": 4.315789473684211,
    "REB_total": 164,
    "AST_avg": 0.8157894736842105,
    "AST_total": 31,
    "STL_avg": 0.3684210526315789,
    "STL_total": 14,
    "BLK_avg": 0.3684210526315789,
    "BLK_total": 14,
    "TOV_avg": 0.8157894736842105,
    "TOV_total": 31,
    "PF_avg": 1.3157894736842106,
    "PF_total": 50,
    "PTS_avg": 4.2631578947368425,
    "PTS_total": 162,
    "PLUS_MINUS_avg": -2.736842105263158,
    "PLUS_MINUS_total": -104,
    "FG_PCT": 0.4222222222222222,
    "FG3_PCT": 0.3163265306122449,
    "FT_PCT": 0.85,
    "games_played": 38
  }
}