{
  "season_stats": {
    "MIN_avg": 24.379746835443036,
    "MIN_total": 1926,
    "FGM_avg": 3.8354430379746836,
    "FGM_total": 303,
    "FGA_avg": 9.860759493670885,
    "FGA_total": 779,
    "FG3M_avg": 1.5949367088607596,
    "FG3M_total": 126,
    "FG3A_avg": 5.075949367088608,
    "FG3A_total": 401,
    "FTM_avg": 1.3544303797468353,
    "FTM_total": 107,
    "FTA_avg": 1.759493670886076,
    "FTA_total": 139,
    "OREB_avg": 0.7974683544303798,
    "OREB_total": 63,
    "DREB_avg": 2.962025316455696,
    "DREB_total": 234,
    "REB_avg": 3.759493670886076,
    "REB_total": 297,
    "AST_avg": 2.2151898734177213,
    "AST_total": 175,
    "STL_avg": 1.0379746835443038,
    "STL_total": 82,
    "BLK_avg": 0.379746835443038,
    "BLK_total": 30,
    "TOV_avg": 1.4683544303797469,
    "TOV_total": 116,
    "PF_avg": 2.6455696202531644,
    "PF_total": 209,
    "PTS_avg": 10.620253164556962,
    "PTS_total": 839,
    "PLUS_MINUS_avg": -5.3544303797468356,
    "PLUS_MINUS_total": -423,
    "FG_PCT": 0.3889602053915276,
    "FG3_PCT": 0.314214463840399,
    "FT_PCT": 0.7697841726618705,
    "games_played": 79
  }
}