{
  "season_stats": {
    "MIN_avg": 21.27848101265823,
    "MIN_total": 1681,
    "FGM_avg": 3.607594936708861,
    "FGM_total": 285,
    "FGA_avg": 7.518987341772152,
    "FGA_total": 594,
    "FG3M_avg": 1.1012658227848102,
    "FG3M_total": 87,
    "FG3A_avg": 2.7721518987341773,
    "FG3A_total": 219,
    "FTM_avg": 1.5443037974683544,
    "FTM_total": 122,
    "FTA_avg": 2.1645569620253164,
    "FTA_total": 171,
    "OREB_avg": 0.8227848101265823,
    "OREB_total": 65,
    "DREB_avg": 2.4556962025316458,
    "DREB_total": 194,
    "REB_avg": 3.278481012658228,
    "REB_total": 259,
    "AST_avg": 4.3924050632911396,
    "AST_total": 347,
    "STL_avg": 1.3037974683544304,
    "STL_total": 103,
    "BLK_avg": 0.379746835443038,
    "BLK_total": 30,
    "TOV_avg": 1.7468354430379747,
    "TOV_total": 138,
    "PF_avg": 2.569620253164557,
    "PF_total": 203,
    "PTS_avg": 9.860759493670885,
    "PTS_total": 779,
    "PLUS_MINUS_avg": 0.5569620253164557,
    "PLUS_MINUS_total": 44,
    "FG_PCT": 0.4797979797979798,
    "FG3_PCT": 0.3972602739726027,
    "FT_PCT": 0.7134502923976608,
    "games_played": 79
  }
}