{
  "season_stats": {
    "MIN_avg": 16.193548387096776,
    "MIN_total": 502,
    "FGM_avg": 2.096774193548387,
    "FGM_total": 65,
    "FGA_avg": 5.225806451612903,
    "FGA_total": 162,
    "FG3M_avg": 0.8709677419354839,
    "FG3M_total": 27,
    "FG3A_avg": 2.6451612903225805,
    "FG3A_total": 82,
    "FTM_avg": 0.3548387096774194,
    "FTM_total": 11,
    "FTA_avg": 0.3548387096774194,
    "FTA_total": 11,
    "OREB_avg": 0.22580645161290322,
    "OREB_total": 7,
    "DREB_avg": 1.3870967741935485,
    "DREB_total": 43,
    "REB_avg": 1.6129032258064515,
    "REB_total": 50,
    "AST_avg": 2.6129032258064515,
    "AST_total": 81,
    "STL_avg": 0.9032258064516129,
    "STL_total": 28,
    "BLK_avg": 0.2903225806451613,
    "BLK_total": 9,
    "TOV_avg": 1.064516129032258,
    "TOV_total": 33,
    "PF_avg": 1.2580645161290323,
    "PF_total": 39,
    "PTS_avg": 5.419354838709677,
    "PTS_total": 168,
    "PLUS_MINUS_avg": -0.6129032258064516,
    "PLUS_MINUS_total": -19,
    "FG_PCT": 0.4012345679012346,
    "FG3_PCT": 0.32926829268292684,
    "FT_PCT": 1.0,
    "games_played": 31
  }
}