{
  "season_stats": {
    "MIN_avg": 4.571428571428571,
    "MIN_total": 160,
    "FGM_avg": 0.7714285714285715,
    "FGM_total": 27,
    "FGA_avg": 1.8571428571428572,
    "FGA_total": 65,
    "FG3M_avg": 0.2857142857142857,
    "FG3M_total": 10,
    "FG3A_avg": 0.8285714285714286,
    "FG3A_total": 29,
    "FTM_avg": 0.42857142857142855,
    "FTM_total": 15,
    "FTA_avg": 0.5714285714285714,
    "FTA_total": 20,
    "OREB_avg": 0.3142857142857143,
    "OREB_total": 11,
    "DREB_avg": 0.9428571428571428,
    "DREB_total": 33,
    "REB_avg": 1.2571428571428571,
    "REB_total": 44,
    "AST_avg": 0.3142857142857143,
    "AST_total": 11,
    "STL_avg": 0.11428571428571428,
    "STL_total": 4,
    "BLK_avg": 0.02857142857142857,
    "BLK_total": 1,
    "TOV_avg": 0.42857142857142855,
    "TOV_total": 15,
    "PF_avg": 0.4,
    "PF_total": 14,
    "PTS_avg": 2.257142857142857,
    "PTS_total": 79,
    "PLUS_MINUS_avg": 0.2571428571428571,
    "PLUS_MINUS_total": 9,
    "FG_PCT": 0.4153846153846154,
    "FG3_PCT": 0.3448275862068966,
    "FT_PCT": 0.75,
    "games_played": 35
  }
}