{
  "season_stats": {
    "MIN_avg": 24.392857142857142,
    "MIN_total": 1366,
    "FGM_avg": 3.642857142857143,
    "FGM_total": 204,
    "FGA_avg": 9.303571428571429,
    "FGA_total": 521,
    "FG3M_avg": 1.9821428571428572,
    "FG3M_total": 111,
    "FG3A_avg": 5.517857142857143,
    "FG3A_total": 309,
    "FTM_avg": 1.0714285714285714,
    "FTM_total": 60,
    "FTA_avg": 1.3214285714285714,
    "FTA_total": 74,
    "OREB_avg": 0.48214285714285715,
    "OREB_total": 27,
    "DREB_avg": 1.9464285714285714,
    "DREB_total": 109,
    "REB_avg": 2.4285714285714284,
    "REB_total": 136,
    "AST_avg": 4.625,
    "AST_total": 259,
    "STL_avg": 1.3214285714285714,
    "STL_total": 74,
    "BLK_avg": 0.25,
    "BLK_total": 14,
    "TOV_avg": 1.5357142857142858,
    "TOV_total": 86,
    "PF_avg": 1.625,
    "PF_total": 91,
    "PTS_avg": 10.339285714285714,
    "PTS_total": 579,
    "PLUS_MINUS_avg": -4.142857142857143,
    "PLUS_MINUS_total": -232,
    "FG_PCT": 0.3915547024952015,
    "FG3_PCT": 0.3592233009708738,
    "FT_PCT": 0.8108108108108109,
    "games_played": 56
  }
}