{
  "season_stats": {
    "MIN_avg": 24.955555555555556,
    "MIN_total": 1123,
    "FGM_avg": 4.266666666666667,
    "FGM_total": 192,
    "FGA_avg": 8.422222222222222,
    "FGA_total": 379,
    "FG3M_avg": 1.8666666666666667,
    "FG3M_total": 84,
    "FG3A_avg": 4.333333333333333,
    "FG3A_total": 195,
    "FTM_avg": 1.6222222222222222,
    "FTM_total": 73,
    "FTA_avg": 1.7777777777777777,
    "FTA_total": 80,
    "OREB_avg": 0.8222222222222222,
    "OREB_total": 37,
    "DREB_avg": 3.1333333333333333,
    "DREB_total": 141,
    "REB_avg": 3.9555555555555557,
    "REB_total": 178,
    "AST_avg": 1.2,
    "AST_total": 54,
    "STL_avg": 0.7777777777777778,
    "STL_total": 35,
    "BLK_avg": 0.37777777777777777,
    "BLK_total": 17,
    "TOV_avg": 0.8222222222222222,
    "TOV_total": 37,
    "PF_avg": 2.533333333333333,
    "PF_total": 114,
    "PTS_avg": 12.022222222222222,
    "PTS_total": 541,
    "PLUS_MINUS_avg": 4.4,
    "PLUS_MINUS_total": 198,
    "FG_PCT": 0.5065963060686016,
    "FG3_PCT": 0.4307692307692308,
    "FT_PCT": 0.9125,
    "games_played": 45
  }
}