{
  "season_stats": {
    "MIN_avg": 19.652173913043477,
    "MIN_total": 904,
    "FGM_avg": 2.782608695652174,
    "FGM_total": 128,
    "FGA_avg": 5.173913043478261,
    "FGA_total": 238,
    "FG3M_avg": 0.41304347826086957,
    "FG3M_total": 19,
    "FG3A_avg": 1.0434782608695652,
    "FG3A_total": 48,
    "FTM_avg": 1.1956521739130435,
    "FTM_total": 55,
    "FTA_avg": 1.4565217391304348,
    "FTA_total": 67,
    "OREB_avg": 0.6739130434782609,
    "OREB_total": 31,
    "DREB_avg": 1.8478260869565217,
    "DREB_total": 85,
    "REB_avg": 2.5217391304347827,
    "REB_total": 116,
    "AST_avg": 4.173913043478261,
    "AST_total": 192,
    "STL_avg": 0.8043478260869565,
    "STL_total": 37,
    "BLK_avg": 0.21739130434782608,
    "BLK_total": 10,
    "TOV_avg": 0.7608695652173914,
    "TOV_total": 35,
    "PF_avg": 1.1956521739130435,
    "PF_total": 55,
    "PTS_avg": 7.173913043478261,
    "PTS_total": 330,
    "PLUS_MINUS_avg": -0.6739130434782609,
    "PLUS_MINUS_total": -31,
    "FG_PCT": 0.5378151260504201,
    "FG3_PCT": 0.3958333333333333,
    "FT_PCT": 0.8208955223880597,
    "games_played": 46
  }
}