{
  "season_stats": {
    "MIN_avg": 31.92753623188406,
    "MIN_total": 2203,
    "FGM_avg": 7.144927536231884,
    "FGM_total": 493,
    "FGA_avg": 14.753623188405797,
    "FGA_total": 1018,
    "FG3M_avg": 2.3768115942028984,
    "FG3M_total": 164,
    "FG3A_avg": 6.057971014492754,
    "FG3A_total": 418,
    "FTM_avg": 2.5652173913043477,
    "FTM_total": 177,
    "FTA_avg": 2.869565217391304,
    "FTA_total": 198,
    "OREB_avg": 0.8985507246376812,
    "OREB_total": 62,
    "DREB_avg": 5.159420289855072,
    "DREB_total": 356,
    "REB_avg": 6.057971014492754,
    "REB_total": 418,
    "AST_avg": 5.3478260869565215,
    "AST_total": 369,
    "STL_avg": 1.1594202898550725,
    "STL_total": 80,
    "BLK_avg": 0.4057971014492754,
    "BLK_total": 28,
    "TOV_avg": 2.449275362318841,
    "TOV_total": 169,
    "PF_avg": 2.3768115942028984,
    "PF_total": 164,
    "PTS_avg": 19.231884057971016,
    "PTS_total": 1327,
    "PLUS_MINUS_avg": 2.072463768115942,
    "PLUS_MINUS_total": 143,
    "FG_PCT": 0.48428290766208254,
    "FG3_PCT": 0.3923444976076555,
    "FT_PCT": 0.8939393939393939,
    "games_played": 69
  }
}