{
  "season_stats": {
    "MIN_avg": 19.569620253164558,
    "MIN_total": 1546,
    "FGM_avg": 4.012658227848101,
    "FGM_total": 317,
    "FGA_avg": 7.582278481012659,
    "FGA_total": 599,
    "FG3M_avg": 1.3924050632911393,
    "FG3M_total": 110,
    "FG3A_avg": 3.810126582278481,
    "FG3A_total": 301,
    "FTM_avg": 1.1265822784810127,
    "FTM_total": 89,
    "FTA_avg": 1.4430379746835442,
    "FTA_total": 114,
    "OREB_avg": 0.7088607594936709,
    "OREB_total": 56,
    "DREB_avg": 3.3164556962025316,
    "DREB_total": 262,
    "REB_avg": 4.025316455696203,
    "REB_total": 318,
    "AST_avg": 1.620253164556962,
    "AST_total": 128,
    "STL_avg": 0.5822784810126582,
    "STL_total": 46,
    "BLK_avg": 0.35443037974683544,
    "BLK_total": 28,
    "TOV_avg": 0.8607594936708861,
    "TOV_total": 68,
    "PF_avg": 1.3670886075949367,
    "PF_total": 108,
    "PTS_avg": 10.544303797468354,
    "PTS_total": 833,
    "PLUS_MINUS_avg": -0.9746835443037974,
    "PLUS_MINUS_total": -77,
    "FG_PCT": 0.5292153589315526,
    "FG3_PCT": 0.3654485049833887,
    "FT_PCT": 0.7807017543859649,
    "games_played": 79
  }
}