{
  "season_stats": {
    "MIN_avg": 17.416666666666668,
    "MIN_total": 1045,
    "FGM_avg": 3.3833333333333333,
    "FGM_total": 203,
    "FGA_avg": 7.55,
    "FGA_total": 453,
    "FG3M_avg": 1.0,
    "FG3M_total": 60,
    "FG3A_avg": 2.816666666666667,
    "FG3A_total": 169,
    "FTM_avg": 1.25,
    "FTM_total": 75,
    "FTA_avg": 1.5166666666666666,
    "FTA_total": 91,
    "OREB_avg": 0.4166666666666667,
    "OREB_total": 25,
    "DREB_avg": 1.4166666666666667,
    "DREB_total": 85,
    "REB_avg": 1.8333333333333333,
    "REB_total": 110,
    "AST_avg": 3.6666666666666665,
    "AST_total": 220,
    "STL_avg": 0.7,
    "STL_total": 42,
    "BLK_avg": 0.21666666666666667,
    "BLK_total": 13,
    "TOV_avg": 1.3333333333333333,
    "TOV_total": 80,
    "PF_avg": 1.6166666666666667,
    "PF_total": 97,
    "PTS_avg": 9.016666666666667,
    "PTS_total": 541,
    "PLUS_MINUS_avg": -2.183333333333333,
    "PLUS_MINUS_total": -131,
    "FG_PCT": 0.4481236203090508,
    "FG3_PCT": 0.35502958579881655,
    "FT_PCT": 0.8241758241758241,
    "games_played": 60
  }
}