{
  "season_stats": {
    "MIN_avg": 27.782608695652176,
    "MIN_total": 1917,
    "FGM_avg": 5.246376811594203,
    "FGM_total": 362,
    "FGA_avg": 10.318840579710145,
    "FGA_total": 712,
    "FG3M_avg": 0.8695652173913043,
    "FG3M_total": 60,
    "FG3A_avg": 3.1594202898550723,
    "FG3A_total": 218,
    "FTM_avg": 1.8840579710144927,
    "FTM_total": 130,
    "FTA_avg": 2.318840579710145,
    "FTA_total": 160,
    "OREB_avg": 1.1014492753623188,
    "OREB_total": 76,
    "DREB_avg": 3.652173913043478,
    "DREB_total": 252,
    "REB_avg": 4.753623188405797,
    "REB_total": 328,
    "AST_avg": 3.0144927536231885,
    "AST_total": 208,
    "STL_avg": 1.0144927536231885,
    "STL_total": 70,
    "BLK_avg": 0.15942028985507245,
    "BLK_total": 11,
    "TOV_avg": 1.6231884057971016,
    "TOV_total": 112,
    "PF_avg": 1.5797101449275361,
    "PF_total": 109,
    "PTS_avg": 13.246376811594203,
    "PTS_total": 914,
    "PLUS_MINUS_avg": -1.9855072463768115,
    "PLUS_MINUS_total": -137,
    "FG_PCT": 0.5084269662921348,
    "FG3_PCT": 0.27522935779816515,
    "FT_PCT": 0.8125,
    "games_played": 69
  }
}