{
  "season_stats": {
    "MIN_avg": 10.68421052631579,
    "MIN_total": 609,
    "FGM_avg": 1.2280701754385965,
    "FGM_total": 70,
    "FGA_avg": 2.473684210526316,
    "FGA_total": 141,
    "FG3M_avg": 0.2982456140350877,
    "FG3M_total": 17,
    "FG3A_avg": 0.9122807017543859,
    "FG3A_total": 52,
    "FTM_avg": 0.47368421052631576,
    "FTM_total": 27,
    "FTA_avg": 0.7719298245614035,
    "FTA_total": 44,
    "OREB_avg": 0.5789473684210527,
    "OREB_total": 33,
    "DREB_avg": 1.0,
    "DREB_total": 57,
    "REB_avg": 1.5789473684210527,
    "REB_total": 90,
    "AST_avg": 0.40350877192982454,
    "AST_total": 23,
    "STL_avg": 0.43859649122807015,
    "STL_total": 25,
    "BLK_avg": 0.6666666666666666,
    "BLK_total": 38,
    "TOV_avg": 0.24561403508771928,
    "TOV_total": 14,
    "PF_avg": 1.087719298245614,
    "PF_total": 62,
    "PTS_avg": 3.2280701754385963,
    "PTS_total": 184,
    "PLUS_MINUS_avg": -0.40350877192982454,
    "PLUS_MINUS_total": -23,
    "FG_PCT": 0.49645390070921985,
    "FG3_PCT": 0.3269230769230769,
    "FT_PCT": 0.6136363636363636,
    "games_played": 57
  }
}