{
  "season_stats": {
    "MIN_avg": 24.319148936170212,
    "MIN_total": 1143,
    "FGM_avg": 5.48936170212766,
    "FGM_total": 258,
    "FGA_avg": 12.085106382978724,
    "FGA_total": 568,
    "FG3M_avg": 0.9787234042553191,
    "FG3M_total": 46,
    "FG3A_avg": 3.2127659574468086,
    "FG3A_total": 151,
    "FTM_avg": 3.3404255319148937,
    "FTM_total": 157,
    "FTA_avg": 5.0,
    "FTA_total": 235,
    "OREB_avg": 1.1914893617021276,
    "OREB_total": 56,
    "DREB_avg": 3.425531914893617,
    "DREB_total": 161,
    "REB_avg": 4.617021276595745,
    "REB_total": 217,
    "AST_avg": 2.2127659574468086,
    "AST_total": 104,
    "STL_avg": 0.8085106382978723,
    "STL_total": 38,
    "BLK_avg": 0.44680851063829785,
    "BLK_total": 21,
    "TOV_avg": 1.5106382978723405,
    "TOV_total": 71,
    "PF_avg": 1.9148936170212767,
    "PF_total": 90,
    "PTS_avg": 15.297872340425531,
    "PTS_total": 719,
    "PLUS_MINUS_avg": 0.1702127659574468,
    "PLUS_MINUS_total": 8,
    "FG_PCT": 0.45422535211267606,
    "FG3_PCT": 0.304635761589404,
    "FT_PCT": 0.6680851063829787,
    "games_played": 47
  }
}