{
  "season_stats": {
    "MIN_avg": 15.109375,
    "MIN_total": 967,
    "FGM_avg": 2.96875,
    "FGM_total": 190,
    "FGA_avg": 6.375,
    "FGA_total": 408,
    "FG3M_avg": 1.125,
    "FG3M_total": 72,
    "FG3A_avg": 3.46875,
    "FG3A_total": 222,
    "FTM_avg": 1.125,
    "FTM_total": 72,
    "FTA_avg": 1.390625,
    "FTA_total": 89,
    "OREB_avg": 1.390625,
    "OREB_total": 89,
    "DREB_avg": 4.1875,
    "DREB_total": 268,
    "REB_avg": 5.578125,
    "REB_total": 357,
    "AST_avg": 1.015625,
    "AST_total": 65,
    "STL_avg": 0.265625,
    "STL_total": 17,
    "BLK_avg": 0.6875,
    "BLK_total": 44,
    "TOV_avg": 0.578125,
    "TOV_total": 37,
    "PF_avg": 1.484375,
    "PF_total": 95,
    "PTS_avg": 8.1875,
    "PTS_total": 524,
    "PLUS_MINUS_avg": -0.5625,
    "PLUS_MINUS_total": -36,
    "FG_PCT": 0.46568627450980393,
    "FG3_PCT": 0.32432432432432434,
    "FT_PCT": 0.8089887640449438,
    "games_played": 64
  }
}