{
  "season_stats": {
    "MIN_avg": 23.573170731707318,
    "MIN_total": 1933,
    "FGM_avg": 3.3658536585365852,
    "FGM_total": 276,
    "FGA_avg": 8.109756097560975,
    "FGA_total": 665,
    "FG3M_avg": 2.1707317073170733,
    "FG3M_total": 178,
    "FG3A_avg": 5.853658536585366,
    "FG3A_total": 480,
    "FTM_avg": 1.0365853658536586,
    "FTM_total": 85,
    "FTA_avg": 1.146341463414634,
    "FTA_total": 94,
    "OREB_avg": 0.8170731707317073,
    "OREB_total": 67,
    "DREB_avg": 3.0609756097560976,
    "DREB_total": 251,
    "REB_avg": 3.8780487804878048,
    "REB_total": 318,
    "AST_avg": 1.353658536585366,
    "AST_total": 111,
    "STL_avg": 0.7439024390243902,
    "STL_total": 61,
    "BLK_avg": 0.4268292682926829,
    "BLK_total": 35,
    "TOV_avg": 0.9024390243902439,
    "TOV_total": 74,
    "PF_avg": 1.3902439024390243,
    "PF_total": 114,
    "PTS_avg": 9.939024390243903,
    "PTS_total": 815,
    "PLUS_MINUS_avg": -0.8170731707317073,
    "PLUS_MINUS_total": -67,
    "FG_PCT": 0.4150375939849624,
    "FG3_PCT": 0.37083333333333335,
    "FT_PCT": 0.9042553191489362,
    "games_played": 82
  }
}