{
  "season_stats": {
    "MIN_avg": 33.733333333333334,
    "MIN_total": 2024,
    "FGM_avg": 8.95,
    "FGM_total": 537,
    "FGA_avg": 19.35,
    "FGA_total": 1161,
    "FG3M_avg": 1.7333333333333334,
    "FG3M_total": 104,
    "FG3A_avg": 5.866666666666666,
    "FG3A_total": 352,
    "FTM_avg": 4.516666666666667,
    "FTM_total": 271,
    "FTA_avg": 5.183333333333334,
    "FTA_total": 311,
    "OREB_avg": 0.9333333333333333,
    "OREB_total": 56,
    "DREB_avg": 4.766666666666667,
    "DREB_total": 286,
    "REB_avg": 5.7,
    "REB_total": 342,
    "AST_avg": 4.733333333333333,
    "AST_total": 284,
    "STL_avg": 1.25,
    "STL_total": 75,
    "BLK_avg": 0.35,
    "BLK_total": 21,
    "TOV_avg": 2.3,
    "TOV_total": 138,
    "PF_avg": 2.45,
    "PF_total": 147,
    "PTS_avg": 24.15,
    "PTS_total": 1449,
    "PLUS_MINUS_avg": 4.116666666666666,
    "PLUS_MINUS_total": 247,
    "FG_PCT": 0.4625322997416021,
    "FG3_PCT": 0.29545454545454547,
    "FT_PCT": 0.8713826366559485,
    "games_played": 60
  }
}