{
  "season_stats": {
    "MIN_avg": 28.685714285714287,
    "MIN_total": 1004,
    "FGM_avg": 5.628571428571429,
    "FGM_total": 197,
    "FGA_avg": 13.742857142857142,
    "FGA_total": 481,
    "FG3M_avg": 2.1714285714285713,
    "FG3M_total": 76,
    "FG3A_avg": 6.914285714285715,
    "FG3A_total": 242,
    "FTM_avg": 2.7714285714285714,
    "FTM_total": 97,
    "FTA_avg": 3.142857142857143,
    "FTA_total": 110,
    "OREB_avg": 0.6571428571428571,
    "OREB_total": 23,
    "DREB_avg": 3.3714285714285714,
    "DREB_total": 118,
    "REB_avg": 4.0285714285714285,
    "REB_total": 141,
    "AST_avg": 3.6857142857142855,
    "AST_total": 129,
    "STL_avg": 1.457142857142857,
    "STL_total": 51,
    "BLK_avg": 0.9428571428571428,
    "BLK_total": 33,
    "TOV_avg": 2.914285714285714,
    "TOV_total": 102,
    "PF_avg": 2.8,
    "PF_total": 98,
    "PTS_avg": 16.2,
    "PTS_total": 567,
    "PLUS_MINUS_avg": 0.08571428571428572,
    "PLUS_MINUS_total": 3,
    "FG_PCT": 0.4095634095634096,
    "FG3_PCT": 0.3140495867768595,
    "FT_PCT": 0.8818181818181818,
    "games_played": 35
  }
}