{
  "season_stats": {
    "MIN_avg": 18.803030303030305,
    "MIN_total": 1241,
    "FGM_avg": 2.393939393939394,
    "FGM_total": 158,
    "FGA_avg": 5.257575757575758,
    "FGA_total": 347,
    "FG3M_avg": 0.8484848484848485,
    "FG3M_total": 56,
    "FG3A_avg": 2.484848484848485,
    "FG3A_total": 164,
    "FTM_avg": 0.696969696969697,
    "FTM_total": 46,
    "FTA_avg": 0.8333333333333334,
    "FTA_total": 55,
    "OREB_avg": 1.6666666666666667,
    "OREB_total": 110,
    "DREB_avg": 3.106060606060606,
    "DREB_total": 205,
    "REB_avg": 4.7727272727272725,
    "REB_total": 315,
    "AST_avg": 1.3333333333333333,
    "AST_total": 88,
    "STL_avg": 0.5909090909090909,
    "STL_total": 39,
    "BLK_avg": 0.10606060606060606,
    "BLK_total": 7,
    "TOV_avg": 0.7727272727272727,
    "TOV_total": 51,
    "PF_avg": 1.196969696969697,
    "PF_total": 79,
    "PTS_avg": 6.333333333333333,
    "PTS_total": 418,
    "PLUS_MINUS_avg": -5.015151515151516,
    "PLUS_MINUS_total": -331,
    "FG_PCT": 0.4553314121037464,
    "FG3_PCT": 0.34146341463414637,
    "FT_PCT": 0.8363636363636363,
    "games_played": 66
  }
}