{
  "season_stats": {
    "MIN_avg": 27.727272727272727,
    "MIN_total": 915,
    "FGM_avg": 5.575757575757576,
    "FGM_total": 184,
    "FGA_avg": 13.272727272727273,
    "FGA_total": 438,
    "FG3M_avg": 2.5757575757575757,
    "FG3M_total": 85,
    "FG3A_avg": 6.818181818181818,
    "FG3A_total": 225,
    "FTM_avg": 3.3636363636363638,
    "FTM_total": 111,
    "FTA_avg": 3.878787878787879,
    "FTA_total": 128,
    "OREB_avg": 0.48484848484848486,
    "OREB_total": 16,
    "DREB_avg": 3.0606060606060606,
    "DREB_total": 101,
    "REB_avg": 3.5454545454545454,
    "REB_total": 117,
    "AST_avg": 5.787878787878788,
    "AST_total": 191,
    "STL_avg": 0.696969696969697,
    "STL_total": 23,
    "BLK_avg": 0.12121212121212122,
    "BLK_total": 4,
    "TOV_avg": 1.7575757575757576,
    "TOV_total": 58,
    "PF_avg": 1.8484848484848484,
    "PF_total": 61,
    "PTS_avg": 17.09090909090909,
    "PTS_total": 564,
    "PLUS_MINUS_avg": -1.1818181818181819,
    "PLUS_MINUS_total": -39,
    "FG_PCT": 0.4200913242009132,
    "FG3_PCT": 0.37777777777777777,
    "FT_PCT": 0.8671875,
    "games_played": 33
  }
}