{
  "season_stats": {
    "MIN_avg": 24.53846153846154,
    "MIN_total": 319,
    "FGM_avg": 5.384615384615385,
    "FGM_total": 70,
    "FGA_avg": 12.384615384615385,
    "FGA_total": 161,
    "FG3M_avg": 1.8461538461538463,
    "FG3M_total": 24,
    "FG3A_avg": 4.615384615384615,
    "FG3A_total": 60,
    "FTM_avg": 1.4615384615384615,
    "FTM_total": 19,
    "FTA_avg": 1.6153846153846154,
    "FTA_total": 21,
    "OREB_avg": 0.9230769230769231,
    "OREB_total": 12,
    "DREB_avg": 2.0,
    "DREB_total": 26,
    "REB_avg": 2.923076923076923,
    "REB_total": 38,
    "AST_avg": 3.0,
    "AST_total": 39,
    "STL_avg": 0.5384615384615384,
    "STL_total": 7,
    "BLK_avg": 0.3076923076923077,
    "BLK_total": 4,
    "TOV_avg": 1.9230769230769231,
    "TOV_total": 25,
    "PF_avg": 1.8461538461538463,
    "PF_total": 24,
    "PTS_avg": 14.076923076923077,
    "PTS_total": 183,
    "PLUS_MINUS_avg": -4.230769230769231,
    "PLUS_MINUS_total": -55,
    "FG_PCT": 0.43478260869565216,
    "FG3_PCT": 0.4,
    "FT_PCT": 0.9047619047619048,
    "games_played": 13
  }
}