{
  "season_stats": {
    "MIN_avg": 4.666666666666667,
    "MIN_total": 14,
    "FGM_avg": 0.0,
    "FGM_total": 0,
    "FGA_avg": 0.3333333333333333,
    "FGA_total": 1,
    "FG3M_avg": 0.0,
    "FG3M_total": 0,
    "FG3A_avg": 0.3333333333333333,
    "FG3A_total": 1,
    "FTM_avg": 0.3333333333333333,
    "FTM_total": 1,
    "FTA_avg": 0.6666666666666666,
    "FTA_total": 2,
    "OREB_avg": 0.0,
    "OREB_total": 0,
    "DREB_avg": 1.3333333333333333,
    "DREB_total": 4,
    "REB_avg": 1.3333333333333333,
    "REB_total": 4,
    "AST_avg": 1.0,
    "AST_total": 3,
    "STL_avg": 0.0,
    "STL_total": 0,
    "BLK_avg": 0.0,
    "BLK_total": 0,
    "TOV_avg": 1.3333333333333333,
    "TOV_total": 4,
    "PF_avg": 0.3333333333333333,
    "PF_total": 1,
    "PTS_avg": 0.3333333333333333,
    "PTS_total": 1,
    "PLUS_MINUS_avg": 3.0,
    "PLUS_MINUS_total": 9,
    "FG_PCT": 0.0,
    "FG3_PCT": 0.0,
    "FT_PCT": 0.5,
    "games_played": 3
  }
}