{
  "season_stats": {
    "MIN_avg": 20.49122807017544,
    "MIN_total": 1168,
    "FGM_avg": 2.8771929824561404,
    "FGM_total": 164,
    "FGA_avg": 5.7368421052631575,
    "FGA_total": 327,
    "FG3M_avg": 0.17543859649122806,
    "FG3M_total": 10,
    "FG3A_avg": 0.631578947368421,
    "FG3A_total": 36,
    "FTM_avg": 0.7192982456140351,
    "FTM_total": 41,
    "FTA_avg": 1.2105263157894737,
    "FTA_total": 69,
    "OREB_avg": 1.7719298245614035,
    "OREB_total": 101,
    "DREB_avg": 3.789473684210526,
    "DREB_total": 216,
    "REB_avg": 5.56140350877193,
    "REB_total": 317,
    "AST_avg": 0.9649122807017544,
    "AST_total": 55,
    "STL_avg": 0.8245614035087719,
    "STL_total": 47,
    "BLK_avg": 0.7368421052631579,
    "BLK_total": 42,
    "TOV_avg": 0.7894736842105263,
    "TOV_total": 45,
    "PF_avg": 1.4210526315789473,
    "PF_total": 81,
    "PTS_avg": 6.649122807017544,
    "PTS_total": 379,
    "PLUS_MINUS_avg": -0.8421052631578947,
    "PLUS_MINUS_total": -48,
    "FG_PCT": 0.5015290519877675,
    "FG3_PCT": 0.2777777777777778,
    "FT_PCT": 0.5942028985507246,
    "games_played": 57
  }
}