{
  "season_stats": {
    "MIN_avg": 27.794117647058822,
    "MIN_total": 1890,
    "FGM_avg": 2.6470588235294117,
    "FGM_total": 180,
    "FGA_avg": 6.1911764705882355,
    "FGA_total": 421,
    "FG3M_avg": 1.4264705882352942,
    "FG3M_total": 97,
    "FG3A_avg": 3.6470588235294117,
    "FG3A_total": 248,
    "FTM_avg": 0.7205882352941176,
    "FTM_total": 49,
    "FTA_avg": 1.0588235294117647,
    "FTA_total": 72,
    "OREB_avg": 0.8235294117647058,
    "OREB_total": 56,
    "DREB_avg": 1.7058823529411764,
    "DREB_total": 116,
    "REB_avg": 2.5294117647058822,
    "REB_total": 172,
    "AST_avg": 1.588235294117647,
    "AST_total": 108,
    "STL_avg": 1.088235294117647,
    "STL_total": 74,
    "BLK_avg": 0.22058823529411764,
    "BLK_total": 15,
    "TOV_avg": 1.0294117647058822,
    "TOV_total": 70,
    "PF_avg": 2.426470588235294,
    "PF_total": 165,
    "PTS_avg": 7.4411764705882355,
    "PTS_total": 506,
    "PLUS_MINUS_avg": -5.352941176470588,
    "PLUS_MINUS_total": -364,
    "FG_PCT": 0.42755344418052255,
    "FG3_PCT": 0.3911290322580645,
    "FT_PCT": 0.6805555555555556,
    "games_played": 68
  }
}