{
  "season_stats": {
    "MIN_avg": 19.2,
    "MIN_total": 1056,
    "FGM_avg": 2.2545454545454544,
    "FGM_total": 124,
    "FGA_avg": 4.8545454545454545,
    "FGA_total": 267,
    "FG3M_avg": 1.018181818181818,
    "FG3M_total": 56,
    "FG3A_avg": 2.7454545454545456,
    "FG3A_total": 151,
    "FTM_avg": 0.6,
    "FTM_total": 33,
    "FTA_avg": 0.8363636363636363,
    "FTA_total": 46,
    "OREB_avg": 0.8909090909090909,
    "OREB_total": 49,
    "DREB_avg": 1.4727272727272727,
    "DREB_total": 81,
    "REB_avg": 2.3636363636363638,
    "REB_total": 130,
    "AST_avg": 1.2363636363636363,
    "AST_total": 68,
    "STL_avg": 0.5818181818181818,
    "STL_total": 32,
    "BLK_avg": 0.2909090909090909,
    "BLK_total": 16,
    "TOV_avg": 0.41818181818181815,
    "TOV_total": 23,
    "PF_avg": 1.8909090909090909,
    "PF_total": 104,
    "PTS_avg": 6.127272727272727,
    "PTS_total": 337,
    "PLUS_MINUS_avg": 4.6,
    "PLUS_MINUS_total": 253,
    "FG_PCT": 0.46441947565543074,
    "FG3_PCT": 0.3708609271523179,
    "FT_PCT": 0.717391304347826,
    "games_played": 55
  }
}