{
  "season_stats": {
    "MIN_avg": 30.01388888888889,
    "MIN_total": 2161,
    "FGM_avg": 5.583333333333333,
    "FGM_total": 402,
    "FGA_avg": 11.722222222222221,
    "FGA_total": 844,
    "FG3M_avg": 1.7361111111111112,
    "FG3M_total": 125,
    "FG3A_avg": 4.75,
    "FG3A_total": 342,
    "FTM_avg": 4.027777777777778,
    "FTM_total": 290,
    "FTA_avg": 5.166666666666667,
    "FTA_total": 372,
    "OREB_avg": 1.5277777777777777,
    "OREB_total": 110,
    "DREB_avg": 5.722222222222222,
    "DREB_total": 412,
    "REB_avg": 7.25,
    "REB_total": 522,
    "AST_avg": 3.9027777777777777,
    "AST_total": 281,
    "STL_avg": 0.9861111111111112,
    "STL_total": 71,
    "BLK_avg": 0.4861111111111111,
    "BLK_total": 35,
    "TOV_avg": 2.7222222222222223,
    "TOV_total": 196,
    "PF_avg": 2.375,
    "PF_total": 171,
    "PTS_avg": 16.930555555555557,
    "PTS_total": 1219,
    "PLUS_MINUS_avg": -1.0833333333333333,
    "PLUS_MINUS_total": -78,
    "FG_PCT": 0.476303317535545,
    "FG3_PCT": 0.3654970760233918,
    "FT_PCT": 0.7795698924731183,
    "games_played": 72
  }
}