{
  "season_stats": {
    "MIN_avg": 31.9390243902439,
    "MIN_total": 2619,
    "FGM_avg": 4.853658536585366,
    "FGM_total": 398,
    "FGA_avg": 10.170731707317072,
    "FGA_total": 834,
    "FG3M_avg": 1.2195121951219512,
    "FG3M_total": 100,
    "FG3A_avg": 3.6951219512195124,
    "FG3A_total": 303,
    "FTM_avg": 1.2682926829268293,
    "FTM_total": 104,
    "FTA_avg": 1.5609756097560976,
    "FTA_total": 128,
    "OREB_avg": 1.5731707317073171,
    "OREB_total": 129,
    "DREB_avg": 4.158536585365853,
    "DREB_total": 341,
    "REB_avg": 5.7317073170731705,
    "REB_total": 470,
    "AST_avg": 1.9878048780487805,
    "AST_total": 163,
    "STL_avg": 1.3414634146341464,
    "STL_total": 110,
    "BLK_avg": 0.9024390243902439,
    "BLK_total": 74,
    "TOV_avg": 1.1585365853658536,
    "TOV_total": 95,
    "PF_avg": 2.7439024390243905,
    "PF_total": 225,
    "PTS_avg": 12.195121951219512,
    "PTS_total": 1000,
    "PLUS_MINUS_avg": 2.097560975609756,
    "PLUS_MINUS_total": 172,
    "FG_PCT": 0.47721822541966424,
    "FG3_PCT": 0.33003300330033003,
    "FT_PCT": 0.8125,
    "games_played": 82
  }
}