{
  "season_stats": {
    "MIN_avg": 31.56578947368421,
    "MIN_total": 2399,
    "FGM_avg": 7.4605263157894735,
    "FGM_total": 567,
    "FGA_avg": 15.039473684210526,
    "FGA_total": 1143,
    "FG3M_avg": 0.27631578947368424,
    "FG3M_total": 21,
    "FG3A_avg": 1.1842105263157894,
    "FG3A_total": 90,
    "FTM_avg": 3.8947368421052633,
    "FTM_total": 296,
    "FTA_avg": 5.631578947368421,
    "FTA_total": 428,
    "OREB_avg": 3.4473684210526314,
    "OREB_total": 262,
    "DREB_avg": 6.894736842105263,
    "DREB_total": 524,
    "REB_avg": 10.342105263157896,
    "REB_total": 786,
    "AST_avg": 4.894736842105263,
    "AST_total": 372,
    "STL_avg": 1.105263157894737,
    "STL_total": 84,
    "BLK_avg": 0.8026315789473685,
    "BLK_total": 61,
    "TOV_avg": 2.5526315789473686,
    "TOV_total": 194,
    "PF_avg": 2.75,
    "PF_total": 209,
    "PTS_avg": 19.092105263157894,
    "PTS_total": 1451,
    "PLUS_MINUS_avg": 5.394736842105263,
    "PLUS_MINUS_total": 410,
    "FG_PCT": 0.49606299212598426,
    "FG3_PCT": 0.23333333333333334,
    "FT_PCT": 0.6915887850467289,
    "games_played": 76
  }
}