{
  "season_stats": {
    "MIN_avg": 11.71875,
    "MIN_total": 750,
    "FGM_avg": 2.453125,
    "FGM_total": 157,
    "FGA_avg": 4.765625,
    "FGA_total": 305,
    "FG3M_avg": 1.265625,
    "FG3M_total": 81,
    "FG3A_avg": 3.125,
    "FG3A_total": 200,
    "FTM_avg": 0.6875,
    "FTM_total": 44,
    "FTA_avg": 0.875,
    "FTA_total": 56,
    "OREB_avg": 0.46875,
    "OREB_total": 30,
    "DREB_avg": 1.546875,
    "DREB_total": 99,
    "REB_avg": 2.015625,
    "REB_total": 129,
    "AST_avg": 0.59375,
    "AST_total": 38,
    "STL_avg": 0.25,
    "STL_total": 16,
    "BLK_avg": 0.875,
    "BLK_total": 56,
    "TOV_avg": 0.53125,
    "TOV_total": 34,
    "PF_avg": 1.21875,
    "PF_total": 78,
    "PTS_avg": 6.859375,
    "PTS_total": 439,
    "PLUS_MINUS_avg": 0.390625,
    "PLUS_MINUS_total": 25,
    "FG_PCT": 0.5147540983606558,
    "FG3_PCT": 0.405,
    "FT_PCT": 0.7857142857142857,
    "games_played": 64
  }
}