{
  "season_stats": {
    "MIN_avg": 21.571428571428573,
    "MIN_total": 151,
    "FGM_avg": 2.4285714285714284,
    "FGM_total": 17,
    "FGA_avg": 7.428571428571429,
    "FGA_total": 52,
    "FG3M_avg": 1.8571428571428572,
    "FG3M_total": 13,
    "FG3A_avg": 6.285714285714286,
    "FG3A_total": 44,
    "FTM_avg": 1.1428571428571428,
    "FTM_total": 8,
    "FTA_avg": 1.4285714285714286,
    "FTA_total": 10,
    "OREB_avg": 0.42857142857142855,
    "OREB_total": 3,
    "DREB_avg": 0.8571428571428571,
    "DREB_total": 6,
    "REB_avg": 1.2857142857142858,
    "REB_total": 9,
    "AST_avg": 1.7142857142857142,
    "AST_total": 12,
    "STL_avg": 0.42857142857142855,
    "STL_total": 3,
    "BLK_avg": 0.14285714285714285,
    "BLK_total": 1,
    "TOV_avg": 1.1428571428571428,
    "TOV_total": 8,
    "PF_avg": 2.4285714285714284,
    "PF_total": 17,
    "PTS_avg": 7.857142857142857,
    "PTS_total": 55,
    "PLUS_MINUS_avg": -10.0,
    "PLUS_MINUS_total": -70,
    "FG_PCT": 0.3269230769230769,
    "FG3_PCT": 0.29545454545454547,
    "FT_PCT": 0.8,
    "games_played": 7
  }
}