{
  "season_stats": {
    "MIN_avg": 4.294117647058823,
    "MIN_total": 73,
    "FGM_avg": 0.7058823529411765,
    "FGM_total": 12,
    "FGA_avg": 1.5294117647058822,
    "FGA_total": 26,
    "FG3M_avg": 0.35294117647058826,
    "FG3M_total": 6,
    "FG3A_avg": 0.8823529411764706,
    "FG3A_total": 15,
    "FTM_avg": 0.35294117647058826,
    "FTM_total": 6,
    "FTA_avg": 0.47058823529411764,
    "FTA_total": 8,
    "OREB_avg": 0.29411764705882354,
    "OREB_total": 5,
    "DREB_avg": 0.8823529411764706,
    "DREB_total": 15,
    "REB_avg": 1.1764705882352942,
    "REB_total": 20,
    "AST_avg": 0.5294117647058824,
    "AST_total": 9,
    "STL_avg": 0.0,
    "STL_total": 0,
    "BLK_avg": 0.0,
    "BLK_total": 0,
    "TOV_avg": 0.058823529411764705,
    "TOV_total": 1,
    "PF_avg": 0.4117647058823529,
    "PF_total": 7,
    "PTS_avg": 2.1176470588235294,
    "PTS_total": 36,
    "PLUS_MINUS_avg": 0.7058823529411765,
    "PLUS_MINUS_total": 12,
    "FG_PCT": 0.46153846153846156,
    "FG3_PCT": 0.4,
    "FT_PCT": 0.75,
    "games_played": 17
  }
}