{
  "season_stats": {
    "MIN_avg": 35.0188679245283,
    "MIN_total": 1856,
    "FGM_avg": 7.188679245283019,
    "FGM_total": 381,
    "FGA_avg": 15.830188679245284,
    "FGA_total": 839,
    "FG3M_avg": 2.981132075471698,
    "FG3M_total": 158,
    "FG3A_avg": 8.264150943396226,
    "FG3A_total": 438,
    "FTM_avg": 3.849056603773585,
    "FTM_total": 204,
    "FTA_avg": 4.339622641509434,
    "FTA_total": 230,
    "OREB_avg": 0.8867924528301887,
    "OREB_total": 47,
    "DREB_avg": 4.169811320754717,
    "DREB_total": 221,
    "REB_avg": 5.056603773584905,
    "REB_total": 268,
    "AST_avg": 3.547169811320755,
    "AST_total": 188,
    "STL_avg": 1.0566037735849056,
    "STL_total": 56,
    "BLK_avg": 0.7358490566037735,
    "BLK_total": 39,
    "TOV_avg": 1.9433962264150944,
    "TOV_total": 103,
    "PF_avg": 2.1132075471698113,
    "PF_total": 112,
    "PTS_avg": 21.20754716981132,
    "PTS_total": 1124,
    "PLUS_MINUS_avg": -7.245283018867925,
    "PLUS_MINUS_total": -384,
    "FG_PCT": 0.4541120381406436,
    "FG3_PCT": 0.3607305936073059,
    "FT_PCT": 0.8869565217391304,
    "games_played": 53
  }
}