{
  "season_stats": {
    "MIN_avg": 27.166666666666668,
    "MIN_total": 163,
    "FGM_avg": 3.0,
    "FGM_total": 18,
    "FGA_avg": 7.166666666666667,
    "FGA_total": 43,
    "FG3M_avg": 1.3333333333333333,
    "FG3M_total": 8,
    "FG3A_avg": 3.5,
    "FG3A_total": 21,
    "FTM_avg": 1.6666666666666667,
    "FTM_total": 10,
    "FTA_avg": 2.0,
    "FTA_total": 12,
    "OREB_avg": 0.8333333333333334,
    "OREB_total": 5,
    "DREB_avg": 2.1666666666666665,
    "DREB_total": 13,
    "REB_avg": 3.0,
    "REB_total": 18,
    "AST_avg": 5.166666666666667,
    "AST_total": 31,
    "STL_avg": 0.6666666666666666,
    "STL_total": 4,
    "BLK_avg": 0.6666666666666666,
    "BLK_total": 4,
    "TOV_avg": 1.5,
    "TOV_total": 9,
    "PF_avg": 2.1666666666666665,
    "PF_total": 13,
    "PTS_avg": 9.0,
    "PTS_total": 54,
    "PLUS_MINUS_avg": -4.0,
    "PLUS_MINUS_total": -24,
    "FG_PCT": 0.4186046511627907,
    "FG3_PCT": 0.38095238095238093,
    "FT_PCT": 0.8333333333333334,
    "games_played": 6
  }
}