{
  "season_stats": {
    "MIN_avg": 3.5789473684210527,
    "MIN_total": 68,
    "FGM_avg": 0.5263157894736842,
    "FGM_total": 10,
    "FGA_avg": 1.631578947368421,
    "FGA_total": 31,
    "FG3M_avg": 0.3157894736842105,
    "FG3M_total": 6,
    "FG3A_avg": 1.0,
    "FG3A_total": 19,
    "FTM_avg": 0.10526315789473684,
    "FTM_total": 2,
    "FTA_avg": 0.10526315789473684,
    "FTA_total": 2,
    "OREB_avg": 0.0,
    "OREB_total": 0,
    "DREB_avg": 0.42105263157894735,
    "DREB_total": 8,
    "REB_avg": 0.42105263157894735,
    "REB_total": 8,
    "AST_avg": 0.15789473684210525,
    "AST_total": 3,
    "STL_avg": 0.10526315789473684,
    "STL_total": 2,
    "BLK_avg": 0.0,
    "BLK_total": 0,
    "TOV_avg": 0.15789473684210525,
    "TOV_total": 3,
    "PF_avg": 0.05263157894736842,
    "PF_total": 1,
    "PTS_avg": 1.4736842105263157,
    "PTS_total": 28,
    "PLUS_MINUS_avg": -2.1052631578947367,
    "PLUS_MINUS_total": -40,
    "FG_PCT": 0.3225806451612903,
    "FG3_PCT": 0.3157894736842105,
    "FT_PCT": 1.0,
    "games_played": 19
  }
}