{
  "season_stats": {
    "MIN_avg": 18.689655172413794,
    "MIN_total": 542,
    "FGM_avg": 2.1724137931034484,
    "FGM_total": 63,
    "FGA_avg": 4.9655172413793105,
    "FGA_total": 144,
    "FG3M_avg": 0.896551724137931,
    "FG3M_total": 26,
    "FG3A_avg": 2.3448275862068964,
    "FG3A_total": 68,
    "FTM_avg": 0.3103448275862069,
    "FTM_total": 9,
    "FTA_avg": 0.3793103448275862,
    "FTA_total": 11,
    "OREB_avg": 1.3103448275862069,
    "OREB_total": 38,
    "DREB_avg": 2.5517241379310347,
    "DREB_total": 74,
    "REB_avg": 3.8620689655172415,
    "REB_total": 112,
    "AST_avg": 1.4482758620689655,
    "AST_total": 42,
    "STL_avg": 1.0344827586206897,
    "STL_total": 30,
    "BLK_avg": 0.3793103448275862,
    "BLK_total": 11,
    "TOV_avg": 0.896551724137931,
    "TOV_total": 26,
    "PF_avg": 1.4827586206896552,
    "PF_total": 43,
    "PTS_avg": 5.551724137931035,
    "PTS_total": 161,
    "PLUS_MINUS_avg": -0.3793103448275862,
    "PLUS_MINUS_total": -11,
    "FG_PCT": 0.4375,
    "FG3_PCT": 0.38235294117647056,
    "FT_PCT": 0.8181818181818182,
    "games_played": 29
  }
}