{
  "season_stats": {
    "MIN_avg": 22.986842105263158,
    "MIN_total": 1747,
    "FGM_avg": 4.671052631578948,
    "FGM_total": 355,
    "FGA_avg": 9.578947368421053,
    "FGA_total": 728,
    "FG3M_avg": 1.7105263157894737,
    "FG3M_total": 130,
    "FG3A_avg": 4.4605263157894735,
    "FG3A_total": 339,
    "FTM_avg": 0.9736842105263158,
    "FTM_total": 74,
    "FTA_avg": 1.1710526315789473,
    "FTA_total": 89,
    "OREB_avg": 1.0657894736842106,
    "OREB_total": 81,
    "DREB_avg": 2.8157894736842106,
    "DREB_total": 214,
    "REB_avg": 3.8815789473684212,
    "REB_total": 295,
    "AST_avg": 1.763157894736842,
    "AST_total": 134,
    "STL_avg": 0.7894736842105263,
    "STL_total": 60,
    "BLK_avg": 0.23684210526315788,
    "BLK_total": 18,
    "TOV_avg": 0.9078947368421053,
    "TOV_total": 69,
    "PF_avg": 1.3289473684210527,
    "PF_total": 101,
    "PTS_avg": 12.026315789473685,
    "PTS_total": 914,
    "PLUS_MINUS_avg": 6.7631578947368425,
    "PLUS_MINUS_total": 514,
    "FG_PCT": 0.4876373626373626,
    "FG3_PCT": 0.3834808259587021,
    "FT_PCT": 0.8314606741573034,
    "games_played": 76
  }
}