{
  "season_stats": {
    "MIN_avg": 6.384615384615385,
    "MIN_total": 249,
    "FGM_avg": 1.0512820512820513,
    "FGM_total": 41,
    "FGA_avg": 2.58974358974359,
    "FGA_total": 101,
    "FG3M_avg": 0.1282051282051282,
    "FG3M_total": 5,
    "FG3A_avg": 0.5641025641025641,
    "FG3A_total": 22,
    "FTM_avg": 0.28205128205128205,
    "FTM_total": 11,
    "FTA_avg": 0.38461538461538464,
    "FTA_total": 15,
    "OREB_avg": 0.38461538461538464,
    "OREB_total": 15,
    "DREB_avg": 0.7948717948717948,
    "DREB_total": 31,
    "REB_avg": 1.1794871794871795,
    "REB_total": 46,
    "AST_avg": 1.2307692307692308,
    "AST_total": 48,
    "STL_avg": 0.358974358974359,
    "STL_total": 14,
    "BLK_avg": 0.07692307692307693,
    "BLK_total": 3,
    "TOV_avg": 0.46153846153846156,
    "TOV_total": 18,
    "PF_avg": 0.5128205128205128,
    "PF_total": 20,
    "PTS_avg": 2.5128205128205128,
    "PTS_total": 98,
    "PLUS_MINUS_avg": -0.4358974358974359,
    "PLUS_MINUS_total": -17,
    "FG_PCT": 0.40594059405940597,
    "FG3_PCT": 0.22727272727272727,
    "FT_PCT": 0.7333333333333333,
    "games_played": 39
  }
}