{
  "season_stats": {
    "MIN_avg": 19.78125,
    "MIN_total": 1266,
    "FGM_avg": 3.1875,
    "FGM_total": 204,
    "FGA_avg": 7.421875,
    "FGA_total": 475,
    "FG3M_avg": 1.84375,
    "FG3M_total": 118,
    "FG3A_avg": 4.90625,
    "FG3A_total": 314,
    "FTM_avg": 0.703125,
    "FTM_total": 45,
    "FTA_avg": 0.828125,
    "FTA_total": 53,
    "OREB_avg": 0.65625,
    "OREB_total": 42,
    "DREB_avg": 2.21875,
    "DREB_total": 142,
    "REB_avg": 2.875,
    "REB_total": 184,
    "AST_avg": 1.0625,
    "AST_total": 68,
    "STL_avg": 0.609375,
    "STL_total": 39,
    "BLK_avg": 0.125,
    "BLK_total": 8,
    "TOV_avg": 0.5625,
    "TOV_total": 36,
    "PF_avg": 1.96875,
    "PF_total": 126,
    "PTS_avg": 8.921875,
    "PTS_total": 571,
    "PLUS_MINUS_avg": -5.578125,
    "PLUS_MINUS_total": -357,
    "FG_PCT": 0.42947368421052634,
    "FG3_PCT": 0.37579617834394907,
    "FT_PCT": 0.8490566037735849,
    "games_played": 64
  }
}