{
  "season_stats": {
    "MIN_avg": 24.953125,
    "MIN_total": 1597,
    "FGM_avg": 3.46875,
    "FGM_total": 222,
    "FGA_avg": 8.546875,
    "FGA_total": 547,
    "FG3M_avg": 1.796875,
    "FG3M_total": 115,
    "FG3A_avg": 4.875,
    "FG3A_total": 312,
    "FTM_avg": 0.8125,
    "FTM_total": 52,
    "FTA_avg": 1.0,
    "FTA_total": 64,
    "OREB_avg": 0.734375,
    "OREB_total": 47,
    "DREB_avg": 1.78125,
    "DREB_total": 114,
    "REB_avg": 2.515625,
    "REB_total": 161,
    "AST_avg": 2.921875,
    "AST_total": 187,
    "STL_avg": 1.046875,
    "STL_total": 67,
    "BLK_avg": 0.265625,
    "BLK_total": 17,
    "TOV_avg": 0.640625,
    "TOV_total": 41,
    "PF_avg": 1.6875,
    "PF_total": 108,
    "PTS_avg": 9.546875,
    "PTS_total": 611,
    "PLUS_MINUS_avg": 3.296875,
    "PLUS_MINUS_total": 211,
    "FG_PCT": 0.40585009140767825,
    "FG3_PCT": 0.3685897435897436,
    "FT_PCT": 0.8125,
    "games_played": 64
  }
}