{
  "season_stats": {
    "MIN_avg": 5.5,
    "MIN_total": 33,
    "FGM_avg": 1.0,
    "FGM_total": 6,
    "FGA_avg": 2.3333333333333335,
    "FGA_total": 14,
    "FG3M_avg": 0.5,
    "FG3M_total": 3,
    "FG3A_avg": 1.0,
    "FG3A_total": 6,
    "FTM_avg": 0.16666666666666666,
    "FTM_total": 1,
    "FTA_avg": 0.3333333333333333,
    "FTA_total": 2,
    "OREB_avg": 0.16666666666666666,
    "OREB_total": 1,
    "DREB_avg": 0.6666666666666666,
    "DREB_total": 4,
    "REB_avg": 0.8333333333333334,
    "REB_total": 5,
    "AST_avg": 0.6666666666666666,
    "AST_total": 4,
    "STL_avg": 0.16666666666666666,
    "STL_total": 1,
    "BLK_avg": 0.0,
    "BLK_total": 0,
    "TOV_avg": 0.3333333333333333,
    "TOV_total": 2,
    "PF_avg": 0.16666666666666666,
    "PF_total": 1,
    "PTS_avg": 2.6666666666666665,
    "PTS_total": 16,
    "PLUS_MINUS_avg": 4.666666666666667,
    "PLUS_MINUS_total": 28,
    "FG_PCT": 0.42857142857142855,
    "FG3_PCT": 0.5,
    "FT_PCT": 0.5,
    "games_played": 6
  }
}