{
  "season_stats": {
    "MIN_avg": 9.958333333333334,
    "MIN_total": 239,
    "FGM_avg": 1.9583333333333333,
    "FGM_total": 47,
    "FGA_avg": 4.916666666666667,
    "FGA_total": 118,
    "FG3M_avg": 1.3333333333333333,
    "FG3M_total": 32,
    "FG3A_avg": 3.4166666666666665,
    "FG3A_total": 82,
    "FTM_avg": 0.9583333333333334,
    "FTM_total": 23,
    "FTA_avg": 1.0833333333333333,
    "FTA_total": 26,
    "OREB_avg": 0.20833333333333334,
    "OREB_total": 5,
    "DREB_avg": 0.8333333333333334,
    "DREB_total": 20,
    "REB_avg": 1.0416666666666667,
    "REB_total": 25,
    "AST_avg": 1.3333333333333333,
    "AST_total": 32,
    "STL_avg": 0.75,
    "STL_total": 18,
    "BLK_avg": 0.16666666666666666,
    "BLK_total": 4,
    "TOV_avg": 1.0416666666666667,
    "TOV_total": 25,
    "PF_avg": 1.2083333333333333,
    "PF_total": 29,
    "PTS_avg": 6.208333333333333,
    "PTS_total": 149,
    "PLUS_MINUS_avg": -1.2916666666666667,
    "PLUS_MINUS_total": -31,
    "FG_PCT": 0.3983050847457627,
    "FG3_PCT": 0.3902439024390244,
    "FT_PCT": 0.8846153846153846,
    "games_played": 24
  }
}