{
  "season_stats": {
    "MIN_avg": 25.50769230769231,
    "MIN_total": 1658,
    "FGM_avg": 4.815384615384615,
    "FGM_total": 313,
    "FGA_avg": 9.96923076923077,
    "FGA_total": 648,
    "FG3M_avg": 1.8461538461538463,
    "FG3M_total": 120,
    "FG3A_avg": 5.015384615384615,
    "FG3A_total": 326,
    "FTM_avg": 1.0,
    "FTM_total": 65,
    "FTA_avg": 1.4461538461538461,
    "FTA_total": 94,
    "OREB_avg": 1.4461538461538461,
    "OREB_total": 94,
    "DREB_avg": 4.953846153846154,
    "DREB_total": 322,
    "REB_avg": 6.4,
    "REB_total": 416,
    "AST_avg": 2.8923076923076922,
    "AST_total": 188,
    "STL_avg": 0.8,
    "STL_total": 52,
    "BLK_avg": 0.4461538461538462,
    "BLK_total": 29,
    "TOV_avg": 1.0923076923076922,
    "TOV_total": 71,
    "PF_avg": 1.1692307692307693,
    "PF_total": 76,
    "PTS_avg": 12.476923076923077,
    "PTS_total": 811,
    "PLUS_MINUS_avg": 2.292307692307692,
    "PLUS_MINUS_total": 149,
    "FG_PCT": 0.48302469135802467,
    "FG3_PCT": 0.36809815950920244,
    "FT_PCT": 0.6914893617021277,
    "games_played": 65
  }
}