{
  "season_stats": {
    "MIN_avg": 9.058823529411764,
    "MIN_total": 154,
    "FGM_avg": 1.7058823529411764,
    "FGM_total": 29,
    "FGA_avg": 3.7058823529411766,
    "FGA_total": 63,
    "FG3M_avg": 0.47058823529411764,
    "FG3M_total": 8,
    "FG3A_avg": 1.588235294117647,
    "FG3A_total": 27,
    "FTM_avg": 0.47058823529411764,
    "FTM_total": 8,
    "FTA_avg": 0.6470588235294118,
    "FTA_total": 11,
    "OREB_avg": 0.23529411764705882,
    "OREB_total": 4,
    "DREB_avg": 2.0,
    "DREB_total": 34,
    "REB_avg": 2.235294117647059,
    "REB_total": 38,
    "AST_avg": 0.47058823529411764,
    "AST_total": 8,
    "STL_avg": 0.29411764705882354,
    "STL_total": 5,
    "BLK_avg": 0.17647058823529413,
    "BLK_total": 3,
    "TOV_avg": 0.5882352941176471,
    "TOV_total": 10,
    "PF_avg": 0.8823529411764706,
    "PF_total": 15,
    "PTS_avg": 4.352941176470588,
    "PTS_total": 74,
    "PLUS_MINUS_avg": 3.9411764705882355,
    "PLUS_MINUS_total": 67,
    "FG_PCT": 0.4603174603174603,
    "FG3_PCT": 0.2962962962962963,
    "FT_PCT": 0.7272727272727273,
    "games_played": 17
  }
}