{
  "season_stats": {
    "MIN_avg": 27.37837837837838,
    "MIN_total": 2026,
    "FGM_avg": 3.0135135135135136,
    "FGM_total": 223,
    "FGA_avg": 6.4324324324324325,
    "FGA_total": 476,
    "FG3M_avg": 1.135135135135135,
    "FG3M_total": 84,
    "FG3A_avg": 2.8513513513513513,
    "FG3A_total": 211,
    "FTM_avg": 0.7837837837837838,
    "FTM_total": 58,
    "FTA_avg": 1.135135135135135,
    "FTA_total": 84,
    "OREB_avg": 0.47297297297297297,
    "OREB_total": 35,
    "DREB_avg": 1.7837837837837838,
    "DREB_total": 132,
    "REB_avg": 2.2567567567567566,
    "REB_total": 167,
    "AST_avg": 4.905405405405405,
    "AST_total": 363,
    "STL_avg": 0.972972972972973,
    "STL_total": 72,
    "BLK_avg": 0.21621621621621623,
    "BLK_total": 16,
    "TOV_avg": 1.7297297297297298,
    "TOV_total": 128,
    "PF_avg": 2.5,
    "PF_total": 185,
    "PTS_avg": 7.945945945945946,
    "PTS_total": 588,
    "PLUS_MINUS_avg": -0.04054054054054054,
    "PLUS_MINUS_total": -3,
    "FG_PCT": 0.4684873949579832,
    "FG3_PCT": 0.3981042654028436,
    "FT_PCT": 0.6904761904761905,
    "games_played": 74
  }
}