{
  "season_stats": {
    "MIN_avg": 23.666666666666668,
    "MIN_total": 994,
    "FGM_avg": 3.9523809523809526,
    "FGM_total": 166,
    "FGA_avg": 9.071428571428571,
    "FGA_total": 381,
    "FG3M_avg": 1.1666666666666667,
    "FG3M_total": 49,
    "FG3A_avg": 3.3333333333333335,
    "FG3A_total": 140,
    "FTM_avg": 1.5952380952380953,
    "FTM_total": 67,
    "FTA_avg": 2.0238095238095237,
    "FTA_total": 85,
    "OREB_avg": 0.6666666666666666,
    "OREB_total": 28,
    "DREB_avg": 2.5238095238095237,
    "DREB_total": 106,
    "REB_avg": 3.1904761904761907,
    "REB_total": 134,
    "AST_avg": 2.1904761904761907,
    "AST_total": 92,
    "STL_avg": 1.2619047619047619,
    "STL_total": 53,
    "BLK_avg": 0.21428571428571427,
    "BLK_total": 9,
    "TOV_avg": 1.2380952380952381,
    "TOV_total": 52,
    "PF_avg": 1.7380952380952381,
    "PF_total": 73,
    "PTS_avg": 10.666666666666666,
    "PTS_total": 448,
    "PLUS_MINUS_avg": -3.3333333333333335,
    "PLUS_MINUS_total": -140,
    "FG_PCT": 0.4356955380577428,
    "FG3_PCT": 0.35,
    "FT_PCT": 0.788235294117647,
    "games_played": 42
  }
}