{
  "season_stats": {
    "MIN_avg": 14.757575757575758,
    "MIN_total": 487,
    "FGM_avg": 2.9696969696969697,
    "FGM_total": 98,
    "FGA_avg": 5.696969696969697,
    "FGA_total": 188,
    "FG3M_avg": 0.7272727272727273,
    "FG3M_total": 24,
    "FG3A_avg": 1.8181818181818181,
    "FG3A_total": 60,
    "FTM_avg": 1.6666666666666667,
    "FTM_total": 55,
    "FTA_avg": 2.0,
    "FTA_total": 66,
    "OREB_avg": 0.36363636363636365,
    "OREB_total": 12,
    "DREB_avg": 1.393939393939394,
    "DREB_total": 46,
    "REB_avg": 1.7575757575757576,
    "REB_total": 58,
    "AST_avg": 2.303030303030303,
    "AST_total": 76,
    "STL_avg": 0.7272727272727273,
    "STL_total": 24,
    "BLK_avg": 0.15151515151515152,
    "BLK_total": 5,
    "TOV_avg": 1.1818181818181819,
    "TOV_total": 39,
    "PF_avg": 1.0,
    "PF_total": 33,
    "PTS_avg": 8.333333333333334,
    "PTS_total": 275,
    "PLUS_MINUS_avg": 0.30303030303030304,
    "PLUS_MINUS_total": 10,
    "FG_PCT": 0.5212765957446809,
    "FG3_PCT": 0.4,
    "FT_PCT": 0.8333333333333334,
    "games_played": 33
  }
}