{
  "season_stats": {
    "MIN_avg": 4.458333333333333,
    "MIN_total": 107,
    "FGM_avg": 0.7916666666666666,
    "FGM_total": 19,
    "FGA_avg": 1.4583333333333333,
    "FGA_total": 35,
    "FG3M_avg": 0.5416666666666666,
    "FG3M_total": 13,
    "FG3A_avg": 0.9583333333333334,
    "FG3A_total": 23,
    "FTM_avg": 0.08333333333333333,
    "FTM_total": 2,
    "FTA_avg": 0.16666666666666666,
    "FTA_total": 4,
    "OREB_avg": 0.20833333333333334,
    "OREB_total": 5,
    "DREB_avg": 0.8333333333333334,
    "DREB_total": 20,
    "REB_avg": 1.0416666666666667,
    "REB_total": 25,
    "AST_avg": 0.125,
    "AST_total": 3,
    "STL_avg": 0.125,
    "STL_total": 3,
    "BLK_avg": 0.08333333333333333,
    "BLK_total": 2,
    "TOV_avg": 0.20833333333333334,
    "TOV_total": 5,
    "PF_avg": 0.2916666666666667,
    "PF_total": 7,
    "PTS_avg": 2.2083333333333335,
    "PTS_total": 53,
    "PLUS_MINUS_avg": 1.2083333333333333,
    "PLUS_MINUS_total": 29,
    "FG_PCT": 0.5428571428571428,
    "FG3_PCT": 0.5652173913043478,
    "FT_PCT": 0.5,
    "games_played": 24
  }
}