{
  "season_stats": {
    "MIN_avg": 11.666666666666666,
    "MIN_total": 70,
    "FGM_avg": 2.6666666666666665,
    "FGM_total": 16,
    "FGA_avg": 4.166666666666667,
    "FGA_total": 25,
    "FG3M_avg": 1.5,
    "FG3M_total": 9,
    "FG3A_avg": 2.8333333333333335,
    "FG3A_total": 17,
    "FTM_avg": 0.3333333333333333,
    "FTM_total": 2,
    "FTA_avg": 0.3333333333333333,
    "FTA_total": 2,
    "OREB_avg": 0.6666666666666666,
    "OREB_total": 4,
    "DREB_avg": 1.1666666666666667,
    "DREB_total": 7,
    "REB_avg": 1.8333333333333333,
    "REB_total": 11,
    "AST_avg": 0.3333333333333333,
    "AST_total": 2,
    "STL_avg": 0.0,
    "STL_total": 0,
    "BLK_avg": 0.0,
    "BLK_total": 0,
    "TOV_avg": 0.6666666666666666,
    "TOV_total": 4,
    "PF_avg": 1.6666666666666667,
    "PF_total": 10,
    "PTS_avg": 7.166666666666667,
    "PTS_total": 43,
    "PLUS_MINUS_avg": 4.833333333333333,
    "PLUS_MINUS_total": 29,
    "FG_PCT": 0.64,
    "FG3_PCT": 0.5294117647058824,
    "FT_PCT": 1.0,
    "games_played": 6
  }
}