{
  "season_stats": {
    "MIN_avg": 12.5,
    "MIN_total": 750,
    "FGM_avg": 1.9666666666666666,
    "FGM_total": 118,
    "FGA_avg": 3.816666666666667,
    "FGA_total": 229,
    "FG3M_avg": 0.4666666666666667,
    "FG3M_total": 28,
    "FG3A_avg": 1.2,
    "FG3A_total": 72,
    "FTM_avg": 0.8166666666666667,
    "FTM_total": 49,
    "FTA_avg": 1.1833333333333333,
    "FTA_total": 71,
    "OREB_avg": 0.9833333333333333,
    "OREB_total": 59,
    "DREB_avg": 2.533333333333333,
    "DREB_total": 152,
    "REB_avg": 3.5166666666666666,
    "REB_total": 211,
    "AST_avg": 0.6166666666666667,
    "AST_total": 37,
    "STL_avg": 0.55,
    "STL_total": 33,
    "BLK_avg": 0.1,
    "BLK_total": 6,
    "TOV_avg": 0.5666666666666667,
    "TOV_total": 34,
    "PF_avg": 1.45,
    "PF_total": 87,
    "PTS_avg": 5.216666666666667,
    "PTS_total": 313,
    "PLUS_MINUS_avg": 0.25,
    "PLUS_MINUS_total": 15,
    "FG_PCT": 0.5152838427947598,
    "FG3_PCT": 0.3888888888888889,
    "FT_PCT": 0.6901408450704225,
    "games_played": 60
  }
}