{
  "season_stats": {
    "MIN_avg": 2.4615384615384617,
    "MIN_total": 32,
    "FGM_avg": 0.46153846153846156,
    "FGM_total": 6,
    "FGA_avg": 1.1538461538461537,
    "FGA_total": 15,
    "FG3M_avg": 0.0,
    "FG3M_total": 0,
    "FG3A_avg": 0.38461538461538464,
    "FG3A_total": 5,
    "FTM_avg": 0.6153846153846154,
    "FTM_total": 8,
    "FTA_avg": 0.6153846153846154,
    "FTA_total": 8,
    "OREB_avg": 0.23076923076923078,
    "OREB_total": 3,
    "DREB_avg": 0.6153846153846154,
    "DREB_total": 8,
    "REB_avg": 0.8461538461538461,
    "REB_total": 11,
    "AST_avg": 0.0,
    "AST_total": 0,
    "STL_avg": 0.15384615384615385,
    "STL_total": 2,
    "BLK_avg": 0.07692307692307693,
    "BLK_total": 1,
    "TOV_avg": 0.15384615384615385,
    "TOV_total": 2,
    "PF_avg": 0.15384615384615385,
    "PF_total": 2,
    "PTS_avg": 1.5384615384615385,
    "PTS_total": 20,
    "PLUS_MINUS_avg": -0.9230769230769231,
    "PLUS_MINUS_total": -12,
    "FG_PCT": 0.4,
    "FG3_PCT": 0.0,
    "FT_PCT": 1.0,
    "games_played": 13
  }
}