{
  "season_stats": {
    "MIN_avg": 7.0588235294117645,
    "MIN_total": 240,
    "FGM_avg": 0.9411764705882353,
    "FGM_total": 32,
    "FGA_avg": 2.2941176470588234,
    "FGA_total": 78,
    "FG3M_avg": 0.20588235294117646,
    "FG3M_total": 7,
    "FG3A_avg": 0.8529411764705882,
    "FG3A_total": 29,
    "FTM_avg": 0.2647058823529412,
    "FTM_total": 9,
    "FTA_avg": 0.4411764705882353,
    "FTA_total": 15,
    "OREB_avg": 0.29411764705882354,
    "OREB_total": 10,
    "DREB_avg": 0.8235294117647058,
    "DREB_total": 28,
    "REB_avg": 1.1176470588235294,
    "REB_total": 38,
    "AST_avg": 0.3235294117647059,
    "AST_total": 11,
    "STL_avg": 0.4411764705882353,
    "STL_total": 15,
    "BLK_avg": 0.17647058823529413,
    "BLK_total": 6,
    "TOV_avg": 0.20588235294117646,
    "TOV_total": 7,
    "PF_avg": 0.5294117647058824,
    "PF_total": 18,
    "PTS_avg": 2.3529411764705883,
    "PTS_total": 80,
    "PLUS_MINUS_avg": -0.7647058823529411,
    "PLUS_MINUS_total": -26,
    "FG_PCT": 0.41025641025641024,
    "FG3_PCT": 0.2413793103448276,
    "FT_PCT": 0.6,
    "games_played": 34
  }
}