{
  "season_stats": {
    "MIN_avg": 16.285714285714285,
    "MIN_total": 228,
    "FGM_avg": 3.0,
    "FGM_total": 42,
    "FGA_avg": 6.214285714285714,
    "FGA_total": 87,
    "FG3M_avg": 0.8571428571428571,
    "FG3M_total": 12,
    "FG3A_avg": 2.7857142857142856,
    "FG3A_total": 39,
    "FTM_avg": 1.5714285714285714,
    "FTM_total": 22,
    "FTA_avg": 1.7857142857142858,
    "FTA_total": 25,
    "OREB_avg": 1.0,
    "OREB_total": 14,
    "DREB_avg": 2.0,
    "DREB_total": 28,
    "REB_avg": 3.0,
    "REB_total": 42,
    "AST_avg": 1.1428571428571428,
    "AST_total": 16,
    "STL_avg": 0.7142857142857143,
    "STL_total": 10,
    "BLK_avg": 0.14285714285714285,
    "BLK_total": 2,
    "TOV_avg": 0.6428571428571429,
    "TOV_total": 9,
    "PF_avg": 1.4285714285714286,
    "PF_total": 20,
    "PTS_avg": 8.428571428571429,
    "PTS_total": 118,
    "PLUS_MINUS_avg": 4.571428571428571,
    "PLUS_MINUS_total": 64,
    "FG_PCT": 0.4827586206896552,
    "FG3_PCT": 0.3076923076923077,
    "FT_PCT": 0.88,
    "games_played": 14
  }
}