{
  "season_stats": {
    "MIN_avg": 9.127659574468085,
    "MIN_total": 429,
    "FGM_avg": 1.851063829787234,
    "FGM_total": 87,
    "FGA_avg": 4.042553191489362,
    "FGA_total": 190,
    "FG3M_avg": 0.723404255319149,
    "FG3M_total": 34,
    "FG3A_avg": 1.7872340425531914,
    "FG3A_total": 84,
    "FTM_avg": 0.574468085106383,
    "FTM_total": 27,
    "FTA_avg": 0.7021276595744681,
    "FTA_total": 33,
    "OREB_avg": 0.14893617021276595,
    "OREB_total": 7,
    "DREB_avg": 0.9361702127659575,
    "DREB_total": 44,
    "REB_avg": 1.0851063829787233,
    "REB_total": 51,
    "AST_avg": 0.8085106382978723,
    "AST_total": 38,
    "STL_avg": 0.23404255319148937,
    "STL_total": 11,
    "BLK_avg": 0.0425531914893617,
    "BLK_total": 2,
    "TOV_avg": 0.723404255319149,
    "TOV_total": 34,
    "PF_avg": 0.6170212765957447,
    "PF_total": 29,
    "PTS_avg": 5.0,
    "PTS_total": 235,
    "PLUS_MINUS_avg": -0.7021276595744681,
    "PLUS_MINUS_total": -33,
    "FG_PCT": 0.45789473684210524,
    "FG3_PCT": 0.40476190476190477,
    "FT_PCT": 0.8181818181818182,
    "games_played": 47
  }
}