{
  "season_stats": {
    "MIN_avg": 10.972972972972974,
    "MIN_total": 406,
    "FGM_avg": 1.4594594594594594,
    "FGM_total": 54,
    "FGA_avg": 3.3783783783783785,
    "FGA_total": 125,
    "FG3M_avg": 0.6216216216216216,
    "FG3M_total": 23,
    "FG3A_avg": 1.9189189189189189,
    "FG3A_total": 71,
    "FTM_avg": 0.2972972972972973,
    "FTM_total": 11,
    "FTA_avg": 0.43243243243243246,
    "FTA_total": 16,
    "OREB_avg": 0.4864864864864865,
    "OREB_total": 18,
    "DREB_avg": 1.7027027027027026,
    "DREB_total": 63,
    "REB_avg": 2.189189189189189,
    "REB_total": 81,
    "AST_avg": 0.8378378378378378,
    "AST_total": 31,
    "STL_avg": 0.4594594594594595,
    "STL_total": 17,
    "BLK_avg": 0.1891891891891892,
    "BLK_total": 7,
    "TOV_avg": 0.4864864864864865,
    "TOV_total": 18,
    "PF_avg": 0.8918918918918919,
    "PF_total": 33,
    "PTS_avg": 3.8378378378378377,
    "PTS_total": 142,
    "PLUS_MINUS_avg": 1.2162162162162162,
    "PLUS_MINUS_total": 45,
    "FG_PCT": 0.432,
    "FG3_PCT": 0.323943661971831,
    "FT_PCT": 0.6875,
    "games_played": 37
  }
}