{
  "season_stats": {
    "MIN_avg": 18.142857142857142,
    "MIN_total": 254,
    "FGM_avg": 3.0,
    "FGM_total": 42,
    "FGA_avg": 5.0,
    "FGA_total": 70,
    "FG3M_avg": 0.0,
    "FG3M_total": 0,
    "FG3A_avg": 0.0,
    "FG3A_total": 0,
    "FTM_avg": 1.6428571428571428,
    "FTM_total": 23,
    "FTA_avg": 2.2142857142857144,
    "FTA_total": 31,
    "OREB_avg": 3.2857142857142856,
    "OREB_total": 46,
    "DREB_avg": 5.428571428571429,
    "DREB_total": 76,
    "REB_avg": 8.714285714285714,
    "REB_total": 122,
    "AST_avg": 0.6428571428571429,
    "AST_total": 9,
    "STL_avg": 0.9285714285714286,
    "STL_total": 13,
    "BLK_avg": 0.07142857142857142,
    "BLK_total": 1,
    "TOV_avg": 0.7142857142857143,
    "TOV_total": 10,
    "PF_avg": 1.7142857142857142,
    "PF_total": 24,
    "PTS_avg": 7.642857142857143,
    "PTS_total": 107,
    "PLUS_MINUS_avg": -0.7857142857142857,
    "PLUS_MINUS_total": -11,
    "FG_PCT": 0.6,
    "FG3_PCT": 0.0,
    "FT_PCT": 0.7419354838709677,
    "games_played": 14
  }
}