{
  "season_stats": {
    "MIN_avg": 13.944444444444445,
    "MIN_total": 502,
    "FGM_avg": 1.6388888888888888,
    "FGM_total": 59,
    "FGA_avg": 3.5,
    "FGA_total": 126,
    "FG3M_avg": 0.3888888888888889,
    "FG3M_total": 14,
    "FG3A_avg": 1.1388888888888888,
    "FG3A_total": 41,
    "FTM_avg": 0.5,
    "FTM_total": 18,
    "FTA_avg": 0.6111111111111112,
    "FTA_total": 22,
    "OREB_avg": 0.8333333333333334,
    "OREB_total": 30,
    "DREB_avg": 1.8055555555555556,
    "DREB_total": 65,
    "REB_avg": 2.638888888888889,
    "REB_total": 95,
    "AST_avg": 1.1666666666666667,
    "AST_total": 42,
    "STL_avg": 0.5555555555555556,
    "STL_total": 20,
    "BLK_avg": 0.1388888888888889,
    "BLK_total": 5,
    "TOV_avg": 0.75,
    "TOV_total": 27,
    "PF_avg": 0.8611111111111112,
    "PF_total": 31,
    "PTS_avg": 4.166666666666667,
    "PTS_total": 150,
    "PLUS_MINUS_avg": -3.7222222222222223,
    "PLUS_MINUS_total": -134,
    "FG_PCT": 0.46825396825396826,
    "FG3_PCT": 0.34146341463414637,
    "FT_PCT": 0.8181818181818182,
    "games_played": 36
  }
}