{
  "season_stats": {
    "MIN_avg": 12.393939393939394,
    "MIN_total": 409,
    "FGM_avg": 1.7272727272727273,
    "FGM_total": 57,
    "FGA_avg": 3.787878787878788,
    "FGA_total": 125,
    "FG3M_avg": 0.5757575757575758,
    "FG3M_total": 19,
    "FG3A_avg": 1.8484848484848484,
    "FG3A_total": 61,
    "FTM_avg": 0.6060606060606061,
    "FTM_total": 20,
    "FTA_avg": 0.7878787878787878,
    "FTA_total": 26,
    "OREB_avg": 0.3939393939393939,
    "OREB_total": 13,
    "DREB_avg": 2.1515151515151514,
    "DREB_total": 71,
    "REB_avg": 2.5454545454545454,
    "REB_total": 84,
    "AST_avg": 1.0606060606060606,
    "AST_total": 35,
    "STL_avg": 0.42424242424242425,
    "STL_total": 14,
    "BLK_avg": 0.2727272727272727,
    "BLK_total": 9,
    "TOV_avg": 0.6666666666666666,
    "TOV_total": 22,
    "PF_avg": 0.6060606060606061,
    "PF_total": 20,
    "PTS_avg": 4.636363636363637,
    "PTS_total": 153,
    "PLUS_MINUS_avg": -2.303030303030303,
    "PLUS_MINUS_total": -76,
    "FG_PCT": 0.456,
    "FG3_PCT": 0.3114754098360656,
    "FT_PCT": 0.7692307692307693,
    "games_played": 33
  }
}