{
  "season_stats": {
    "MIN_avg": 14.192982456140351,
    "MIN_total": 809,
    "FGM_avg": 2.4035087719298245,
    "FGM_total": 137,
    "FGA_avg": 5.192982456140351,
    "FGA_total": 296,
    "FG3M_avg": 1.0175438596491229,
    "FG3M_total": 58,
    "FG3A_avg": 2.6666666666666665,
    "FG3A_total": 152,
    "FTM_avg": 0.7543859649122807,
    "FTM_total": 43,
    "FTA_avg": 0.8947368421052632,
    "FTA_total": 51,
    "OREB_avg": 0.3157894736842105,
    "OREB_total": 18,
    "DREB_avg": 0.8947368421052632,
    "DREB_total": 51,
    "REB_avg": 1.2105263157894737,
    "REB_total": 69,
    "AST_avg": 2.3333333333333335,
    "AST_total": 133,
    "STL_avg": 0.6491228070175439,
    "STL_total": 37,
    "BLK_avg": 0.07017543859649122,
    "BLK_total": 4,
    "TOV_avg": 0.9473684210526315,
    "TOV_total": 54,
    "PF_avg": 1.263157894736842,
    "PF_total": 72,
    "PTS_avg": 6.578947368421052,
    "PTS_total": 375,
    "PLUS_MINUS_avg": 0.7192982456140351,
    "PLUS_MINUS_total": 41,
    "FG_PCT": 0.46283783783783783,
    "FG3_PCT": 0.3815789473684211,
    "FT_PCT": 0.8431372549019608,
    "games_played": 57
  }
}