{
  "season_stats": {
    "MIN_avg": 32.43478260869565,
    "MIN_total": 2238,
    "FGM_avg": 8.18840579710145,
    "FGM_total": 565,
    "FGA_avg": 16.92753623188406,
    "FGA_total": 1168,
    "FG3M_avg": 1.7971014492753623,
    "FG3M_total": 124,
    "FG3A_avg": 4.927536231884058,
    "FG3A_total": 340,
    "FTM_avg": 3.420289855072464,
    "FTM_total": 236,
    "FTA_avg": 4.333333333333333,
    "FTA_total": 299,
    "OREB_avg": 0.855072463768116,
    "OREB_total": 59,
    "DREB_avg": 4.492753623188406,
    "DREB_total": 310,
    "REB_avg": 5.3478260869565215,
    "REB_total": 369,
    "AST_avg": 5.130434782608695,
    "AST_total": 354,
    "STL_avg": 1.608695652173913,
    "STL_total": 111,
    "BLK_avg": 0.6666666666666666,
    "BLK_total": 46,
    "TOV_avg": 2.1739130434782608,
    "TOV_total": 150,
    "PF_avg": 2.289855072463768,
    "PF_total": 158,
    "PTS_avg": 21.594202898550726,
    "PTS_total": 1490,
    "PLUS_MINUS_avg": 6.608695652173913,
    "PLUS_MINUS_total": 456,
    "FG_PCT": 0.4837328767123288,
    "FG3_PCT": 0.36470588235294116,
    "FT_PCT": 0.7892976588628763,
    "games_played": 69
  }
}