{
  "season_stats": {
    "MIN_avg": 13.506849315068493,
    "MIN_total": 986,
    "FGM_avg": 1.643835616438356,
    "FGM_total": 120,
    "FGA_avg": 3.671232876712329,
    "FGA_total": 268,
    "FG3M_avg": 0.5068493150684932,
    "FG3M_total": 37,
    "FG3A_avg": 1.4246575342465753,
    "FG3A_total": 104,
    "FTM_avg": 0.6712328767123288,
    "FTM_total": 49,
    "FTA_avg": 0.9452054794520548,
    "FTA_total": 69,
    "OREB_avg": 0.5205479452054794,
    "OREB_total": 38,
    "DREB_avg": 1.178082191780822,
    "DREB_total": 86,
    "REB_avg": 1.6986301369863013,
    "REB_total": 124,
    "AST_avg": 1.3287671232876712,
    "AST_total": 97,
    "STL_avg": 0.6027397260273972,
    "STL_total": 44,
    "BLK_avg": 0.2054794520547945,
    "BLK_total": 15,
    "TOV_avg": 0.726027397260274,
    "TOV_total": 53,
    "PF_avg": 1.5616438356164384,
    "PF_total": 114,
    "PTS_avg": 4.465753424657534,
    "PTS_total": 326,
    "PLUS_MINUS_avg": -2.356164383561644,
    "PLUS_MINUS_total": -172,
    "FG_PCT": 0.44776119402985076,
    "FG3_PCT": 0.3557692307692308,
    "FT_PCT": 0.7101449275362319,
    "games_played": 73
  }
}