{
  "season_stats": {
    "MIN_avg": 21.307692307692307,
    "MIN_total": 1385,
    "FGM_avg": 3.230769230769231,
    "FGM_total": 210,
    "FGA_avg": 7.476923076923077,
    "FGA_total": 486,
    "FG3M_avg": 1.4461538461538461,
    "FG3M_total": 94,
    "FG3A_avg": 4.138461538461539,
    "FG3A_total": 269,
    "FTM_avg": 1.1384615384615384,
    "FTM_total": 74,
    "FTA_avg": 1.3846153846153846,
    "FTA_total": 90,
    "OREB_avg": 0.26153846153846155,
    "OREB_total": 17,
    "DREB_avg": 1.9230769230769231,
    "DREB_total": 125,
    "REB_avg": 2.1846153846153844,
    "REB_total": 142,
    "AST_avg": 1.2769230769230768,
    "AST_total": 83,
    "STL_avg": 0.6,
    "STL_total": 39,
    "BLK_avg": 0.24615384615384617,
    "BLK_total": 16,
    "TOV_avg": 0.8769230769230769,
    "TOV_total": 57,
    "PF_avg": 2.3230769230769233,
    "PF_total": 151,
    "PTS_avg": 9.046153846153846,
    "PTS_total": 588,
    "PLUS_MINUS_avg": -1.0923076923076922,
    "PLUS_MINUS_total": -71,
    "FG_PCT": 0.43209876543209874,
    "FG3_PCT": 0.34944237918215615,
    "FT_PCT": 0.8222222222222222,
    "games_played": 65
  }
}