{
  "season_stats": {
    "MIN_avg": 15.08695652173913,
    "MIN_total": 1041,
    "FGM_avg": 1.6956521739130435,
    "FGM_total": 117,
    "FGA_avg": 4.043478260869565,
    "FGA_total": 279,
    "FG3M_avg": 0.391304347826087,
    "FG3M_total": 27,
    "FG3A_avg": 1.7391304347826086,
    "FG3A_total": 120,
    "FTM_avg": 0.37681159420289856,
    "FTM_total": 26,
    "FTA_avg": 0.8260869565217391,
    "FTA_total": 57,
    "OREB_avg": 1.1014492753623188,
    "OREB_total": 76,
    "DREB_avg": 1.536231884057971,
    "DREB_total": 106,
    "REB_avg": 2.63768115942029,
    "REB_total": 182,
    "AST_avg": 0.9855072463768116,
    "AST_total": 68,
    "STL_avg": 0.5072463768115942,
    "STL_total": 35,
    "BLK_avg": 0.2463768115942029,
    "BLK_total": 17,
    "TOV_avg": 0.6231884057971014,
    "TOV_total": 43,
    "PF_avg": 0.9565217391304348,
    "PF_total": 66,
    "PTS_avg": 4.159420289855072,
    "PTS_total": 287,
    "PLUS_MINUS_avg": -0.7246376811594203,
    "PLUS_MINUS_total": -50,
    "FG_PCT": 0.41935483870967744,
    "FG3_PCT": 0.225,
    "FT_PCT": 0.45614035087719296,
    "games_played": 69
  }
}