{
  "season_stats": {
    "MIN_avg": 23.642857142857142,
    "MIN_total": 331,
    "FGM_avg": 3.7857142857142856,
    "FGM_total": 53,
    "FGA_avg": 7.785714285714286,
    "FGA_total": 109,
    "FG3M_avg": 1.0,
    "FG3M_total": 14,
    "FG3A_avg": 3.0714285714285716,
    "FG3A_total": 43,
    "FTM_avg": 1.5714285714285714,
    "FTM_total": 22,
    "FTA_avg": 2.142857142857143,
    "FTA_total": 30,
    "OREB_avg": 0.8571428571428571,
    "OREB_total": 12,
    "DREB_avg": 3.2857142857142856,
    "DREB_total": 46,
    "REB_avg": 4.142857142857143,
    "REB_total": 58,
    "AST_avg": 0.9285714285714286,
    "AST_total": 13,
    "STL_avg": 0.7142857142857143,
    "STL_total": 10,
    "BLK_avg": 0.7142857142857143,
    "BLK_total": 10,
    "TOV_avg": 0.8571428571428571,
    "TOV_total": 12,
    "PF_avg": 2.142857142857143,
    "PF_total": 30,
    "PTS_avg": 10.142857142857142,
    "PTS_total": 142,
    "PLUS_MINUS_avg": -10.357142857142858,
    "PLUS_MINUS_total": -145,
    "FG_PCT": 0.48623853211009177,
    "FG3_PCT": 0.32558139534883723,
    "FT_PCT": 0.7333333333333333,
    "games_played": 14
  }
}