{
  "season_stats": {
    "MIN_avg": 24.36764705882353,
    "MIN_total": 1657,
    "FGM_avg": 3.0,
    "FGM_total": 204,
    "FGA_avg": 6.294117647058823,
    "FGA_total": 428,
    "FG3M_avg": 0.7058823529411765,
    "FG3M_total": 48,
    "FG3A_avg": 2.0,
    "FG3A_total": 136,
    "FTM_avg": 1.3970588235294117,
    "FTM_total": 95,
    "FTA_avg": 2.014705882352941,
    "FTA_total": 137,
    "OREB_avg": 0.6911764705882353,
    "OREB_total": 47,
    "DREB_avg": 2.735294117647059,
    "DREB_total": 186,
    "REB_avg": 3.426470588235294,
    "REB_total": 233,
    "AST_avg": 1.3823529411764706,
    "AST_total": 94,
    "STL_avg": 0.7058823529411765,
    "STL_total": 48,
    "BLK_avg": 1.3676470588235294,
    "BLK_total": 93,
    "TOV_avg": 0.8235294117647058,
    "TOV_total": 56,
    "PF_avg": 1.8088235294117647,
    "PF_total": 123,
    "PTS_avg": 8.102941176470589,
    "PTS_total": 551,
    "PLUS_MINUS_avg": -0.38235294117647056,
    "PLUS_MINUS_total": -26,
    "FG_PCT": 0.4766355140186916,
    "FG3_PCT": 0.35294117647058826,
    "FT_PCT": 0.6934306569343066,
    "games_played": 68
  }
}