{
  "season_stats": {
    "MIN_avg": 13.567567567567568,
    "MIN_total": 502,
    "FGM_avg": 1.837837837837838,
    "FGM_total": 68,
    "FGA_avg": 4.27027027027027,
    "FGA_total": 158,
    "FG3M_avg": 0.7027027027027027,
    "FG3M_total": 26,
    "FG3A_avg": 2.1621621621621623,
    "FG3A_total": 80,
    "FTM_avg": 0.918918918918919,
    "FTM_total": 34,
    "FTA_avg": 1.3513513513513513,
    "FTA_total": 50,
    "OREB_avg": 0.7297297297297297,
    "OREB_total": 27,
    "DREB_avg": 1.5675675675675675,
    "DREB_total": 58,
    "REB_avg": 2.2972972972972974,
    "REB_total": 85,
    "AST_avg": 0.5945945945945946,
    "AST_total": 22,
    "STL_avg": 0.6216216216216216,
    "STL_total": 23,
    "BLK_avg": 0.24324324324324326,
    "BLK_total": 9,
    "TOV_avg": 0.5945945945945946,
    "TOV_total": 22,
    "PF_avg": 1.2432432432432432,
    "PF_total": 46,
    "PTS_avg": 5.297297297297297,
    "PTS_total": 196,
    "PLUS_MINUS_avg": -3.5675675675675675,
    "PLUS_MINUS_total": -132,
    "FG_PCT": 0.43037974683544306,
    "FG3_PCT": 0.325,
    "FT_PCT": 0.68,
    "games_played": 37
  }
}