{
  "season_stats": {
    "MIN_avg": 29.966666666666665,
    "MIN_total": 899,
    "FGM_avg": 6.333333333333333,
    "FGM_total": 190,
    "FGA_avg": 13.766666666666667,
    "FGA_total": 413,
    "FG3M_avg": 2.1,
    "FG3M_total": 63,
    "FG3A_avg": 5.133333333333334,
    "FG3A_total": 154,
    "FTM_avg": 2.8333333333333335,
    "FTM_total": 85,
    "FTA_avg": 3.8666666666666667,
    "FTA_total": 116,
    "OREB_avg": 1.3333333333333333,
    "OREB_total": 40,
    "DREB_avg": 2.8,
    "DREB_total": 84,
    "REB_avg": 4.133333333333334,
    "REB_total": 124,
    "AST_avg": 3.966666666666667,
    "AST_total": 119,
    "STL_avg": 0.9333333333333333,
    "STL_total": 28,
    "BLK_avg": 0.36666666666666664,
    "BLK_total": 11,
    "TOV_avg": 2.966666666666667,
    "TOV_total": 89,
    "PF_avg": 2.2333333333333334,
    "PF_total": 67,
    "PTS_avg": 17.6,
    "PTS_total": 528,
    "PLUS_MINUS_avg": -2.1333333333333333,
    "PLUS_MINUS_total": -64,
    "FG_PCT": 0.4600484261501211,
    "FG3_PCT": 0.4090909090909091,
    "FT_PCT": 0.7327586206896551,
    "games_played": 30
  }
}