{
  "season_stats": {
    "MIN_avg": 22.753424657534246,
    "MIN_total": 1661,
    "FGM_avg": 2.493150684931507,
    "FGM_total": 182,
    "FGA_avg": 5.808219178082192,
    "FGA_total": 424,
    "FG3M_avg": 2.1232876712328768,
    "FG3M_total": 155,
    "FG3A_avg": 4.972602739726027,
    "FG3A_total": 363,
    "FTM_avg": 0.3013698630136986,
    "FTM_total": 22,
    "FTA_avg": 0.3698630136986301,
    "FTA_total": 27,
    "OREB_avg": 0.2465753424657534,
    "OREB_total": 18,
    "DREB_avg": 2.136986301369863,
    "DREB_total": 156,
    "REB_avg": 2.3835616438356166,
    "REB_total": 174,
    "AST_avg": 1.4794520547945205,
    "AST_total": 108,
    "STL_avg": 0.5068493150684932,
    "STL_total": 37,
    "BLK_avg": 0.0958904109589041,
    "BLK_total": 7,
    "TOV_avg": 0.547945205479452,
    "TOV_total": 40,
    "PF_avg": 2.1506849315068495,
    "PF_total": 157,
    "PTS_avg": 7.410958904109589,
    "PTS_total": 541,
    "PLUS_MINUS_avg": 3.1095890410958904,
    "PLUS_MINUS_total": 227,
    "FG_PCT": 0.42924528301886794,
    "FG3_PCT": 0.42699724517906334,
    "FT_PCT": 0.8148148148148148,
    "games_played": 73
  }
}