{
  "season_stats": {
    "MIN_avg": 14.307692307692308,
    "MIN_total": 186,
    "FGM_avg": 2.3846153846153846,
    "FGM_total": 31,
    "FGA_avg": 6.0,
    "FGA_total": 78,
    "FG3M_avg": 1.0,
    "FG3M_total": 13,
    "FG3A_avg": 3.3846153846153846,
    "FG3A_total": 44,
    "FTM_avg": 0.8461538461538461,
    "FTM_total": 11,
    "FTA_avg": 1.0,
    "FTA_total": 13,
    "OREB_avg": 0.3076923076923077,
    "OREB_total": 4,
    "DREB_avg": 1.1538461538461537,
    "DREB_total": 15,
    "REB_avg": 1.4615384615384615,
    "REB_total": 19,
    "AST_avg": 1.8461538461538463,
    "AST_total": 24,
    "STL_avg": 0.23076923076923078,
    "STL_total": 3,
    "BLK_avg": 0.15384615384615385,
    "BLK_total": 2,
    "TOV_avg": 1.0769230769230769,
    "TOV_total": 14,
    "PF_avg": 1.3846153846153846,
    "PF_total": 18,
    "PTS_avg": 6.615384615384615,
    "PTS_total": 86,
    "PLUS_MINUS_avg": -2.0,
    "PLUS_MINUS_total": -26,
    "FG_PCT": 0.3974358974358974,
    "FG3_PCT": 0.29545454545454547,
    "FT_PCT": 0.8461538461538461,
    "games_played": 13
  }
}