{
  "season_stats": {
    "MIN_avg": 18.857142857142858,
    "MIN_total": 792,
    "FGM_avg": 3.2142857142857144,
    "FGM_total": 135,
    "FGA_avg": 5.595238095238095,
    "FGA_total": 235,
    "FG3M_avg": 0.5,
    "FG3M_total": 21,
    "FG3A_avg": 1.5714285714285714,
    "FG3A_total": 66,
    "FTM_avg": 0.8095238095238095,
    "FTM_total": 34,
    "FTA_avg": 1.0476190476190477,
    "FTA_total": 44,
    "OREB_avg": 1.5238095238095237,
    "OREB_total": 64,
    "DREB_avg": 3.4523809523809526,
    "DREB_total": 145,
    "REB_avg": 4.976190476190476,
    "REB_total": 209,
    "AST_avg": 1.0952380952380953,
    "AST_total": 46,
    "STL_avg": 0.5238095238095238,
    "STL_total": 22,
    "BLK_avg": 0.9761904761904762,
    "BLK_total": 41,
    "TOV_avg": 1.0238095238095237,
    "TOV_total": 43,
    "PF_avg": 2.5238095238095237,
    "PF_total": 106,
    "PTS_avg": 7.738095238095238,
    "PTS_total": 325,
    "PLUS_MINUS_avg": -2.119047619047619,
    "PLUS_MINUS_total": -89,
    "FG_PCT": 0.574468085106383,
    "FG3_PCT": 0.3181818181818182,
    "FT_PCT": 0.7727272727272727,
    "games_played": 42
  }
}