{
  "season_stats": {
    "MIN_avg": 30.087719298245613,
    "MIN_total": 1715,
    "FGM_avg": 4.350877192982456,
    "FGM_total": 248,
    "FGA_avg": 9.929824561403509,
    "FGA_total": 566,
    "FG3M_avg": 1.719298245614035,
    "FG3M_total": 98,
    "FG3A_avg": 4.859649122807017,
    "FG3A_total": 277,
    "FTM_avg": 1.8245614035087718,
    "FTM_total": 104,
    "FTA_avg": 2.210526315789474,
    "FTA_total": 126,
    "OREB_avg": 1.8421052631578947,
    "OREB_total": 105,
    "DREB_avg": 5.157894736842105,
    "DREB_total": 294,
    "REB_avg": 7.0,
    "REB_total": 399,
    "AST_avg": 1.0526315789473684,
    "AST_total": 60,
    "STL_avg": 0.43859649122807015,
    "STL_total": 25,
    "BLK_avg": 0.7192982456140351,
    "BLK_total": 41,
    "TOV_avg": 1.0701754385964912,
    "TOV_total": 61,
    "PF_avg": 2.1578947368421053,
    "PF_total": 123,
    "PTS_avg": 12.24561403508772,
    "PTS_total": 698,
    "PLUS_MINUS_avg": 4.385964912280702,
    "PLUS_MINUS_total": 250,
    "FG_PCT": 0.4381625441696113,
    "FG3_PCT": 0.35379061371841153,
    "FT_PCT": 0.8253968253968254,
    "games_played": 57
  }
}