{
  "season_stats": {
    "MIN_avg": 16.506666666666668,
    "MIN_total": 1238,
    "FGM_avg": 2.0,
    "FGM_total": 150,
    "FGA_avg": 4.973333333333334,
    "FGA_total": 373,
    "FG3M_avg": 1.0133333333333334,
    "FG3M_total": 76,
    "FG3A_avg": 3.026666666666667,
    "FG3A_total": 227,
    "FTM_avg": 0.9333333333333333,
    "FTM_total": 70,
    "FTA_avg": 1.12,
    "FTA_total": 84,
    "OREB_avg": 0.6933333333333334,
    "OREB_total": 52,
    "DREB_avg": 2.1733333333333333,
    "DREB_total": 163,
    "REB_avg": 2.8666666666666667,
    "REB_total": 215,
    "AST_avg": 0.8666666666666667,
    "AST_total": 65,
    "STL_avg": 0.41333333333333333,
    "STL_total": 31,
    "BLK_avg": 0.16,
    "BLK_total": 12,
    "TOV_avg": 0.72,
    "TOV_total": 54,
    "PF_avg": 1.2666666666666666,
    "PF_total": 95,
    "PTS_avg": 5.946666666666666,
    "PTS_total": 446,
    "PLUS_MINUS_avg": 0.21333333333333335,
    "PLUS_MINUS_total": 16,
    "FG_PCT": 0.40214477211796246,
    "FG3_PCT": 0.33480176211453744,
    "FT_PCT": 0.8333333333333334,
    "games_played": 75
  }
}