{
  "season_stats": {
    "MIN_avg": 10.742857142857142,
    "MIN_total": 376,
    "FGM_avg": 1.7142857142857142,
    "FGM_total": 60,
    "FGA_avg": 3.2285714285714286,
    "FGA_total": 113,
    "FG3M_avg": 0.2,
    "FG3M_total": 7,
    "FG3A_avg": 0.7714285714285715,
    "FG3A_total": 27,
    "FTM_avg": 0.6,
    "FTM_total": 21,
    "FTA_avg": 0.9428571428571428,
    "FTA_total": 33,
    "OREB_avg": 1.0,
    "OREB_total": 35,
    "DREB_avg": 1.4285714285714286,
    "DREB_total": 50,
    "REB_avg": 2.4285714285714284,
    "REB_total": 85,
    "AST_avg": 0.5428571428571428,
    "AST_total": 19,
    "STL_avg": 0.2571428571428571,
    "STL_total": 9,
    "BLK_avg": 0.45714285714285713,
    "BLK_total": 16,
    "TOV_avg": 0.14285714285714285,
    "TOV_total": 5,
    "PF_avg": 1.3428571428571427,
    "PF_total": 47,
    "PTS_avg": 4.228571428571429,
    "PTS_total": 148,
    "PLUS_MINUS_avg": -0.05714285714285714,
    "PLUS_MINUS_total": -2,
    "FG_PCT": 0.5309734513274337,
    "FG3_PCT": 0.25925925925925924,
    "FT_PCT": 0.6363636363636364,
    "games_played": 35
  }
}