{
  "season_stats": {
    "MIN_avg": 17.522727272727273,
    "MIN_total": 771,
    "FGM_avg": 2.6363636363636362,
    "FGM_total": 116,
    "FGA_avg": 5.931818181818182,
    "FGA_total": 261,
    "FG3M_avg": 0.38636363636363635,
    "FG3M_total": 17,
    "FG3A_avg": 1.1818181818181819,
    "FG3A_total": 52,
    "FTM_avg": 1.2272727272727273,
    "FTM_total": 54,
    "FTA_avg": 1.5909090909090908,
    "FTA_total": 70,
    "OREB_avg": 2.022727272727273,
    "OREB_total": 89,
    "DREB_avg": 2.977272727272727,
    "DREB_total": 131,
    "REB_avg": 5.0,
    "REB_total": 220,
    "AST_avg": 1.75,
    "AST_total": 77,
    "STL_avg": 0.38636363636363635,
    "STL_total": 17,
    "BLK_avg": 0.36363636363636365,
    "BLK_total": 16,
    "TOV_avg": 1.1136363636363635,
    "TOV_total": 49,
    "PF_avg": 2.272727272727273,
    "PF_total": 100,
    "PTS_avg": 6.886363636363637,
    "PTS_total": 303,
    "PLUS_MINUS_avg": -1.9772727272727273,
    "PLUS_MINUS_total": -87,
    "FG_PCT": 0.4444444444444444,
    "FG3_PCT": 0.3269230769230769,
    "FT_PCT": 0.7714285714285715,
    "games_played": 44
  }
}