{
  "season_stats": {
    "MIN_avg": 13.93939393939394,
    "MIN_total": 460,
    "FGM_avg": 2.0606060606060606,
    "FGM_total": 68,
    "FGA_avg": 4.787878787878788,
    "FGA_total": 158,
    "FG3M_avg": 1.1818181818181819,
    "FG3M_total": 39,
    "FG3A_avg": 2.727272727272727,
    "FG3A_total": 90,
    "FTM_avg": 0.5757575757575758,
    "FTM_total": 19,
    "FTA_avg": 0.6666666666666666,
    "FTA_total": 22,
    "OREB_avg": 0.6666666666666666,
    "OREB_total": 22,
    "DREB_avg": 1.696969696969697,
    "DREB_total": 56,
    "REB_avg": 2.3636363636363638,
    "REB_total": 78,
    "AST_avg": 2.3636363636363638,
    "AST_total": 78,
    "STL_avg": 0.6363636363636364,
    "STL_total": 21,
    "BLK_avg": 0.15151515151515152,
    "BLK_total": 5,
    "TOV_avg": 0.5151515151515151,
    "TOV_total": 17,
    "PF_avg": 0.9090909090909091,
    "PF_total": 30,
    "PTS_avg": 5.878787878787879,
    "PTS_total": 194,
    "PLUS_MINUS_avg": -0.8787878787878788,
    "PLUS_MINUS_total": -29,
    "FG_PCT": 0.43037974683544306,
    "FG3_PCT": 0.43333333333333335,
    "FT_PCT": 0.8636363636363636,
    "games_played": 33
  }
}