{
  "season_stats": {
    "MIN_avg": 4.470588235294118,
    "MIN_total": 76,
    "FGM_avg": 0.5294117647058824,
    "FGM_total": 9,
    "FGA_avg": 1.2941176470588236,
    "FGA_total": 22,
    "FG3M_avg": 0.29411764705882354,
    "FG3M_total": 5,
    "FG3A_avg": 0.5882352941176471,
    "FG3A_total": 10,
    "FTM_avg": 0.0,
    "FTM_total": 0,
    "FTA_avg": 0.0,
    "FTA_total": 0,
    "OREB_avg": 0.17647058823529413,
    "OREB_total": 3,
    "DREB_avg": 0.7058823529411765,
    "DREB_total": 12,
    "REB_avg": 0.8823529411764706,
    "REB_total": 15,
    "AST_avg": 0.35294117647058826,
    "AST_total": 6,
    "STL_avg": 0.11764705882352941,
    "STL_total": 2,
    "BLK_avg": 0.0,
    "BLK_total": 0,
    "TOV_avg": 0.17647058823529413,
    "TOV_total": 3,
    "PF_avg": 0.17647058823529413,
    "PF_total": 3,
    "PTS_avg": 1.3529411764705883,
    "PTS_total": 23,
    "PLUS_MINUS_avg": -1.4705882352941178,
    "PLUS_MINUS_total": -25,
    "FG_PCT": 0.4090909090909091,
    "FG3_PCT": 0.5,
    "FT_PCT": 0.0,
    "games_played": 17
  }
}