{
  "season_stats": {
    "MIN_avg": 27.243589743589745,
    "MIN_total": 2125,
    "FGM_avg": 3.230769230769231,
    "FGM_total": 252,
    "FGA_avg": 7.564102564102564,
    "FGA_total": 590,
    "FG3M_avg": 1.4743589743589745,
    "FG3M_total": 115,
    "FG3A_avg": 4.0256410256410255,
    "FG3A_total": 314,
    "FTM_avg": 1.6666666666666667,
    "FTM_total": 130,
    "FTA_avg": 1.9487179487179487,
    "FTA_total": 152,
    "OREB_avg": 0.48717948717948717,
    "OREB_total": 38,
    "DREB_avg": 2.8205128205128207,
    "DREB_total": 220,
    "REB_avg": 3.3076923076923075,
    "REB_total": 258,
    "AST_avg": 1.8717948717948718,
    "AST_total": 146,
    "STL_avg": 0.8205128205128205,
    "STL_total": 64,
    "BLK_avg": 0.3974358974358974,
    "BLK_total": 31,
    "TOV_avg": 1.1282051282051282,
    "TOV_total": 88,
    "PF_avg": 1.4743589743589745,
    "PF_total": 115,
    "PTS_avg": 9.602564102564102,
    "PTS_total": 749,
    "PLUS_MINUS_avg": -1.064102564102564,
    "PLUS_MINUS_total": -83,
    "FG_PCT": 0.4271186440677966,
    "FG3_PCT": 0.3662420382165605,
    "FT_PCT": 0.8552631578947368,
    "games_played": 78
  }
}