{
  "season_stats": {
    "MIN_avg": 21.866666666666667,
    "MIN_total": 1312,
    "FGM_avg": 3.15,
    "FGM_total": 189,
    "FGA_avg": 7.75,
    "FGA_total": 465,
    "FG3M_avg": 1.65,
    "FG3M_total": 99,
    "FG3A_avg": 4.7,
    "FG3A_total": 282,
    "FTM_avg": 0.7666666666666667,
    "FTM_total": 46,
    "FTA_avg": 0.9666666666666667,
    "FTA_total": 58,
    "OREB_avg": 0.9666666666666667,
    "OREB_total": 58,
    "DREB_avg": 2.683333333333333,
    "DREB_total": 161,
    "REB_avg": 3.65,
    "REB_total": 219,
    "AST_avg": 2.033333333333333,
    "AST_total": 122,
    "STL_avg": 0.5666666666666667,
    "STL_total": 34,
    "BLK_avg": 0.15,
    "BLK_total": 9,
    "TOV_avg": 1.2333333333333334,
    "TOV_total": 74,
    "PF_avg": 1.2833333333333334,
    "PF_total": 77,
    "PTS_avg": 8.716666666666667,
    "PTS_total": 523,
    "PLUS_MINUS_avg": -4.3,
    "PLUS_MINUS_total": -258,
    "FG_PCT": 0.4064516129032258,
    "FG3_PCT": 0.35106382978723405,
    "FT_PCT": 0.7931034482758621,
    "games_played": 60
  }
}