{
  "season_stats": {
    "MIN_avg": 14.589285714285714,
    "MIN_total": 817,
    "FGM_avg": 2.357142857142857,
    "FGM_total": 132,
    "FGA_avg": 4.839285714285714,
    "FGA_total": 271,
    "FG3M_avg": 0.875,
    "FG3M_total": 49,
    "FG3A_avg": 2.142857142857143,
    "FG3A_total": 120,
    "FTM_avg": 0.6428571428571429,
    "FTM_total": 36,
    "FTA_avg": 0.8035714285714286,
    "FTA_total": 45,
    "OREB_avg": 0.375,
    "OREB_total": 21,
    "DREB_avg": 1.5535714285714286,
    "DREB_total": 87,
    "REB_avg": 1.9285714285714286,
    "REB_total": 108,
    "AST_avg": 1.8571428571428572,
    "AST_total": 104,
    "STL_avg": 0.75,
    "STL_total": 42,
    "BLK_avg": 0.30357142857142855,
    "BLK_total": 17,
    "TOV_avg": 0.9464285714285714,
    "TOV_total": 53,
    "PF_avg": 1.5714285714285714,
    "PF_total": 88,
    "PTS_avg": 6.232142857142857,
    "PTS_total": 349,
    "PLUS_MINUS_avg": 1.4821428571428572,
    "PLUS_MINUS_total": 83,
    "FG_PCT": 0.4870848708487085,
    "FG3_PCT": 0.4083333333333333,
    "FT_PCT": 0.8,
    "games_played": 56
  }
}