{
  "season_stats": {
    "MIN_avg": 18.48148148148148,
    "MIN_total": 499,
    "FGM_avg": 2.4814814814814814,
    "FGM_total": 67,
    "FGA_avg": 6.185185185185185,
    "FGA_total": 167,
    "FG3M_avg": 0.9629629629629629,
    "FG3M_total": 26,
    "FG3A_avg": 3.5185185185185186,
    "FG3A_total": 95,
    "FTM_avg": 0.7037037037037037,
    "FTM_total": 19,
    "FTA_avg": 0.8888888888888888,
    "FTA_total": 24,
    "OREB_avg": 0.8148148148148148,
    "OREB_total": 22,
    "DREB_avg": 2.814814814814815,
    "DREB_total": 76,
    "REB_avg": 3.6296296296296298,
    "REB_total": 98,
    "AST_avg": 2.037037037037037,
    "AST_total": 55,
    "STL_avg": 0.4444444444444444,
    "STL_total": 12,
    "BLK_avg": 0.25925925925925924,
    "BLK_total": 7,
    "TOV_avg": 1.2222222222222223,
    "TOV_total": 33,
    "PF_avg": 1.6666666666666667,
    "PF_total": 45,
    "PTS_avg": 6.62962962962963,
    "PTS_total": 179,
    "PLUS_MINUS_avg": 0.2222222222222222,
    "PLUS_MINUS_total": 6,
    "FG_PCT": 0.40119760479041916,
    "FG3_PCT": 0.2736842105263158,
    "FT_PCT": 0.7916666666666666,
    "games_played": 27
  }
}