{
  "season_stats": {
    "MIN_avg": 16.12121212121212,
    "MIN_total": 532,
    "FGM_avg": 2.1818181818181817,
    "FGM_total": 72,
    "FGA_avg": 5.181818181818182,
    "FGA_total": 171,
    "FG3M_avg": 0.6363636363636364,
    "FG3M_total": 21,
    "FG3A_avg": 2.4545454545454546,
    "FG3A_total": 81,
    "FTM_avg": 0.9696969696969697,
    "FTM_total": 32,
    "FTA_avg": 1.2727272727272727,
    "FTA_total": 42,
    "OREB_avg": 1.3333333333333333,
    "OREB_total": 44,
    "DREB_avg": 2.878787878787879,
    "DREB_total": 95,
    "REB_avg": 4.212121212121212,
    "REB_total": 139,
    "AST_avg": 0.8181818181818182,
    "AST_total": 27,
    "STL_avg": 0.8484848484848485,
    "STL_total": 28,
    "BLK_avg": 1.0,
    "BLK_total": 33,
    "TOV_avg": 0.45454545454545453,
    "TOV_total": 15,
    "PF_avg": 1.6666666666666667,
    "PF_total": 55,
    "PTS_avg": 5.96969696969697,
    "PTS_total": 197,
    "PLUS_MINUS_avg": 2.6363636363636362,
    "PLUS_MINUS_total": 87,
    "FG_PCT": 0.42105263157894735,
    "FG3_PCT": 0.25925925925925924,
    "FT_PCT": 0.7619047619047619,
    "games_played": 33
  }
}