{
  "season_stats": {
    "MIN_avg": 30.051724137931036,
    "MIN_total": 1743,
    "FGM_avg": 4.793103448275862,
    "FGM_total": 278,
    "FGA_avg": 7.224137931034483,
    "FGA_total": 419,
    "FG3M_avg": 0.10344827586206896,
    "FG3M_total": 6,
    "FG3A_avg": 0.5862068965517241,
    "FG3A_total": 34,
    "FTM_avg": 1.3620689655172413,
    "FTM_total": 79,
    "FTA_avg": 2.6206896551724137,
    "FTA_total": 152,
    "OREB_avg": 4.586206896551724,
    "OREB_total": 266,
    "DREB_avg": 7.603448275862069,
    "DREB_total": 441,
    "REB_avg": 12.189655172413794,
    "REB_total": 707,
    "AST_avg": 1.6724137931034482,
    "AST_total": 97,
    "STL_avg": 0.6206896551724138,
    "STL_total": 36,
    "BLK_avg": 2.3793103448275863,
    "BLK_total": 138,
    "TOV_avg": 1.4827586206896552,
    "TOV_total": 86,
    "PF_avg": 2.2413793103448274,
    "PF_total": 130,
    "PTS_avg": 11.051724137931034,
    "PTS_total": 641,
    "PLUS_MINUS_avg": -5.672413793103448,
    "PLUS_MINUS_total": -329,
    "FG_PCT": 0.6634844868735084,
    "FG3_PCT": 0.17647058823529413,
    "FT_PCT": 0.5197368421052632,
    "games_played": 58
  }
}