{
  "season_stats": {
    "MIN_avg": 27.4375,
    "MIN_total": 878,
    "FGM_avg": 5.21875,
    "FGM_total": 167,
    "FGA_avg": 10.65625,
    "FGA_total": 341,
    "FG3M_avg": 1.375,
    "FG3M_total": 44,
    "FG3A_avg": 3.625,
    "FG3A_total": 116,
    "FTM_avg": 3.15625,
    "FTM_total": 101,
    "FTA_avg": 4.1875,
    "FTA_total": 134,
    "OREB_avg": 1.5,
    "OREB_total": 48,
    "DREB_avg": 6.53125,
    "DREB_total": 209,
    "REB_avg": 8.03125,
    "REB_total": 257,
    "AST_avg": 1.96875,
    "AST_total": 63,
    "STL_avg": 0.71875,
    "STL_total": 23,
    "BLK_avg": 2.21875,
    "BLK_total": 71,
    "TOV_avg": 1.75,
    "TOV_total": 56,
    "PF_avg": 2.25,
    "PF_total": 72,
    "PTS_avg": 14.96875,
    "PTS_total": 479,
    "PLUS_MINUS_avg": 9.1875,
    "PLUS_MINUS_total": 294,
    "FG_PCT": 0.4897360703812317,
    "FG3_PCT": 0.3793103448275862,
    "FT_PCT": 0.753731343283582,
    "games_played": 32
  }
}