{
  "season_stats": {
    "MIN_avg": 20.803030303030305,
    "MIN_total": 1373,
    "FGM_avg": 3.227272727272727,
    "FGM_total": 213,
    "FGA_avg": 7.0,
    "FGA_total": 462,
    "FG3M_avg": 0.5606060606060606,
    "FG3M_total": 37,
    "FG3A_avg": 1.803030303030303,
    "FG3A_total": 119,
    "FTM_avg": 1.621212121212121,
    "FTM_total": 107,
    "FTA_avg": 2.1515151515151514,
    "FTA_total": 142,
    "OREB_avg": 1.2727272727272727,
    "OREB_total": 84,
    "DREB_avg": 3.121212121212121,
    "DREB_total": 206,
    "REB_avg": 4.393939393939394,
    "REB_total": 290,
    "AST_avg": 2.515151515151515,
    "AST_total": 166,
    "STL_avg": 0.9242424242424242,
    "STL_total": 61,
    "BLK_avg": 0.21212121212121213,
    "BLK_total": 14,
    "TOV_avg": 1.4848484848484849,
    "TOV_total": 98,
    "PF_avg": 1.2272727272727273,
    "PF_total": 81,
    "PTS_avg": 8.636363636363637,
    "PTS_total": 570,
    "PLUS_MINUS_avg": -2.303030303030303,
    "PLUS_MINUS_total": -152,
    "FG_PCT": 0.461038961038961,
    "FG3_PCT": 0.31092436974789917,
    "FT_PCT": 0.7535211267605634,
    "games_played": 66
  }
}