{
  "season_stats": {
    "MIN_avg": 34.28947368421053,
    "MIN_total": 2606,
    "FGM_avg": 4.7894736842105265,
    "FGM_total": 364,
    "FGA_avg": 10.789473684210526,
    "FGA_total": 820,
    "FG3M_avg": 2.026315789473684,
    "FG3M_total": 154,
    "FG3A_avg": 5.907894736842105,
    "FG3A_total": 449,
    "FTM_avg": 0.7894736842105263,
    "FTM_total": 60,
    "FTA_avg": 0.9473684210526315,
    "FTA_total": 72,
    "OREB_avg": 1.9210526315789473,
    "OREB_total": 146,
    "DREB_avg": 4.75,
    "DREB_total": 361,
    "REB_avg": 6.671052631578948,
    "REB_total": 507,
    "AST_avg": 1.4342105263157894,
    "AST_total": 109,
    "STL_avg": 0.8026315789473685,
    "STL_total": 61,
    "BLK_avg": 0.9078947368421053,
    "BLK_total": 69,
    "TOV_avg": 0.7894736842105263,
    "TOV_total": 60,
    "PF_avg": 2.4473684210526314,
    "PF_total": 186,
    "PTS_avg": 12.394736842105264,
    "PTS_total": 942,
    "PLUS_MINUS_avg": 0.6052631578947368,
    "PLUS_MINUS_total": 46,
    "FG_PCT": 0.44390243902439025,
    "FG3_PCT": 0.3429844097995546,
    "FT_PCT": 0.8333333333333334,
    "games_played": 76
  }
}