{
  "season_stats": {
    "MIN_avg": 24.894736842105264,
    "MIN_total": 1419,
    "FGM_avg": 4.771929824561403,
    "FGM_total": 272,
    "FGA_avg": 9.807017543859649,
    "FGA_total": 559,
    "FG3M_avg": 1.105263157894737,
    "FG3M_total": 63,
    "FG3A_avg": 3.2280701754385963,
    "FG3A_total": 184,
    "FTM_avg": 1.3859649122807018,
    "FTM_total": 79,
    "FTA_avg": 1.8245614035087718,
    "FTA_total": 104,
    "OREB_avg": 2.245614035087719,
    "OREB_total": 128,
    "DREB_avg": 4.105263157894737,
    "DREB_total": 234,
    "REB_avg": 6.350877192982456,
    "REB_total": 362,
    "AST_avg": 1.456140350877193,
    "AST_total": 83,
    "STL_avg": 1.7017543859649122,
    "STL_total": 97,
    "BLK_avg": 0.8771929824561403,
    "BLK_total": 50,
    "TOV_avg": 1.1403508771929824,
    "TOV_total": 65,
    "PF_avg": 2.3859649122807016,
    "PF_total": 136,
    "PTS_avg": 12.035087719298245,
    "PTS_total": 686,
    "PLUS_MINUS_avg": 2.543859649122807,
    "PLUS_MINUS_total": 145,
    "FG_PCT": 0.4865831842576029,
    "FG3_PCT": 0.3423913043478261,
    "FT_PCT": 0.7596153846153846,
    "games_played": 57
  }
}