{
  "season_stats": {
    "MIN_avg": 16.680851063829788,
    "MIN_total": 784,
    "FGM_avg": 2.0638297872340425,
    "FGM_total": 97,
    "FGA_avg": 4.702127659574468,
    "FGA_total": 221,
    "FG3M_avg": 1.297872340425532,
    "FG3M_total": 61,
    "FG3A_avg": 3.25531914893617,
    "FG3A_total": 153,
    "FTM_avg": 0.48936170212765956,
    "FTM_total": 23,
    "FTA_avg": 0.6382978723404256,
    "FTA_total": 30,
    "OREB_avg": 1.0212765957446808,
    "OREB_total": 48,
    "DREB_avg": 4.553191489361702,
    "DREB_total": 214,
    "REB_avg": 5.574468085106383,
    "REB_total": 262,
    "AST_avg": 2.5531914893617023,
    "AST_total": 120,
    "STL_avg": 0.46808510638297873,
    "STL_total": 22,
    "BLK_avg": 0.6170212765957447,
    "BLK_total": 29,
    "TOV_avg": 0.7446808510638298,
    "TOV_total": 35,
    "PF_avg": 1.6808510638297873,
    "PF_total": 79,
    "PTS_avg": 5.914893617021277,
    "PTS_total": 278,
    "PLUS_MINUS_avg": 6.425531914893617,
    "PLUS_MINUS_total": 302,
    "FG_PCT": 0.43891402714932126,
    "FG3_PCT": 0.39869281045751637,
    "FT_PCT": 0.7666666666666667,
    "games_played": 47
  }
}