{
  "season_stats": {
    "MIN_avg": 2.3846153846153846,
    "MIN_total": 31,
    "FGM_avg": 0.3076923076923077,
    "FGM_total": 4,
    "FGA_avg": 1.0769230769230769,
    "FGA_total": 14,
    "FG3M_avg": 0.0,
    "FG3M_total": 0,
    "FG3A_avg": 0.3076923076923077,
    "FG3A_total": 4,
    "FTM_avg": 0.38461538461538464,
    "FTM_total": 5,
    "FTA_avg": 0.46153846153846156,
    "FTA_total": 6,
    "OREB_avg": 0.15384615384615385,
    "OREB_total": 2,
    "DREB_avg": 0.07692307692307693,
    "DREB_total": 1,
    "REB_avg": 0.23076923076923078,
    "REB_total": 3,
    "AST_avg": 0.15384615384615385,
    "AST_total": 2,
    "STL_avg": 0.07692307692307693,
    "STL_total": 1,
    "BLK_avg": 0.0,
    "BLK_total": 0,
    "TOV_avg": 0.3076923076923077,
    "TOV_total": 4,
    "PF_avg": 0.23076923076923078,
    "PF_total": 3,
    "PTS_avg": 1.0,
    "PTS_total": 13,
    "PLUS_MINUS_avg": -0.3076923076923077,
    "PLUS_MINUS_total": -4,
    "FG_PCT": 0.2857142857142857,
    "FG3_PCT": 0.0,
    "FT_PCT": 0.8333333333333334,
    "games_played": 13
  }
}