{
  "season_stats": {
    "MIN_avg": 33.87341772151899,
    "MIN_total": 2676,
    "FGM_avg": 6.025316455696203,
    "FGM_total": 476,
    "FGA_avg": 10.39240506329114,
    "FGA_total": 821,
    "FG3M_avg": 1.1265822784810127,
    "FG3M_total": 89,
    "FG3A_avg": 2.8354430379746836,
    "FG3A_total": 224,
    "FTM_avg": 2.240506329113924,
    "FTM_total": 177,
    "FTA_avg": 2.7088607594936707,
    "FTA_total": 214,
    "OREB_avg": 1.240506329113924,
    "OREB_total": 98,
    "DREB_avg": 3.949367088607595,
    "DREB_total": 312,
    "REB_avg": 5.189873417721519,
    "REB_total": 410,
    "AST_avg": 2.5949367088607596,
    "AST_total": 205,
    "STL_avg": 1.0759493670886076,
    "STL_total": 85,
    "BLK_avg": 0.46835443037974683,
    "BLK_total": 37,
    "TOV_avg": 1.0253164556962024,
    "TOV_total": 81,
    "PF_avg": 2.151898734177215,
    "PF_total": 170,
    "PTS_avg": 15.417721518987342,
    "PTS_total": 1218,
    "PLUS_MINUS_avg": 6.075949367088608,
    "PLUS_MINUS_total": 480,
    "FG_PCT": 0.5797807551766139,
    "FG3_PCT": 0.39732142857142855,
    "FT_PCT": 0.8271028037383178,
    "games_played": 79
  }
}