{
  "season_stats": {
    "MIN_avg": 13.607142857142858,
    "MIN_total": 381,
    "FGM_avg": 2.0714285714285716,
    "FGM_total": 58,
    "FGA_avg": 4.357142857142857,
    "FGA_total": 122,
    "FG3M_avg": 0.5357142857142857,
    "FG3M_total": 15,
    "FG3A_avg": 1.4285714285714286,
    "FG3A_total": 40,
    "FTM_avg": 1.1071428571428572,
    "FTM_total": 31,
    "FTA_avg": 1.4285714285714286,
    "FTA_total": 40,
    "OREB_avg": 0.5,
    "OREB_total": 14,
    "DREB_avg": 1.0714285714285714,
    "DREB_total": 30,
    "REB_avg": 1.5714285714285714,
    "REB_total": 44,
    "AST_avg": 1.8928571428571428,
    "AST_total": 53,
    "STL_avg": 0.75,
    "STL_total": 21,
    "BLK_avg": 0.17857142857142858,
    "BLK_total": 5,
    "TOV_avg": 0.5714285714285714,
    "TOV_total": 16,
    "PF_avg": 1.5357142857142858,
    "PF_total": 43,
    "PTS_avg": 5.785714285714286,
    "PTS_total": 162,
    "PLUS_MINUS_avg": -0.03571428571428571,
    "PLUS_MINUS_total": -1,
    "FG_PCT": 0.47540983606557374,
    "FG3_PCT": 0.375,
    "FT_PCT": 0.775,
    "games_played": 28
  }
}