{
  "season_stats": {
    "MIN_avg": 31.22222222222222,
    "MIN_total": 2248,
    "FGM_avg": 6.930555555555555,
    "FGM_total": 499,
    "FGA_avg": 15.333333333333334,
    "FGA_total": 1104,
    "FG3M_avg": 2.0416666666666665,
    "FG3M_total": 147,
    "FG3A_avg": 6.555555555555555,
    "FG3A_total": 472,
    "FTM_avg": 2.638888888888889,
    "FTM_total": 190,
    "FTA_avg": 3.361111111111111,
    "FTA_total": 242,
    "OREB_avg": 0.9444444444444444,
    "OREB_total": 68,
    "DREB_avg": 3.5555555555555554,
    "DREB_total": 256,
    "REB_avg": 4.5,
    "REB_total": 324,
    "AST_avg": 2.75,
    "AST_total": 198,
    "STL_avg": 0.8611111111111112,
    "STL_total": 62,
    "BLK_avg": 0.2222222222222222,
    "BLK_total": 16,
    "TOV_avg": 2.0833333333333335,
    "TOV_total": 150,
    "PF_avg": 1.6666666666666667,
    "PF_total": 120,
    "PTS_avg": 18.541666666666668,
    "PTS_total": 1335,
    "PLUS_MINUS_avg": -1.9166666666666667,
    "PLUS_MINUS_total": -138,
    "FG_PCT": 0.4519927536231884,
    "FG3_PCT": 0.3114406779661017,
    "FT_PCT": 0.7851239669421488,
    "games_played": 72
  }
}