{
  "season_stats": {
    "MIN_avg": 34.369565217391305,
    "MIN_total": 1581,
    "FGM_avg": 8.956521739130435,
    "FGM_total": 412,
    "FGA_avg": 19.804347826086957,
    "FGA_total": 911,
    "FG3M_avg": 1.891304347826087,
    "FG3M_total": 87,
    "FG3A_avg": 5.913043478260869,
    "FG3A_total": 272,
    "FTM_avg": 6.086956521739131,
    "FTM_total": 280,
    "FTA_avg": 8.369565217391305,
    "FTA_total": 385,
    "OREB_avg": 1.108695652173913,
    "OREB_total": 51,
    "DREB_avg": 6.391304347826087,
    "DREB_total": 294,
    "REB_avg": 7.5,
    "REB_total": 345,
    "AST_avg": 4.760869565217392,
    "AST_total": 219,
    "STL_avg": 0.782608695652174,
    "STL_total": 36,
    "BLK_avg": 0.6086956521739131,
    "BLK_total": 28,
    "TOV_avg": 2.9565217391304346,
    "TOV_total": 136,
    "PF_avg": 2.108695652173913,
    "PF_total": 97,
    "PTS_avg": 25.891304347826086,
    "PTS_total": 1191,
    "PLUS_MINUS_avg": -0.45652173913043476,
    "PLUS_MINUS_total": -21,
    "FG_PCT": 0.4522502744237102,
    "FG3_PCT": 0.31985294117647056,
    "FT_PCT": 0.7272727272727273,
    "games_played": 46
  }
}