{
  "season_stats": {
    "MIN_avg": 17.492957746478872,
    "MIN_total": 1242,
    "FGM_avg": 2.352112676056338,
    "FGM_total": 167,
    "FGA_avg": 3.943661971830986,
    "FGA_total": 280,
    "FG3M_avg": 0.0,
    "FG3M_total": 0,
    "FG3A_avg": 0.08450704225352113,
    "FG3A_total": 6,
    "FTM_avg": 0.971830985915493,
    "FTM_total": 69,
    "FTA_avg": 1.6338028169014085,
    "FTA_total": 116,
    "OREB_avg": 2.6338028169014085,
    "OREB_total": 187,
    "DREB_avg": 3.535211267605634,
    "DREB_total": 251,
    "REB_avg": 6.169014084507042,
    "REB_total": 438,
    "AST_avg": 0.7887323943661971,
    "AST_total": 56,
    "STL_avg": 0.647887323943662,
    "STL_total": 46,
    "BLK_avg": 0.5633802816901409,
    "BLK_total": 40,
    "TOV_avg": 0.8591549295774648,
    "TOV_total": 61,
    "PF_avg": 1.5352112676056338,
    "PF_total": 109,
    "PTS_avg": 5.676056338028169,
    "PTS_total": 403,
    "PLUS_MINUS_avg": -1.732394366197183,
    "PLUS_MINUS_total": -123,
    "FG_PCT": 0.5964285714285714,
    "FG3_PCT": 0.0,
    "FT_PCT": 0.5948275862068966,
    "games_played": 71
  }
}