{
  "season_stats": {
    "MIN_avg": 15.596774193548388,
    "MIN_total": 967,
    "FGM_avg": 2.806451612903226,
    "FGM_total": 174,
    "FGA_avg": 4.870967741935484,
    "FGA_total": 302,
    "FG3M_avg": 0.0,
    "FG3M_total": 0,
    "FG3A_avg": 0.04838709677419355,
    "FG3A_total": 3,
    "FTM_avg": 0.9516129032258065,
    "FTM_total": 59,
    "FTA_avg": 1.6451612903225807,
    "FTA_total": 102,
    "OREB_avg": 1.967741935483871,
    "OREB_total": 122,
    "DREB_avg": 3.0483870967741935,
    "DREB_total": 189,
    "REB_avg": 5.016129032258065,
    "REB_total": 311,
    "AST_avg": 1.6774193548387097,
    "AST_total": 104,
    "STL_avg": 0.3709677419354839,
    "STL_total": 23,
    "BLK_avg": 0.6129032258064516,
    "BLK_total": 38,
    "TOV_avg": 0.7258064516129032,
    "TOV_total": 45,
    "PF_avg": 1.1774193548387097,
    "PF_total": 73,
    "PTS_avg": 6.564516129032258,
    "PTS_total": 407,
    "PLUS_MINUS_avg": -0.9838709677419355,
    "PLUS_MINUS_total": -61,
    "FG_PCT": 0.5761589403973509,
    "FG3_PCT": 0.0,
    "FT_PCT": 0.5784313725490197,
    "games_played": 62
  }
}