{
  "season_stats": {
    "MIN_avg": 28.22222222222222,
    "MIN_total": 254,
    "FGM_avg": 5.0,
    "FGM_total": 45,
    "FGA_avg": 11.333333333333334,
    "FGA_total": 102,
    "FG3M_avg": 1.0,
    "FG3M_total": 9,
    "FG3A_avg": 3.888888888888889,
    "FG3A_total": 35,
    "FTM_avg": 1.1111111111111112,
    "FTM_total": 10,
    "FTA_avg": 1.7777777777777777,
    "FTA_total": 16,
    "OREB_avg": 1.8888888888888888,
    "OREB_total": 17,
    "DREB_avg": 5.333333333333333,
    "DREB_total": 48,
    "REB_avg": 7.222222222222222,
    "REB_total": 65,
    "AST_avg": 2.2222222222222223,
    "AST_total": 20,
    "STL_avg": 0.4444444444444444,
    "STL_total": 4,
    "BLK_avg": 0.1111111111111111,
    "BLK_total": 1,
    "TOV_avg": 1.6666666666666667,
    "TOV_total": 15,
    "PF_avg": 2.3333333333333335,
    "PF_total": 21,
    "PTS_avg": 12.11111111111111,
    "PTS_total": 109,
    "PLUS_MINUS_avg": -7.333333333333333,
    "PLUS_MINUS_total": -66,
    "FG_PCT": 0.4411764705882353,
    "FG3_PCT": 0.2571428571428571,
    "FT_PCT": 0.625,
    "games_played": 9
  }
}