{
  "season_stats": {
    "MIN_avg": 29.86111111111111,
    "MIN_total": 2150,
    "FGM_avg": 5.430555555555555,
    "FGM_total": 391,
    "FGA_avg": 11.847222222222221,
    "FGA_total": 853,
    "FG3M_avg": 1.3611111111111112,
    "FG3M_total": 98,
    "FG3A_avg": 4.0,
    "FG3A_total": 288,
    "FTM_avg": 3.8333333333333335,
    "FTM_total": 276,
    "FTA_avg": 4.611111111111111,
    "FTA_total": 332,
    "OREB_avg": 1.2083333333333333,
    "OREB_total": 87,
    "DREB_avg": 4.111111111111111,
    "DREB_total": 296,
    "REB_avg": 5.319444444444445,
    "REB_total": 383,
    "AST_avg": 1.8888888888888888,
    "AST_total": 136,
    "STL_avg": 0.6527777777777778,
    "STL_total": 47,
    "BLK_avg": 0.3333333333333333,
    "BLK_total": 24,
    "TOV_avg": 1.875,
    "TOV_total": 135,
    "PF_avg": 2.25,
    "PF_total": 162,
    "PTS_avg": 16.055555555555557,
    "PTS_total": 1156,
    "PLUS_MINUS_avg": 1.3055555555555556,
    "PLUS_MINUS_total": 94,
    "FG_PCT": 0.45838218053927315,
    "FG3_PCT": 0.3402777777777778,
    "FT_PCT": 0.8313253012048193,
    "games_played": 72
  }
}