{
  "season_stats": {
    "MIN_avg": 25.25925925925926,
    "MIN_total": 1364,
    "FGM_avg": 4.648148148148148,
    "FGM_total": 251,
    "FGA_avg": 8.685185185185185,
    "FGA_total": 469,
    "FG3M_avg": 0.5185185185185185,
    "FG3M_total": 28,
    "FG3A_avg": 1.6851851851851851,
    "FG3A_total": 91,
    "FTM_avg": 1.6111111111111112,
    "FTM_total": 87,
    "FTA_avg": 2.314814814814815,
    "FTA_total": 125,
    "OREB_avg": 2.3518518518518516,
    "OREB_total": 127,
    "DREB_avg": 4.166666666666667,
    "DREB_total": 225,
    "REB_avg": 6.518518518518518,
    "REB_total": 352,
    "AST_avg": 2.3703703703703702,
    "AST_total": 128,
    "STL_avg": 0.8333333333333334,
    "STL_total": 45,
    "BLK_avg": 0.5,
    "BLK_total": 27,
    "TOV_avg": 1.5555555555555556,
    "TOV_total": 84,
    "PF_avg": 2.425925925925926,
    "PF_total": 131,
    "PTS_avg": 11.425925925925926,
    "PTS_total": 617,
    "PLUS_MINUS_avg": -1.6296296296296295,
    "PLUS_MINUS_total": -88,
    "FG_PCT": 0.535181236673774,
    "FG3_PCT": 0.3076923076923077,
    "FT_PCT": 0.696,
    "games_played": 54
  }
}