{
  "season_stats": {
    "MIN_avg": 12.419354838709678,
    "MIN_total": 385,
    "FGM_avg": 1.2580645161290323,
    "FGM_total": 39,
    "FGA_avg": 3.5483870967741935,
    "FGA_total": 110,
    "FG3M_avg": 0.8387096774193549,
    "FG3M_total": 26,
    "FG3A_avg": 2.6451612903225805,
    "FG3A_total": 82,
    "FTM_avg": 0.2903225806451613,
    "FTM_total": 9,
    "FTA_avg": 0.3870967741935484,
    "FTA_total": 12,
    "OREB_avg": 0.6129032258064516,
    "OREB_total": 19,
    "DREB_avg": 1.4838709677419355,
    "DREB_total": 46,
    "REB_avg": 2.096774193548387,
    "REB_total": 65,
    "AST_avg": 1.064516129032258,
    "AST_total": 33,
    "STL_avg": 0.5483870967741935,
    "STL_total": 17,
    "BLK_avg": 0.06451612903225806,
    "BLK_total": 2,
    "TOV_avg": 0.3870967741935484,
    "TOV_total": 12,
    "PF_avg": 0.7096774193548387,
    "PF_total": 22,
    "PTS_avg": 3.6451612903225805,
    "PTS_total": 113,
    "PLUS_MINUS_avg": 0.9354838709677419,
    "PLUS_MINUS_total": 29,
    "FG_PCT": 0.35454545454545455,
    "FG3_PCT": 0.3170731707317073,
    "FT_PCT": 0.75,
    "games_played": 31
  }
}