{
  "season_stats": {
    "MIN_avg": 13.568965517241379,
    "MIN_total": 787,
    "FGM_avg": 1.3793103448275863,
    "FGM_total": 80,
    "FGA_avg": 3.2758620689655173,
    "FGA_total": 190,
    "FG3M_avg": 1.103448275862069,
    "FG3M_total": 64,
    "FG3A_avg": 2.7586206896551726,
    "FG3A_total": 160,
    "FTM_avg": 0.25862068965517243,
    "FTM_total": 15,
    "FTA_avg": 0.29310344827586204,
    "FTA_total": 17,
    "OREB_avg": 0.3275862068965517,
    "OREB_total": 19,
    "DREB_avg": 0.9655172413793104,
    "DREB_total": 56,
    "REB_avg": 1.293103448275862,
    "REB_total": 75,
    "AST_avg": 0.603448275862069,
    "AST_total": 35,
    "STL_avg": 0.3793103448275862,
    "STL_total": 22,
    "BLK_avg": 0.10344827586206896,
    "BLK_total": 6,
    "TOV_avg": 0.22413793103448276,
    "TOV_total": 13,
    "PF_avg": 1.0689655172413792,
    "PF_total": 62,
    "PTS_avg": 4.120689655172414,
    "PTS_total": 239,
    "PLUS_MINUS_avg": -1.1379310344827587,
    "PLUS_MINUS_total": -66,
    "FG_PCT": 0.42105263157894735,
    "FG3_PCT": 0.4,
    "FT_PCT": 0.8823529411764706,
    "games_played": 58
  }
}