{
  "season_stats": {
    "MIN_avg": 20.454545454545453,
    "MIN_total": 1350,
    "FGM_avg": 2.4242424242424243,
    "FGM_total": 160,
    "FGA_avg": 5.106060606060606,
    "FGA_total": 337,
    "FG3M_avg": 0.9090909090909091,
    "FG3M_total": 60,
    "FG3A_avg": 2.1515151515151514,
    "FG3A_total": 142,
    "FTM_avg": 1.1818181818181819,
    "FTM_total": 78,
    "FTA_avg": 1.7424242424242424,
    "FTA_total": 115,
    "OREB_avg": 1.3636363636363635,
    "OREB_total": 90,
    "DREB_avg": 2.5606060606060606,
    "DREB_total": 169,
    "REB_avg": 3.9242424242424243,
    "REB_total": 259,
    "AST_avg": 2.393939393939394,
    "AST_total": 158,
    "STL_avg": 0.9393939393939394,
    "STL_total": 62,
    "BLK_avg": 0.3484848484848485,
    "BLK_total": 23,
    "TOV_avg": 1.303030303030303,
    "TOV_total": 86,
    "PF_avg": 2.0,
    "PF_total": 132,
    "PTS_avg": 6.9393939393939394,
    "PTS_total": 458,
    "PLUS_MINUS_avg": 1.9090909090909092,
    "PLUS_MINUS_total": 126,
    "FG_PCT": 0.47477744807121663,
    "FG3_PCT": 0.4225352112676056,
    "FT_PCT": 0.6782608695652174,
    "games_played": 66
  }
}