{
  "season_stats": {
    "MIN_avg": 5.157894736842105,
    "MIN_total": 98,
    "FGM_avg": 0.42105263157894735,
    "FGM_total": 8,
    "FGA_avg": 1.105263157894737,
    "FGA_total": 21,
    "FG3M_avg": 0.10526315789473684,
    "FG3M_total": 2,
    "FG3A_avg": 0.5263157894736842,
    "FG3A_total": 10,
    "FTM_avg": 0.0,
    "FTM_total": 0,
    "FTA_avg": 0.10526315789473684,
    "FTA_total": 2,
    "OREB_avg": 0.2631578947368421,
    "OREB_total": 5,
    "DREB_avg": 0.2631578947368421,
    "DREB_total": 5,
    "REB_avg": 0.5263157894736842,
    "REB_total": 10,
    "AST_avg": 0.3684210526315789,
    "AST_total": 7,
    "STL_avg": 0.3157894736842105,
    "STL_total": 6,
    "BLK_avg": 0.05263157894736842,
    "BLK_total": 1,
    "TOV_avg": 0.2631578947368421,
    "TOV_total": 5,
    "PF_avg": 0.631578947368421,
    "PF_total": 12,
    "PTS_avg": 0.9473684210526315,
    "PTS_total": 18,
    "PLUS_MINUS_avg": -0.631578947368421,
    "PLUS_MINUS_total": -12,
    "FG_PCT": 0.38095238095238093,
    "FG3_PCT": 0.2,
    "FT_PCT": 0.0,
    "games_played": 19
  }
}