{
  "season_stats": {
    "MIN_avg": 25.217391304347824,
    "MIN_total": 1160,
    "FGM_avg": 3.739130434782609,
    "FGM_total": 172,
    "FGA_avg": 8.195652173913043,
    "FGA_total": 377,
    "FG3M_avg": 1.6956521739130435,
    "FG3M_total": 78,
    "FG3A_avg": 4.565217391304348,
    "FG3A_total": 210,
    "FTM_avg": 1.565217391304348,
    "FTM_total": 72,
    "FTA_avg": 1.891304347826087,
    "FTA_total": 87,
    "OREB_avg": 0.5652173913043478,
    "OREB_total": 26,
    "DREB_avg": 3.347826086956522,
    "DREB_total": 154,
    "REB_avg": 3.9130434782608696,
    "REB_total": 180,
    "AST_avg": 2.847826086956522,
    "AST_total": 131,
    "STL_avg": 0.8260869565217391,
    "STL_total": 38,
    "BLK_avg": 0.2826086956521739,
    "BLK_total": 13,
    "TOV_avg": 1.3043478260869565,
    "TOV_total": 60,
    "PF_avg": 1.7826086956521738,
    "PF_total": 82,
    "PTS_avg": 10.73913043478261,
    "PTS_total": 494,
    "PLUS_MINUS_avg": -0.43478260869565216,
    "PLUS_MINUS_total": -20,
    "FG_PCT": 0.4562334217506631,
    "FG3_PCT": 0.37142857142857144,
    "FT_PCT": 0.8275862068965517,
    "games_played": 46
  }
}