{
  "season_stats": {
    "MIN_avg": 10.615384615384615,
    "MIN_total": 138,
    "FGM_avg": 1.0769230769230769,
    "FGM_total": 14,
    "FGA_avg": 2.4615384615384617,
    "FGA_total": 32,
    "FG3M_avg": 0.6923076923076923,
    "FG3M_total": 9,
    "FG3A_avg": 1.8461538461538463,
    "FG3A_total": 24,
    "FTM_avg": 0.07692307692307693,
    "FTM_total": 1,
    "FTA_avg": 0.15384615384615385,
    "FTA_total": 2,
    "OREB_avg": 0.38461538461538464,
    "OREB_total": 5,
    "DREB_avg": 1.2307692307692308,
    "DREB_total": 16,
    "REB_avg": 1.6153846153846154,
    "REB_total": 21,
    "AST_avg": 0.7692307692307693,
    "AST_total": 10,
    "STL_avg": 0.15384615384615385,
    "STL_total": 2,
    "BLK_avg": 0.15384615384615385,
    "BLK_total": 2,
    "TOV_avg": 0.3076923076923077,
    "TOV_total": 4,
    "PF_avg": 1.3076923076923077,
    "PF_total": 17,
    "PTS_avg": 2.923076923076923,
    "PTS_total": 38,
    "PLUS_MINUS_avg": -1.0769230769230769,
    "PLUS_MINUS_total": -14,
    "FG_PCT": 0.4375,
    "FG3_PCT": 0.375,
    "FT_PCT": 0.5,
    "games_played": 13
  }
}