{
  "season_stats": {
    "MIN_avg": 26.568181818181817,
    "MIN_total": 1169,
    "FGM_avg": 6.136363636363637,
    "FGM_total": 270,
    "FGA_avg": 10.159090909090908,
    "FGA_total": 447,
    "FG3M_avg": 0.0,
    "FG3M_total": 0,
    "FG3A_avg": 0.09090909090909091,
    "FG3A_total": 4,
    "FTM_avg": 2.977272727272727,
    "FTM_total": 131,
    "FTA_avg": 3.7045454545454546,
    "FTA_total": 163,
    "OREB_avg": 3.0,
    "OREB_total": 132,
    "DREB_avg": 7.159090909090909,
    "DREB_total": 315,
    "REB_avg": 10.159090909090908,
    "REB_total": 447,
    "AST_avg": 2.477272727272727,
    "AST_total": 109,
    "STL_avg": 0.7272727272727273,
    "STL_total": 32,
    "BLK_avg": 1.2272727272727273,
    "BLK_total": 54,
    "TOV_avg": 1.6136363636363635,
    "TOV_total": 71,
    "PF_avg": 2.3863636363636362,
    "PF_total": 105,
    "PTS_avg": 15.25,
    "PTS_total": 671,
    "PLUS_MINUS_avg": -6.840909090909091,
    "PLUS_MINUS_total": -301,
    "FG_PCT": 0.6040268456375839,
    "FG3_PCT": 0.0,
    "FT_PCT": 0.803680981595092,
    "games_played": 44
  }
}