{
  "season_stats": {
    "MIN_avg": 5.181818181818182,
    "MIN_total": 114,
    "FGM_avg": 0.5909090909090909,
    "FGM_total": 13,
    "FGA_avg": 1.3636363636363635,
    "FGA_total": 30,
    "FG3M_avg": 0.13636363636363635,
    "FG3M_total": 3,
    "FG3A_avg": 0.5909090909090909,
    "FG3A_total": 13,
    "FTM_avg": 0.13636363636363635,
    "FTM_total": 3,
    "FTA_avg": 0.4090909090909091,
    "FTA_total": 9,
    "OREB_avg": 0.36363636363636365,
    "OREB_total": 8,
    "DREB_avg": 0.5909090909090909,
    "DREB_total": 13,
    "REB_avg": 0.9545454545454546,
    "REB_total": 21,
    "AST_avg": 0.6818181818181818,
    "AST_total": 15,
    "STL_avg": 0.09090909090909091,
    "STL_total": 2,
    "BLK_avg": 0.045454545454545456,
    "BLK_total": 1,
    "TOV_avg": 0.5,
    "TOV_total": 11,
    "PF_avg": 0.45454545454545453,
    "PF_total": 10,
    "PTS_avg": 1.4545454545454546,
    "PTS_total": 32,
    "PLUS_MINUS_avg": 0.36363636363636365,
    "PLUS_MINUS_total": 8,
    "FG_PCT": 0.43333333333333335,
    "FG3_PCT": 0.23076923076923078,
    "FT_PCT": 0.3333333333333333,
    "games_played": 22
  }
}