{
  "season_stats": {
    "MIN_avg": 6.043478260869565,
    "MIN_total": 278,
    "FGM_avg": 0.9565217391304348,
    "FGM_total": 44,
    "FGA_avg": 1.9565217391304348,
    "FGA_total": 90,
    "FG3M_avg": 0.30434782608695654,
    "FG3M_total": 14,
    "FG3A_avg": 0.9347826086956522,
    "FG3A_total": 43,
    "FTM_avg": 0.3695652173913043,
    "FTM_total": 17,
    "FTA_avg": 0.41304347826086957,
    "FTA_total": 19,
    "OREB_avg": 0.2608695652173913,
    "OREB_total": 12,
    "DREB_avg": 0.7608695652173914,
    "DREB_total": 35,
    "REB_avg": 1.0217391304347827,
    "REB_total": 47,
    "AST_avg": 0.391304347826087,
    "AST_total": 18,
    "STL_avg": 0.32608695652173914,
    "STL_total": 15,
    "BLK_avg": 0.2608695652173913,
    "BLK_total": 12,
    "TOV_avg": 0.2391304347826087,
    "TOV_total": 11,
    "PF_avg": 0.7391304347826086,
    "PF_total": 34,
    "PTS_avg": 2.5869565217391304,
    "PTS_total": 119,
    "PLUS_MINUS_avg": -0.34782608695652173,
    "PLUS_MINUS_total": -16,
    "FG_PCT": 0.4888888888888889,
    "FG3_PCT": 0.32558139534883723,
    "FT_PCT": 0.8947368421052632,
    "games_played": 46
  }
}