{
  "season_stats": {
    "MIN_avg": 11.758620689655173,
    "MIN_total": 682,
    "FGM_avg": 1.396551724137931,
    "FGM_total": 81,
    "FGA_avg": 3.206896551724138,
    "FGA_total": 186,
    "FG3M_avg": 0.29310344827586204,
    "FG3M_total": 17,
    "FG3A_avg": 1.0,
    "FG3A_total": 58,
    "FTM_avg": 0.6551724137931034,
    "FTM_total": 38,
    "FTA_avg": 1.0517241379310345,
    "FTA_total": 61,
    "OREB_avg": 0.29310344827586204,
    "OREB_total": 17,
    "DREB_avg": 0.7586206896551724,
    "DREB_total": 44,
    "REB_avg": 1.0517241379310345,
    "REB_total": 61,
    "AST_avg": 1.9655172413793103,
    "AST_total": 114,
    "STL_avg": 0.6379310344827587,
    "STL_total": 37,
    "BLK_avg": 0.10344827586206896,
    "BLK_total": 6,
    "TOV_avg": 0.9310344827586207,
    "TOV_total": 54,
    "PF_avg": 0.7931034482758621,
    "PF_total": 46,
    "PTS_avg": 3.7413793103448274,
    "PTS_total": 217,
    "PLUS_MINUS_avg": -0.15517241379310345,
    "PLUS_MINUS_total": -9,
    "FG_PCT": 0.43548387096774194,
    "FG3_PCT": 0.29310344827586204,
    "FT_PCT": 0.6229508196721312,
    "games_played": 58
  }
}