{
  "season_stats": {
    "MIN_avg": 26.115384615384617,
    "MIN_total": 2037,
    "FGM_avg": 4.846153846153846,
    "FGM_total": 378,
    "FGA_avg": 7.0,
    "FGA_total": 546,
    "FG3M_avg": 0.0,
    "FG3M_total": 0,
    "FG3A_avg": 0.0,
    "FG3A_total": 0,
    "FTM_avg": 2.076923076923077,
    "FTM_total": 162,
    "FTA_avg": 3.1025641025641026,
    "FTA_total": 242,
    "OREB_avg": 3.551282051282051,
    "OREB_total": 277,
    "DREB_avg": 6.794871794871795,
    "DREB_total": 530,
    "REB_avg": 10.346153846153847,
    "REB_total": 807,
    "AST_avg": 2.6794871794871793,
    "AST_total": 209,
    "STL_avg": 0.6923076923076923,
    "STL_total": 54,
    "BLK_avg": 1.141025641025641,
    "BLK_total": 89,
    "TOV_avg": 1.7435897435897436,
    "TOV_total": 136,
    "PF_avg": 3.217948717948718,
    "PF_total": 251,
    "PTS_avg": 11.76923076923077,
    "PTS_total": 918,
    "PLUS_MINUS_avg": 0.46153846153846156,
    "PLUS_MINUS_total": 36,
    "FG_PCT": 0.6923076923076923,
    "FG3_PCT": 0.0,
    "FT_PCT": 0.6694214876033058,
    "games_played": 78
  }
}