{
  "season_stats": {
    "MIN_avg": 9.27027027027027,
    "MIN_total": 343,
    "FGM_avg": 1.0810810810810811,
    "FGM_total": 40,
    "FGA_avg": 1.7837837837837838,
    "FGA_total": 66,
    "FG3M_avg": 0.0,
    "FG3M_total": 0,
    "FG3A_avg": 0.10810810810810811,
    "FG3A_total": 4,
    "FTM_avg": 0.2702702702702703,
    "FTM_total": 10,
    "FTA_avg": 0.3783783783783784,
    "FTA_total": 14,
    "OREB_avg": 0.9459459459459459,
    "OREB_total": 35,
    "DREB_avg": 1.5405405405405406,
    "DREB_total": 57,
    "REB_avg": 2.4864864864864864,
    "REB_total": 92,
    "AST_avg": 0.43243243243243246,
    "AST_total": 16,
    "STL_avg": 0.21621621621621623,
    "STL_total": 8,
    "BLK_avg": 0.43243243243243246,
    "BLK_total": 16,
    "TOV_avg": 0.32432432432432434,
    "TOV_total": 12,
    "PF_avg": 1.1891891891891893,
    "PF_total": 44,
    "PTS_avg": 2.4324324324324325,
    "PTS_total": 90,
    "PLUS_MINUS_avg": -0.1891891891891892,
    "PLUS_MINUS_total": -7,
    "FG_PCT": 0.6060606060606061,
    "FG3_PCT": 0.0,
    "FT_PCT": 0.7142857142857143,
    "games_played": 37
  }
}