{
  "season_stats": {
    "MIN_avg": 8.846153846153847,
    "MIN_total": 460,
    "FGM_avg": 1.1153846153846154,
    "FGM_total": 58,
    "FGA_avg": 2.730769230769231,
    "FGA_total": 142,
    "FG3M_avg": 0.3076923076923077,
    "FG3M_total": 16,
    "FG3A_avg": 1.1346153846153846,
    "FG3A_total": 59,
    "FTM_avg": 0.4423076923076923,
    "FTM_total": 23,
    "FTA_avg": 0.5769230769230769,
    "FTA_total": 30,
    "OREB_avg": 0.5,
    "OREB_total": 26,
    "DREB_avg": 0.8461538461538461,
    "DREB_total": 44,
    "REB_avg": 1.3461538461538463,
    "REB_total": 70,
    "AST_avg": 0.4807692307692308,
    "AST_total": 25,
    "STL_avg": 0.3076923076923077,
    "STL_total": 16,
    "BLK_avg": 0.07692307692307693,
    "BLK_total": 4,
    "TOV_avg": 0.5769230769230769,
    "TOV_total": 30,
    "PF_avg": 0.7115384615384616,
    "PF_total": 37,
    "PTS_avg": 2.980769230769231,
    "PTS_total": 155,
    "PLUS_MINUS_avg": -1.6538461538461537,
    "PLUS_MINUS_total": -86,
    "FG_PCT": 0.4084507042253521,
    "FG3_PCT": 0.2711864406779661,
    "FT_PCT": 0.7666666666666667,
    "games_played": 52
  }
}