{
  "season_stats": {
    "MIN_avg": 7.8431372549019605,
    "MIN_total": 400,
    "FGM_avg": 0.8823529411764706,
    "FGM_total": 45,
    "FGA_avg": 2.3529411764705883,
    "FGA_total": 120,
    "FG3M_avg": 0.45098039215686275,
    "FG3M_total": 23,
    "FG3A_avg": 1.4509803921568627,
    "FG3A_total": 74,
    "FTM_avg": 0.4117647058823529,
    "FTM_total": 21,
    "FTA_avg": 0.5490196078431373,
    "FTA_total": 28,
    "OREB_avg": 0.49019607843137253,
    "OREB_total": 25,
    "DREB_avg": 1.0392156862745099,
    "DREB_total": 53,
    "REB_avg": 1.5294117647058822,
    "REB_total": 78,
    "AST_avg": 0.39215686274509803,
    "AST_total": 20,
    "STL_avg": 0.19607843137254902,
    "STL_total": 10,
    "BLK_avg": 0.11764705882352941,
    "BLK_total": 6,
    "TOV_avg": 0.27450980392156865,
    "TOV_total": 14,
    "PF_avg": 0.8627450980392157,
    "PF_total": 44,
    "PTS_avg": 2.627450980392157,
    "PTS_total": 134,
    "PLUS_MINUS_avg": -1.9215686274509804,
    "PLUS_MINUS_total": -98,
    "FG_PCT": 0.375,
    "FG3_PCT": 0.3108108108108108,
    "FT_PCT": 0.75,
    "games_played": 51
  }
}