{
  "season_stats": {
    "MIN_avg": 5.45945945945946,
    "MIN_total": 202,
    "FGM_avg": 0.6756756756756757,
    "FGM_total": 25,
    "FGA_avg": 2.5945945945945947,
    "FGA_total": 96,
    "FG3M_avg": 0.3783783783783784,
    "FG3M_total": 14,
    "FG3A_avg": 1.945945945945946,
    "FG3A_total": 72,
    "FTM_avg": 0.02702702702702703,
    "FTM_total": 1,
    "FTA_avg": 0.05405405405405406,
    "FTA_total": 2,
    "OREB_avg": 0.1891891891891892,
    "OREB_total": 7,
    "DREB_avg": 0.5405405405405406,
    "DREB_total": 20,
    "REB_avg": 0.7297297297297297,
    "REB_total": 27,
    "AST_avg": 0.32432432432432434,
    "AST_total": 12,
    "STL_avg": 0.21621621621621623,
    "STL_total": 8,
    "BLK_avg": 0.08108108108108109,
    "BLK_total": 3,
    "TOV_avg": 0.10810810810810811,
    "TOV_total": 4,
    "PF_avg": 0.40540540540540543,
    "PF_total": 15,
    "PTS_avg": 1.7567567567567568,
    "PTS_total": 65,
    "PLUS_MINUS_avg": 0.1891891891891892,
    "PLUS_MINUS_total": 7,
    "FG_PCT": 0.2604166666666667,
    "FG3_PCT": 0.19444444444444445,
    "FT_PCT": 0.5,
    "games_played": 37
  }
}