{
  "season_stats": {
    "MIN_avg": 5.0476190476190474,
    "MIN_total": 106,
    "FGM_avg": 0.42857142857142855,
    "FGM_total": 9,
    "FGA_avg": 1.2857142857142858,
    "FGA_total": 27,
    "FG3M_avg": 0.0,
    "FG3M_total": 0,
    "FG3A_avg": 0.38095238095238093,
    "FG3A_total": 8,
    "FTM_avg": 0.5714285714285714,
    "FTM_total": 12,
    "FTA_avg": 0.7619047619047619,
    "FTA_total": 16,
    "OREB_avg": 0.47619047619047616,
    "OREB_total": 10,
    "DREB_avg": 1.1904761904761905,
    "DREB_total": 25,
    "REB_avg": 1.6666666666666667,
    "REB_total": 35,
    "AST_avg": 0.23809523809523808,
    "AST_total": 5,
    "STL_avg": 0.23809523809523808,
    "STL_total": 5,
    "BLK_avg": 0.0,
    "BLK_total": 0,
    "TOV_avg": 0.2857142857142857,
    "TOV_total": 6,
    "PF_avg": 0.38095238095238093,
    "PF_total": 8,
    "PTS_avg": 1.4285714285714286,
    "PTS_total": 30,
    "PLUS_MINUS_avg": -1.380952380952381,
    "PLUS_MINUS_total": -29,
    "FG_PCT": 0.3333333333333333,
    "FG3_PCT": 0.0,
    "FT_PCT": 0.75,
    "games_played": 21
  }
}