{
  "season_stats": {
    "MIN_avg": 22.52542372881356,
    "MIN_total": 1329,
    "FGM_avg": 4.169491525423729,
    "FGM_total": 246,
    "FGA_avg": 7.796610169491525,
    "FGA_total": 460,
    "FG3M_avg": 0.1864406779661017,
    "FG3M_total": 11,
    "FG3A_avg": 0.8305084745762712,
    "FG3A_total": 49,
    "FTM_avg": 1.5423728813559323,
    "FTM_total": 91,
    "FTA_avg": 2.406779661016949,
    "FTA_total": 142,
    "OREB_avg": 1.88135593220339,
    "OREB_total": 111,
    "DREB_avg": 3.2542372881355934,
    "DREB_total": 192,
    "REB_avg": 5.135593220338983,
    "REB_total": 303,
    "AST_avg": 2.2711864406779663,
    "AST_total": 134,
    "STL_avg": 1.6610169491525424,
    "STL_total": 98,
    "BLK_avg": 0.6779661016949152,
    "BLK_total": 40,
    "TOV_avg": 1.3559322033898304,
    "TOV_total": 80,
    "PF_avg": 2.7796610169491527,
    "PF_total": 164,
    "PTS_avg": 10.067796610169491,
    "PTS_total": 594,
    "PLUS_MINUS_avg": 1.1355932203389831,
    "PLUS_MINUS_total": 67,
    "FG_PCT": 0.5347826086956522,
    "FG3_PCT": 0.22448979591836735,
    "FT_PCT": 0.6408450704225352,
    "games_played": 59
  }
}