{
  "season_stats": {
    "MIN_avg": 11.65,
    "MIN_total": 699,
    "FGM_avg": 1.6333333333333333,
    "FGM_total": 98,
    "FGA_avg": 4.366666666666666,
    "FGA_total": 262,
    "FG3M_avg": 0.9166666666666666,
    "FG3M_total": 55,
    "FG3A_avg": 3.1,
    "FG3A_total": 186,
    "FTM_avg": 0.26666666666666666,
    "FTM_total": 16,
    "FTA_avg": 0.38333333333333336,
    "FTA_total": 23,
    "OREB_avg": 0.3333333333333333,
    "OREB_total": 20,
    "DREB_avg": 0.8333333333333334,
    "DREB_total": 50,
    "REB_avg": 1.1666666666666667,
    "REB_total": 70,
    "AST_avg": 0.7333333333333333,
    "AST_total": 44,
    "STL_avg": 0.21666666666666667,
    "STL_total": 13,
    "BLK_avg": 0.18333333333333332,
    "BLK_total": 11,
    "TOV_avg": 0.6,
    "TOV_total": 36,
    "PF_avg": 1.1333333333333333,
    "PF_total": 68,
    "PTS_avg": 4.45,
    "PTS_total": 267,
    "PLUS_MINUS_avg": -1.4333333333333333,
    "PLUS_MINUS_total": -86,
    "FG_PCT": 0.37404580152671757,
    "FG3_PCT": 0.2956989247311828,
    "FT_PCT": 0.6956521739130435,
    "games_played": 60
  }
}