{
  "season_stats": {
    "MIN_avg": 13.23076923076923,
    "MIN_total": 516,
    "FGM_avg": 1.5128205128205128,
    "FGM_total": 59,
    "FGA_avg": 3.3076923076923075,
    "FGA_total": 129,
    "FG3M_avg": 0.41025641025641024,
    "FG3M_total": 16,
    "FG3A_avg": 1.2564102564102564,
    "FG3A_total": 49,
    "FTM_avg": 0.5897435897435898,
    "FTM_total": 23,
    "FTA_avg": 0.8974358974358975,
    "FTA_total": 35,
    "OREB_avg": 0.5384615384615384,
    "OREB_total": 21,
    "DREB_avg": 1.6923076923076923,
    "DREB_total": 66,
    "REB_avg": 2.230769230769231,
    "REB_total": 87,
    "AST_avg": 1.1282051282051282,
    "AST_total": 44,
    "STL_avg": 0.6666666666666666,
    "STL_total": 26,
    "BLK_avg": 0.3333333333333333,
    "BLK_total": 13,
    "TOV_avg": 0.5897435897435898,
    "TOV_total": 23,
    "PF_avg": 0.9487179487179487,
    "PF_total": 37,
    "PTS_avg": 4.0256410256410255,
    "PTS_total": 157,
    "PLUS_MINUS_avg": -2.871794871794872,
    "PLUS_MINUS_total": -112,
    "FG_PCT": 0.4573643410852713,
    "FG3_PCT": 0.32653061224489793,
    "FT_PCT": 0.6571428571428571,
    "games_played": 39
  }
}