{
  "season_stats": {
    "MIN_avg": 19.53968253968254,
    "MIN_total": 1231,
    "FGM_avg": 1.9047619047619047,
    "FGM_total": 120,
    "FGA_avg": 4.555555555555555,
    "FGA_total": 287,
    "FG3M_avg": 1.0793650793650793,
    "FG3M_total": 68,
    "FG3A_avg": 3.1587301587301586,
    "FG3A_total": 199,
    "FTM_avg": 0.38095238095238093,
    "FTM_total": 24,
    "FTA_avg": 0.42857142857142855,
    "FTA_total": 27,
    "OREB_avg": 0.6984126984126984,
    "OREB_total": 44,
    "DREB_avg": 2.111111111111111,
    "DREB_total": 133,
    "REB_avg": 2.8095238095238093,
    "REB_total": 177,
    "AST_avg": 1.3492063492063493,
    "AST_total": 85,
    "STL_avg": 0.6031746031746031,
    "STL_total": 38,
    "BLK_avg": 0.2222222222222222,
    "BLK_total": 14,
    "TOV_avg": 0.3492063492063492,
    "TOV_total": 22,
    "PF_avg": 1.9841269841269842,
    "PF_total": 125,
    "PTS_avg": 5.26984126984127,
    "PTS_total": 332,
    "PLUS_MINUS_avg": -0.9365079365079365,
    "PLUS_MINUS_total": -59,
    "FG_PCT": 0.4181184668989547,
    "FG3_PCT": 0.3417085427135678,
    "FT_PCT": 0.8888888888888888,
    "games_played": 63
  }
}