{
  "season_stats": {
    "MIN_avg": 11.192307692307692,
    "MIN_total": 582,
    "FGM_avg": 1.3461538461538463,
    "FGM_total": 70,
    "FGA_avg": 3.3461538461538463,
    "FGA_total": 174,
    "FG3M_avg": 0.23076923076923078,
    "FG3M_total": 12,
    "FG3A_avg": 0.9807692307692307,
    "FG3A_total": 51,
    "FTM_avg": 0.9423076923076923,
    "FTM_total": 49,
    "FTA_avg": 1.4615384615384615,
    "FTA_total": 76,
    "OREB_avg": 0.8461538461538461,
    "OREB_total": 44,
    "DREB_avg": 1.5769230769230769,
    "DREB_total": 82,
    "REB_avg": 2.423076923076923,
    "REB_total": 126,
    "AST_avg": 0.7692307692307693,
    "AST_total": 40,
    "STL_avg": 0.5,
    "STL_total": 26,
    "BLK_avg": 0.11538461538461539,
    "BLK_total": 6,
    "TOV_avg": 0.2692307692307692,
    "TOV_total": 14,
    "PF_avg": 0.5384615384615384,
    "PF_total": 28,
    "PTS_avg": 3.8653846153846154,
    "PTS_total": 201,
    "PLUS_MINUS_avg": -2.0,
    "PLUS_MINUS_total": -104,
    "FG_PCT": 0.40229885057471265,
    "FG3_PCT": 0.23529411764705882,
    "FT_PCT": 0.6447368421052632,
    "games_played": 52
  }
}