{
  "season_stats": {
    "MIN_avg": 15.689655172413794,
    "MIN_total": 910,
    "FGM_avg": 2.3275862068965516,
    "FGM_total": 135,
    "FGA_avg": 3.310344827586207,
    "FGA_total": 192,
    "FG3M_avg": 0.0,
    "FG3M_total": 0,
    "FG3A_avg": 0.017241379310344827,
    "FG3A_total": 1,
    "FTM_avg": 1.1551724137931034,
    "FTM_total": 67,
    "FTA_avg": 1.7241379310344827,
    "FTA_total": 100,
    "OREB_avg": 1.5862068965517242,
    "OREB_total": 92,
    "DREB_avg": 2.6379310344827585,
    "DREB_total": 153,
    "REB_avg": 4.224137931034483,
    "REB_total": 245,
    "AST_avg": 0.46551724137931033,
    "AST_total": 27,
    "STL_avg": 0.4482758620689655,
    "STL_total": 26,
    "BLK_avg": 1.1896551724137931,
    "BLK_total": 69,
    "TOV_avg": 1.0517241379310345,
    "TOV_total": 61,
    "PF_avg": 2.1551724137931036,
    "PF_total": 125,
    "PTS_avg": 5.810344827586207,
    "PTS_total": 337,
    "PLUS_MINUS_avg": -1.9310344827586208,
    "PLUS_MINUS_total": -112,
    "FG_PCT": 0.703125,
    "FG3_PCT": 0.0,
    "FT_PCT": 0.67,
    "games_played": 58
  }
}