{
  "season_stats": {
    "MIN_avg": 25.0,
    "MIN_total": 75,
    "FGM_avg": 1.3333333333333333,
    "FGM_total": 4,
    "FGA_avg": 6.0,
    "FGA_total": 18,
    "FG3M_avg": 1.0,
    "FG3M_total": 3,
    "FG3A_avg": 4.0,
    "FG3A_total": 12,
    "FTM_avg": 1.0,
    "FTM_total": 3,
    "FTA_avg": 1.3333333333333333,
    "FTA_total": 4,
    "OREB_avg": 1.6666666666666667,
    "OREB_total": 5,
    "DREB_avg": 3.3333333333333335,
    "DREB_total": 10,
    "REB_avg": 5.0,
    "REB_total": 15,
    "AST_avg": 0.6666666666666666,
    "AST_total": 2,
    "STL_avg": 1.6666666666666667,
    "STL_total": 5,
    "BLK_avg": 1.3333333333333333,
    "BLK_total": 4,
    "TOV_avg": 0.6666666666666666,
    "TOV_total": 2,
    "PF_avg": 2.6666666666666665,
    "PF_total": 8,
    "PTS_avg": 4.666666666666667,
    "PTS_total": 14,
    "PLUS_MINUS_avg": -7.333333333333333,
    "PLUS_MINUS_total": -22,
    "FG_PCT": 0.2222222222222222,
    "FG3_PCT": 0.25,
    "FT_PCT": 0.75,
    "games_played": 3
  }
}