{
  "season_stats": {
    "MIN_avg": 10.26086956521739,
    "MIN_total": 472,
    "FGM_avg": 1.5217391304347827,
    "FGM_total": 70,
    "FGA_avg": 3.608695652173913,
    "FGA_total": 166,
    "FG3M_avg": 0.7391304347826086,
    "FG3M_total": 34,
    "FG3A_avg": 2.3043478260869565,
    "FG3A_total": 106,
    "FTM_avg": 0.43478260869565216,
    "FTM_total": 20,
    "FTA_avg": 0.4782608695652174,
    "FTA_total": 22,
    "OREB_avg": 0.9565217391304348,
    "OREB_total": 44,
    "DREB_avg": 1.0434782608695652,
    "DREB_total": 48,
    "REB_avg": 2.0,
    "REB_total": 92,
    "AST_avg": 0.5652173913043478,
    "AST_total": 26,
    "STL_avg": 0.2608695652173913,
    "STL_total": 12,
    "BLK_avg": 0.30434782608695654,
    "BLK_total": 14,
    "TOV_avg": 0.34782608695652173,
    "TOV_total": 16,
    "PF_avg": 0.8913043478260869,
    "PF_total": 41,
    "PTS_avg": 4.217391304347826,
    "PTS_total": 194,
    "PLUS_MINUS_avg": -1.1956521739130435,
    "PLUS_MINUS_total": -55,
    "FG_PCT": 0.42168674698795183,
    "FG3_PCT": 0.32075471698113206,
    "FT_PCT": 0.9090909090909091,
    "games_played": 46
  }
}