{
  "season_stats": {
    "MIN_avg": 4.833333333333333,
    "MIN_total": 116,
    "FGM_avg": 0.5416666666666666,
    "FGM_total": 13,
    "FGA_avg": 1.7083333333333333,
    "FGA_total": 41,
    "FG3M_avg": 0.125,
    "FG3M_total": 3,
    "FG3A_avg": 0.7083333333333334,
    "FG3A_total": 17,
    "FTM_avg": 0.125,
    "FTM_total": 3,
    "FTA_avg": 0.16666666666666666,
    "FTA_total": 4,
    "OREB_avg": 0.041666666666666664,
    "OREB_total": 1,
    "DREB_avg": 0.4583333333333333,
    "DREB_total": 11,
    "REB_avg": 0.5,
    "REB_total": 12,
    "AST_avg": 0.4583333333333333,
    "AST_total": 11,
    "STL_avg": 0.08333333333333333,
    "STL_total": 2,
    "BLK_avg": 0.041666666666666664,
    "BLK_total": 1,
    "TOV_avg": 0.20833333333333334,
    "TOV_total": 5,
    "PF_avg": 0.4166666666666667,
    "PF_total": 10,
    "PTS_avg": 1.3333333333333333,
    "PTS_total": 32,
    "PLUS_MINUS_avg": -1.0416666666666667,
    "PLUS_MINUS_total": -25,
    "FG_PCT": 0.3170731707317073,
    "FG3_PCT": 0.17647058823529413,
    "FT_PCT": 0.75,
    "games_played": 24
  }
}