{
  "season_stats": {
    "MIN_avg": 32.231884057971016,
    "MIN_total": 2224,
    "FGM_avg": 5.6231884057971016,
    "FGM_total": 388,
    "FGA_avg": 10.101449275362318,
    "FGA_total": 697,
    "FG3M_avg": 0.36231884057971014,
    "FG3M_total": 25,
    "FG3A_avg": 1.318840579710145,
    "FG3A_total": 91,
    "FTM_avg": 2.449275362318841,
    "FTM_total": 169,
    "FTA_avg": 3.579710144927536,
    "FTA_total": 247,
    "OREB_avg": 2.782608695652174,
    "OREB_total": 192,
    "DREB_avg": 5.391304347826087,
    "DREB_total": 372,
    "REB_avg": 8.173913043478262,
    "REB_total": 564,
    "AST_avg": 3.8405797101449277,
    "AST_total": 265,
    "STL_avg": 1.4057971014492754,
    "STL_total": 97,
    "BLK_avg": 1.289855072463768,
    "BLK_total": 89,
    "TOV_avg": 2.0,
    "TOV_total": 138,
    "PF_avg": 2.420289855072464,
    "PF_total": 167,
    "PTS_avg": 14.057971014492754,
    "PTS_total": 970,
    "PLUS_MINUS_avg": 3.8840579710144927,
    "PLUS_MINUS_total": 268,
    "FG_PCT": 0.5566714490674318,
    "FG3_PCT": 0.27472527472527475,
    "FT_PCT": 0.6842105263157895,
    "games_played": 69
  }
}