{
  "season_stats": {
    "MIN_avg": 15.0,
    "MIN_total": 660,
    "FGM_avg": 2.5681818181818183,
    "FGM_total": 113,
    "FGA_avg": 5.636363636363637,
    "FGA_total": 248,
    "FG3M_avg": 1.1590909090909092,
    "FG3M_total": 51,
    "FG3A_avg": 2.9318181818181817,
    "FG3A_total": 129,
    "FTM_avg": 0.6363636363636364,
    "FTM_total": 28,
    "FTA_avg": 0.7954545454545454,
    "FTA_total": 35,
    "OREB_avg": 0.4090909090909091,
    "OREB_total": 18,
    "DREB_avg": 1.0227272727272727,
    "DREB_total": 45,
    "REB_avg": 1.4318181818181819,
    "REB_total": 63,
    "AST_avg": 0.8863636363636364,
    "AST_total": 39,
    "STL_avg": 0.4772727272727273,
    "STL_total": 21,
    "BLK_avg": 0.09090909090909091,
    "BLK_total": 4,
    "TOV_avg": 0.6818181818181818,
    "TOV_total": 30,
    "PF_avg": 0.9090909090909091,
    "PF_total": 40,
    "PTS_avg": 6.931818181818182,
    "PTS_total": 305,
    "PLUS_MINUS_avg": -3.409090909090909,
    "PLUS_MINUS_total": -150,
    "FG_PCT": 0.45564516129032256,
    "FG3_PCT": 0.3953488372093023,
    "FT_PCT": 0.8,
    "games_played": 44
  }
}