{
  "season_stats": {
    "MIN_avg": 15.866666666666667,
    "MIN_total": 1190,
    "FGM_avg": 2.2666666666666666,
    "FGM_total": 170,
    "FGA_avg": 4.8,
    "FGA_total": 360,
    "FG3M_avg": 1.0,
    "FG3M_total": 75,
    "FG3A_avg": 2.466666666666667,
    "FG3A_total": 185,
    "FTM_avg": 0.6133333333333333,
    "FTM_total": 46,
    "FTA_avg": 0.92,
    "FTA_total": 69,
    "OREB_avg": 0.3333333333333333,
    "OREB_total": 25,
    "DREB_avg": 2.72,
    "DREB_total": 204,
    "REB_avg": 3.0533333333333332,
    "REB_total": 229,
    "AST_avg": 1.4666666666666666,
    "AST_total": 110,
    "STL_avg": 0.72,
    "STL_total": 54,
    "BLK_avg": 0.3333333333333333,
    "BLK_total": 25,
    "TOV_avg": 1.04,
    "TOV_total": 78,
    "PF_avg": 1.5333333333333334,
    "PF_total": 115,
    "PTS_avg": 6.1466666666666665,
    "PTS_total": 461,
    "PLUS_MINUS_avg": -1.9466666666666668,
    "PLUS_MINUS_total": -146,
    "FG_PCT": 0.4722222222222222,
    "FG3_PCT": 0.40540540540540543,
    "FT_PCT": 0.6666666666666666,
    "games_played": 75
  }
}