{
  "season_stats": {
    "MIN_avg": 11.666666666666666,
    "MIN_total": 35,
    "FGM_avg": 0.6666666666666666,
    "FGM_total": 2,
    "FGA_avg": 3.0,
    "FGA_total": 9,
    "FG3M_avg": 0.6666666666666666,
    "FG3M_total": 2,
    "FG3A_avg": 2.3333333333333335,
    "FG3A_total": 7,
    "FTM_avg": 0.3333333333333333,
    "FTM_total": 1,
    "FTA_avg": 0.6666666666666666,
    "FTA_total": 2,
    "OREB_avg": 0.6666666666666666,
    "OREB_total": 2,
    "DREB_avg": 2.3333333333333335,
    "DREB_total": 7,
    "REB_avg": 3.0,
    "REB_total": 9,
    "AST_avg": 0.0,
    "AST_total": 0,
    "STL_avg": 0.6666666666666666,
    "STL_total": 2,
    "BLK_avg": 0.3333333333333333,
    "BLK_total": 1,
    "TOV_avg": 0.0,
    "TOV_total": 0,
    "PF_avg": 0.0,
    "PF_total": 0,
    "PTS_avg": 2.3333333333333335,
    "PTS_total": 7,
    "PLUS_MINUS_avg": -4.666666666666667,
    "PLUS_MINUS_total": -14,
    "FG_PCT": 0.2222222222222222,
    "FG3_PCT": 0.2857142857142857,
    "FT_PCT": 0.5,
    "games_played": 3
  }
}