{
  "season_stats": {
    "MIN_avg": 4.461538461538462,
    "MIN_total": 58,
    "FGM_avg": 0.15384615384615385,
    "FGM_total": 2,
    "FGA_avg": 0.6153846153846154,
    "FGA_total": 8,
    "FG3M_avg": 0.0,
    "FG3M_total": 0,
    "FG3A_avg": 0.15384615384615385,
    "FG3A_total": 2,
    "FTM_avg": 0.38461538461538464,
    "FTM_total": 5,
    "FTA_avg": 0.7692307692307693,
    "FTA_total": 10,
    "OREB_avg": 0.5384615384615384,
    "OREB_total": 7,
    "DREB_avg": 0.38461538461538464,
    "DREB_total": 5,
    "REB_avg": 0.9230769230769231,
    "REB_total": 12,
    "AST_avg": 0.15384615384615385,
    "AST_total": 2,
    "STL_avg": 0.15384615384615385,
    "STL_total": 2,
    "BLK_avg": 0.15384615384615385,
    "BLK_total": 2,
    "TOV_avg": 0.46153846153846156,
    "TOV_total": 6,
    "PF_avg": 0.6923076923076923,
    "PF_total": 9,
    "PTS_avg": 0.6923076923076923,
    "PTS_total": 9,
    "PLUS_MINUS_avg": -0.38461538461538464,
    "PLUS_MINUS_total": -5,
    "FG_PCT": 0.25,
    "FG3_PCT": 0.0,
    "FT_PCT": 0.5,
    "games_played": 13
  }
}