{
  "season_stats": {
    "MIN_avg": 7.711538461538462,
    "MIN_total": 401,
    "FGM_avg": 0.5769230769230769,
    "FGM_total": 30,
    "FGA_avg": 1.5961538461538463,
    "FGA_total": 83,
    "FG3M_avg": 0.28846153846153844,
    "FG3M_total": 15,
    "FG3A_avg": 1.0576923076923077,
    "FG3A_total": 55,
    "FTM_avg": 0.1346153846153846,
    "FTM_total": 7,
    "FTA_avg": 0.23076923076923078,
    "FTA_total": 12,
    "OREB_avg": 0.4423076923076923,
    "OREB_total": 23,
    "DREB_avg": 0.8846153846153846,
    "DREB_total": 46,
    "REB_avg": 1.3269230769230769,
    "REB_total": 69,
    "AST_avg": 0.36538461538461536,
    "AST_total": 19,
    "STL_avg": 0.23076923076923078,
    "STL_total": 12,
    "BLK_avg": 0.21153846153846154,
    "BLK_total": 11,
    "TOV_avg": 0.3269230769230769,
    "TOV_total": 17,
    "PF_avg": 0.5769230769230769,
    "PF_total": 30,
    "PTS_avg": 1.5769230769230769,
    "PTS_total": 82,
    "PLUS_MINUS_avg": 0.4807692307692308,
    "PLUS_MINUS_total": 25,
    "FG_PCT": 0.3614457831325301,
    "FG3_PCT": 0.2727272727272727,
    "FT_PCT": 0.5833333333333334,
    "games_played": 52
  }
}