{
  "season_stats": {
    "MIN_avg": 34.25925925925926,
    "MIN_total": 925,
    "FGM_avg": 7.333333333333333,
    "FGM_total": 198,
    "FGA_avg": 18.185185185185187,
    "FGA_total": 491,
    "FG3M_avg": 3.8518518518518516,
    "FG3M_total": 104,
    "FG3A_avg": 10.851851851851851,
    "FG3A_total": 293,
    "FTM_avg": 2.5185185185185186,
    "FTM_total": 68,
    "FTA_avg": 2.925925925925926,
    "FTA_total": 79,
    "OREB_avg": 0.9259259259259259,
    "OREB_total": 25,
    "DREB_avg": 3.925925925925926,
    "DREB_total": 106,
    "REB_avg": 4.851851851851852,
    "REB_total": 131,
    "AST_avg": 3.6296296296296298,
    "AST_total": 98,
    "STL_avg": 1.0740740740740742,
    "STL_total": 29,
    "BLK_avg": 0.7407407407407407,
    "BLK_total": 20,
    "TOV_avg": 2.814814814814815,
    "TOV_total": 76,
    "PF_avg": 2.740740740740741,
    "PF_total": 74,
    "PTS_avg": 21.037037037037038,
    "PTS_total": 568,
    "PLUS_MINUS_avg": -4.555555555555555,
    "PLUS_MINUS_total": -123,
    "FG_PCT": 0.40325865580448067,
    "FG3_PCT": 0.35494880546075086,
    "FT_PCT": 0.8607594936708861,
    "games_played": 27
  }
}