{
  "season_stats": {
    "MIN_avg": 5.304347826086956,
    "MIN_total": 122,
    "FGM_avg": 1.0434782608695652,
    "FGM_total": 24,
    "FGA_avg": 2.1739130434782608,
    "FGA_total": 50,
    "FG3M_avg": 0.5652173913043478,
    "FG3M_total": 13,
    "FG3A_avg": 1.3043478260869565,
    "FG3A_total": 30,
    "FTM_avg": 0.2608695652173913,
    "FTM_total": 6,
    "FTA_avg": 0.34782608695652173,
    "FTA_total": 8,
    "OREB_avg": 0.2608695652173913,
    "OREB_total": 6,
    "DREB_avg": 0.8260869565217391,
    "DREB_total": 19,
    "REB_avg": 1.0869565217391304,
    "REB_total": 25,
    "AST_avg": 0.17391304347826086,
    "AST_total": 4,
    "STL_avg": 0.13043478260869565,
    "STL_total": 3,
    "BLK_avg": 0.17391304347826086,
    "BLK_total": 4,
    "TOV_avg": 0.34782608695652173,
    "TOV_total": 8,
    "PF_avg": 0.4782608695652174,
    "PF_total": 11,
    "PTS_avg": 2.9130434782608696,
    "PTS_total": 67,
    "PLUS_MINUS_avg": 0.34782608695652173,
    "PLUS_MINUS_total": 8,
    "FG_PCT": 0.48,
    "FG3_PCT": 0.43333333333333335,
    "FT_PCT": 0.75,
    "games_played": 23
  }
}