{
  "season_stats": {
    "MIN_avg": 32.69230769230769,
    "MIN_total": 2550,
    "FGM_avg": 4.205128205128205,
    "FGM_total": 328,
    "FGA_avg": 9.179487179487179,
    "FGA_total": 716,
    "FG3M_avg": 1.7307692307692308,
    "FG3M_total": 135,
    "FG3A_avg": 4.615384615384615,
    "FG3A_total": 360,
    "FTM_avg": 1.1666666666666667,
    "FTM_total": 91,
    "FTA_avg": 1.6153846153846154,
    "FTA_total": 126,
    "OREB_avg": 2.217948717948718,
    "OREB_total": 173,
    "DREB_avg": 3.551282051282051,
    "DREB_total": 277,
    "REB_avg": 5.769230769230769,
    "REB_total": 450,
    "AST_avg": 2.2435897435897436,
    "AST_total": 175,
    "STL_avg": 1.4871794871794872,
    "STL_total": 116,
    "BLK_avg": 0.6410256410256411,
    "BLK_total": 50,
    "TOV_avg": 1.3974358974358974,
    "TOV_total": 109,
    "PF_avg": 2.948717948717949,
    "PF_total": 230,
    "PTS_avg": 11.307692307692308,
    "PTS_total": 882,
    "PLUS_MINUS_avg": -1.4615384615384615,
    "PLUS_MINUS_total": -114,
    "FG_PCT": 0.4581005586592179,
    "FG3_PCT": 0.375,
    "FT_PCT": 0.7222222222222222,
    "games_played": 78
  }
}