{
  "season_stats": {
    "MIN_avg": 24.128205128205128,
    "MIN_total": 1882,
    "FGM_avg": 3.358974358974359,
    "FGM_total": 262,
    "FGA_avg": 7.948717948717949,
    "FGA_total": 620,
    "FG3M_avg": 0.7948717948717948,
    "FG3M_total": 62,
    "FG3A_avg": 2.5,
    "FG3A_total": 195,
    "FTM_avg": 1.9230769230769231,
    "FTM_total": 150,
    "FTA_avg": 2.5256410256410255,
    "FTA_total": 197,
    "OREB_avg": 0.6666666666666666,
    "OREB_total": 52,
    "DREB_avg": 2.282051282051282,
    "DREB_total": 178,
    "REB_avg": 2.948717948717949,
    "REB_total": 230,
    "AST_avg": 3.076923076923077,
    "AST_total": 240,
    "STL_avg": 1.1025641025641026,
    "STL_total": 86,
    "BLK_avg": 0.6153846153846154,
    "BLK_total": 48,
    "TOV_avg": 1.7820512820512822,
    "TOV_total": 139,
    "PF_avg": 2.128205128205128,
    "PF_total": 166,
    "PTS_avg": 9.435897435897436,
    "PTS_total": 736,
    "PLUS_MINUS_avg": -0.5128205128205128,
    "PLUS_MINUS_total": -40,
    "FG_PCT": 0.42258064516129035,
    "FG3_PCT": 0.31794871794871793,
    "FT_PCT": 0.7614213197969543,
    "games_played": 78
  }
}