{
  "season_stats": {
    "MIN_avg": 2.4444444444444446,
    "MIN_total": 22,
    "FGM_avg": 0.4444444444444444,
    "FGM_total": 4,
    "FGA_avg": 1.0,
    "FGA_total": 9,
    "FG3M_avg": 0.0,
    "FG3M_total": 0,
    "FG3A_avg": 0.1111111111111111,
    "FG3A_total": 1,
    "FTM_avg": 0.0,
    "FTM_total": 0,
    "FTA_avg": 0.0,
    "FTA_total": 0,
    "OREB_avg": 0.1111111111111111,
    "OREB_total": 1,
    "DREB_avg": 0.2222222222222222,
    "DREB_total": 2,
    "REB_avg": 0.3333333333333333,
    "REB_total": 3,
    "AST_avg": 0.2222222222222222,
    "AST_total": 2,
    "STL_avg": 0.1111111111111111,
    "STL_total": 1,
    "BLK_avg": 0.0,
    "BLK_total": 0,
    "TOV_avg": 0.2222222222222222,
    "TOV_total": 2,
    "PF_avg": 0.3333333333333333,
    "PF_total": 3,
    "PTS_avg": 0.8888888888888888,
    "PTS_total": 8,
    "PLUS_MINUS_avg": -1.0,
    "PLUS_MINUS_total": -9,
    "FG_PCT": 0.4444444444444444,
    "FG3_PCT": 0.0,
    "FT_PCT": 0.0,
    "games_played": 9
  }
}