{
  "season_stats": {
    "MIN_avg": 14.628571428571428,
    "MIN_total": 512,
    "FGM_avg": 3.4285714285714284,
    "FGM_total": 120,
    "FGA_avg": 6.914285714285715,
    "FGA_total": 242,
    "FG3M_avg": 1.0857142857142856,
    "FG3M_total": 38,
    "FG3A_avg": 2.914285714285714,
    "FG3A_total": 102,
    "FTM_avg": 1.4857142857142858,
    "FTM_total": 52,
    "FTA_avg": 1.9142857142857144,
    "FTA_total": 67,
    "OREB_avg": 0.7428571428571429,
    "OREB_total": 26,
    "DREB_avg": 2.9714285714285715,
    "DREB_total": 104,
    "REB_avg": 3.7142857142857144,
    "REB_total": 130,
    "AST_avg": 1.1142857142857143,
    "AST_total": 39,
    "STL_avg": 0.3142857142857143,
    "STL_total": 11,
    "BLK_avg": 0.6571428571428571,
    "BLK_total": 23,
    "TOV_avg": 1.2,
    "TOV_total": 42,
    "PF_avg": 1.6285714285714286,
    "PF_total": 57,
    "PTS_avg": 9.428571428571429,
    "PTS_total": 330,
    "PLUS_MINUS_avg": -3.5714285714285716,
    "PLUS_MINUS_total": -125,
    "FG_PCT": 0.49586776859504134,
    "FG3_PCT": 0.37254901960784315,
    "FT_PCT": 0.7761194029850746,
    "games_played": 35
  }
}