{
  "season_stats": {
    "MIN_avg": 16.254901960784313,
    "MIN_total": 829,
    "FGM_avg": 3.5098039215686274,
    "FGM_total": 179,
    "FGA_avg": 7.901960784313726,
    "FGA_total": 403,
    "FG3M_avg": 1.2745098039215685,
    "FG3M_total": 65,
    "FG3A_avg": 3.588235294117647,
    "FG3A_total": 183,
    "FTM_avg": 1.0588235294117647,
    "FTM_total": 54,
    "FTA_avg": 1.411764705882353,
    "FTA_total": 72,
    "OREB_avg": 0.7058823529411765,
    "OREB_total": 36,
    "DREB_avg": 2.2549019607843137,
    "DREB_total": 115,
    "REB_avg": 2.9607843137254903,
    "REB_total": 151,
    "AST_avg": 0.9607843137254902,
    "AST_total": 49,
    "STL_avg": 0.6078431372549019,
    "STL_total": 31,
    "BLK_avg": 0.2549019607843137,
    "BLK_total": 13,
    "TOV_avg": 0.9019607843137255,
    "TOV_total": 46,
    "PF_avg": 0.8627450980392157,
    "PF_total": 44,
    "PTS_avg": 9.352941176470589,
    "PTS_total": 477,
    "PLUS_MINUS_avg": -0.0196078431372549,
    "PLUS_MINUS_total": -1,
    "FG_PCT": 0.4441687344913151,
    "FG3_PCT": 0.3551912568306011,
    "FT_PCT": 0.75,
    "games_played": 51
  }
}