{
  "season_stats": {
    "MIN_avg": 15.666666666666666,
    "MIN_total": 1269,
    "FGM_avg": 2.432098765432099,
    "FGM_total": 197,
    "FGA_avg": 5.135802469135802,
    "FGA_total": 416,
    "FG3M_avg": 0.4444444444444444,
    "FG3M_total": 36,
    "FG3A_avg": 1.8641975308641976,
    "FG3A_total": 151,
    "FTM_avg": 1.1358024691358024,
    "FTM_total": 92,
    "FTA_avg": 1.5061728395061729,
    "FTA_total": 122,
    "OREB_avg": 0.49382716049382713,
    "OREB_total": 40,
    "DREB_avg": 2.197530864197531,
    "DREB_total": 178,
    "REB_avg": 2.691358024691358,
    "REB_total": 218,
    "AST_avg": 1.0123456790123457,
    "AST_total": 82,
    "STL_avg": 0.6049382716049383,
    "STL_total": 49,
    "BLK_avg": 0.20987654320987653,
    "BLK_total": 17,
    "TOV_avg": 0.8888888888888888,
    "TOV_total": 72,
    "PF_avg": 1.7407407407407407,
    "PF_total": 141,
    "PTS_avg": 6.444444444444445,
    "PTS_total": 522,
    "PLUS_MINUS_avg": -0.6790123456790124,
    "PLUS_MINUS_total": -55,
    "FG_PCT": 0.4735576923076923,
    "FG3_PCT": 0.23841059602649006,
    "FT_PCT": 0.7540983606557377,
    "games_played": 81
  }
}