{
  "season_stats": {
    "MIN_avg": 22.04054054054054,
    "MIN_total": 1631,
    "FGM_avg": 2.689189189189189,
    "FGM_total": 199,
    "FGA_avg": 6.527027027027027,
    "FGA_total": 483,
    "FG3M_avg": 1.0810810810810811,
    "FG3M_total": 80,
    "FG3A_avg": 3.22972972972973,
    "FG3A_total": 239,
    "FTM_avg": 0.7432432432432432,
    "FTM_total": 55,
    "FTA_avg": 0.8513513513513513,
    "FTA_total": 63,
    "OREB_avg": 0.9864864864864865,
    "OREB_total": 73,
    "DREB_avg": 2.324324324324324,
    "DREB_total": 172,
    "REB_avg": 3.310810810810811,
    "REB_total": 245,
    "AST_avg": 1.527027027027027,
    "AST_total": 113,
    "STL_avg": 0.44594594594594594,
    "STL_total": 33,
    "BLK_avg": 0.24324324324324326,
    "BLK_total": 18,
    "TOV_avg": 0.7567567567567568,
    "TOV_total": 56,
    "PF_avg": 1.2702702702702702,
    "PF_total": 94,
    "PTS_avg": 7.202702702702703,
    "PTS_total": 533,
    "PLUS_MINUS_avg": -1.7162162162162162,
    "PLUS_MINUS_total": -127,
    "FG_PCT": 0.41200828157349895,
    "FG3_PCT": 0.33472803347280333,
    "FT_PCT": 0.873015873015873,
    "games_played": 74
  }
}