{
  "season_stats": {
    "MIN_avg": 26.875,
    "MIN_total": 1720,
    "FGM_avg": 4.375,
    "FGM_total": 280,
    "FGA_avg": 9.828125,
    "FGA_total": 629,
    "FG3M_avg": 1.796875,
    "FG3M_total": 115,
    "FG3A_avg": 4.828125,
    "FG3A_total": 309,
    "FTM_avg": 1.125,
    "FTM_total": 72,
    "FTA_avg": 1.484375,
    "FTA_total": 95,
    "OREB_avg": 1.015625,
    "OREB_total": 65,
    "DREB_avg": 4.0625,
    "DREB_total": 260,
    "REB_avg": 5.078125,
    "REB_total": 325,
    "AST_avg": 3.4375,
    "AST_total": 220,
    "STL_avg": 1.078125,
    "STL_total": 69,
    "BLK_avg": 0.203125,
    "BLK_total": 13,
    "TOV_avg": 1.171875,
    "TOV_total": 75,
    "PF_avg": 1.484375,
    "PF_total": 95,
    "PTS_avg": 11.671875,
    "PTS_total": 747,
    "PLUS_MINUS_avg": 4.078125,
    "PLUS_MINUS_total": 261,
    "FG_PCT": 0.4451510333863275,
    "FG3_PCT": 0.37216828478964403,
    "FT_PCT": 0.7578947368421053,
    "games_played": 64
  }
}