{
  "season_stats": {
    "MIN_avg": 23.625,
    "MIN_total": 1323,
    "FGM_avg": 3.6964285714285716,
    "FGM_total": 207,
    "FGA_avg": 9.928571428571429,
    "FGA_total": 556,
    "FG3M_avg": 1.9642857142857142,
    "FG3M_total": 110,
    "FG3A_avg": 5.928571428571429,
    "FG3A_total": 332,
    "FTM_avg": 1.4285714285714286,
    "FTM_total": 80,
    "FTA_avg": 1.75,
    "FTA_total": 98,
    "OREB_avg": 0.44642857142857145,
    "OREB_total": 25,
    "DREB_avg": 2.375,
    "DREB_total": 133,
    "REB_avg": 2.8214285714285716,
    "REB_total": 158,
    "AST_avg": 1.1785714285714286,
    "AST_total": 66,
    "STL_avg": 0.5357142857142857,
    "STL_total": 30,
    "BLK_avg": 0.4107142857142857,
    "BLK_total": 23,
    "TOV_avg": 1.0357142857142858,
    "TOV_total": 58,
    "PF_avg": 0.9107142857142857,
    "PF_total": 51,
    "PTS_avg": 10.785714285714286,
    "PTS_total": 604,
    "PLUS_MINUS_avg": -5.660714285714286,
    "PLUS_MINUS_total": -317,
    "FG_PCT": 0.3723021582733813,
    "FG3_PCT": 0.3313253012048193,
    "FT_PCT": 0.8163265306122449,
    "games_played": 56
  }
}