{
  "season_stats": {
    "MIN_avg": 10.058823529411764,
    "MIN_total": 513,
    "FGM_avg": 1.411764705882353,
    "FGM_total": 72,
    "FGA_avg": 2.7450980392156863,
    "FGA_total": 140,
    "FG3M_avg": 0.4117647058823529,
    "FG3M_total": 21,
    "FG3A_avg": 0.9411764705882353,
    "FG3A_total": 48,
    "FTM_avg": 0.45098039215686275,
    "FTM_total": 23,
    "FTA_avg": 0.6274509803921569,
    "FTA_total": 32,
    "OREB_avg": 0.37254901960784315,
    "OREB_total": 19,
    "DREB_avg": 0.9411764705882353,
    "DREB_total": 48,
    "REB_avg": 1.3137254901960784,
    "REB_total": 67,
    "AST_avg": 1.392156862745098,
    "AST_total": 71,
    "STL_avg": 0.3333333333333333,
    "STL_total": 17,
    "BLK_avg": 0.29411764705882354,
    "BLK_total": 15,
    "TOV_avg": 0.7450980392156863,
    "TOV_total": 38,
    "PF_avg": 0.49019607843137253,
    "PF_total": 25,
    "PTS_avg": 3.6862745098039214,
    "PTS_total": 188,
    "PLUS_MINUS_avg": -0.8823529411764706,
    "PLUS_MINUS_total": -45,
    "FG_PCT": 0.5142857142857142,
    "FG3_PCT": 0.4375,
    "FT_PCT": 0.71875,
    "games_played": 51
  }
}