{
  "season_stats": {
    "MIN_avg": 10.368421052631579,
    "MIN_total": 394,
    "FGM_avg": 1.0789473684210527,
    "FGM_total": 41,
    "FGA_avg": 1.9473684210526316,
    "FGA_total": 74,
    "FG3M_avg": 0.0,
    "FG3M_total": 0,
    "FG3A_avg": 0.0,
    "FG3A_total": 0,
    "FTM_avg": 0.34210526315789475,
    "FTM_total": 13,
    "FTA_avg": 0.868421052631579,
    "FTA_total": 33,
    "OREB_avg": 1.1578947368421053,
    "OREB_total": 44,
    "DREB_avg": 1.605263157894737,
    "DREB_total": 61,
    "REB_avg": 2.763157894736842,
    "REB_total": 105,
    "AST_avg": 0.42105263157894735,
    "AST_total": 16,
    "STL_avg": 0.23684210526315788,
    "STL_total": 9,
    "BLK_avg": 0.39473684210526316,
    "BLK_total": 15,
    "TOV_avg": 0.631578947368421,
    "TOV_total": 24,
    "PF_avg": 1.8157894736842106,
    "PF_total": 69,
    "PTS_avg": 2.5,
    "PTS_total": 95,
    "PLUS_MINUS_avg": -0.47368421052631576,
    "PLUS_MINUS_total": -18,
    "FG_PCT": 0.5540540540540541,
    "FG3_PCT": 0.0,
    "FT_PCT": 0.3939393939393939,
    "games_played": 38
  }
}