{
  "season_stats": {
    "MIN_avg": 11.678571428571429,
    "MIN_total": 327,
    "FGM_avg": 1.6071428571428572,
    "FGM_total": 45,
    "FGA_avg": 3.857142857142857,
    "FGA_total": 108,
    "FG3M_avg": 0.6785714285714286,
    "FG3M_total": 19,
    "FG3A_avg": 1.7857142857142858,
    "FG3A_total": 50,
    "FTM_avg": 0.25,
    "FTM_total": 7,
    "FTA_avg": 0.35714285714285715,
    "FTA_total": 10,
    "OREB_avg": 0.6428571428571429,
    "OREB_total": 18,
    "DREB_avg": 1.3214285714285714,
    "DREB_total": 37,
    "REB_avg": 1.9642857142857142,
    "REB_total": 55,
    "AST_avg": 0.6785714285714286,
    "AST_total": 19,
    "STL_avg": 0.32142857142857145,
    "STL_total": 9,
    "BLK_avg": 0.25,
    "BLK_total": 7,
    "TOV_avg": 0.5,
    "TOV_total": 14,
    "PF_avg": 1.0357142857142858,
    "PF_total": 29,
    "PTS_avg": 4.142857142857143,
    "PTS_total": 116,
    "PLUS_MINUS_avg": -2.4285714285714284,
    "PLUS_MINUS_total": -68,
    "FG_PCT": 0.4166666666666667,
    "FG3_PCT": 0.38,
    "FT_PCT": 0.7,
    "games_played": 28
  }
}