{
  "season_stats": {
    "MIN_avg": 10.25925925925926,
    "MIN_total": 554,
    "FGM_avg": 0.9444444444444444,
    "FGM_total": 51,
    "FGA_avg": 2.462962962962963,
    "FGA_total": 133,
    "FG3M_avg": 0.2962962962962963,
    "FG3M_total": 16,
    "FG3A_avg": 1.1666666666666667,
    "FG3A_total": 63,
    "FTM_avg": 0.3148148148148148,
    "FTM_total": 17,
    "FTA_avg": 0.5185185185185185,
    "FTA_total": 28,
    "OREB_avg": 0.5555555555555556,
    "OREB_total": 30,
    "DREB_avg": 1.6851851851851851,
    "DREB_total": 91,
    "REB_avg": 2.240740740740741,
    "REB_total": 121,
    "AST_avg": 1.0740740740740742,
    "AST_total": 58,
    "STL_avg": 0.2962962962962963,
    "STL_total": 16,
    "BLK_avg": 0.07407407407407407,
    "BLK_total": 4,
    "TOV_avg": 0.5185185185185185,
    "TOV_total": 28,
    "PF_avg": 1.0,
    "PF_total": 54,
    "PTS_avg": 2.5,
    "PTS_total": 135,
    "PLUS_MINUS_avg": 1.3888888888888888,
    "PLUS_MINUS_total": 75,
    "FG_PCT": 0.38345864661654133,
    "FG3_PCT": 0.25396825396825395,
    "FT_PCT": 0.6071428571428571,
    "games_played": 54
  }
}