{
  "season_stats": {
    "MIN_avg": 3.4210526315789473,
    "MIN_total": 65,
    "FGM_avg": 0.7368421052631579,
    "FGM_total": 14,
    "FGA_avg": 1.263157894736842,
    "FGA_total": 24,
    "FG3M_avg": 0.10526315789473684,
    "FG3M_total": 2,
    "FG3A_avg": 0.42105263157894735,
    "FG3A_total": 8,
    "FTM_avg": 0.15789473684210525,
    "FTM_total": 3,
    "FTA_avg": 0.21052631578947367,
    "FTA_total": 4,
    "OREB_avg": 0.3157894736842105,
    "OREB_total": 6,
    "DREB_avg": 0.8421052631578947,
    "DREB_total": 16,
    "REB_avg": 1.1578947368421053,
    "REB_total": 22,
    "AST_avg": 0.21052631578947367,
    "AST_total": 4,
    "STL_avg": 0.0,
    "STL_total": 0,
    "BLK_avg": 0.21052631578947367,
    "BLK_total": 4,
    "TOV_avg": 0.10526315789473684,
    "TOV_total": 2,
    "PF_avg": 0.5789473684210527,
    "PF_total": 11,
    "PTS_avg": 1.736842105263158,
    "PTS_total": 33,
    "PLUS_MINUS_avg": -0.10526315789473684,
    "PLUS_MINUS_total": -2,
    "FG_PCT": 0.5833333333333334,
    "FG3_PCT": 0.25,
    "FT_PCT": 0.75,
    "games_played": 19
  }
}