{
  "season_stats": {
    "MIN_avg": 29.462962962962962,
    "MIN_total": 1591,
    "FGM_avg": 4.907407407407407,
    "FGM_total": 265,
    "FGA_avg": 11.981481481481481,
    "FGA_total": 647,
    "FG3M_avg": 2.111111111111111,
    "FG3M_total": 114,
    "FG3A_avg": 6.037037037037037,
    "FG3A_total": 326,
    "FTM_avg": 2.462962962962963,
    "FTM_total": 133,
    "FTA_avg": 2.8703703703703702,
    "FTA_total": 155,
    "OREB_avg": 0.8148148148148148,
    "OREB_total": 44,
    "DREB_avg": 2.759259259259259,
    "DREB_total": 149,
    "REB_avg": 3.574074074074074,
    "REB_total": 193,
    "AST_avg": 1.8148148148148149,
    "AST_total": 98,
    "STL_avg": 0.8888888888888888,
    "STL_total": 48,
    "BLK_avg": 0.18518518518518517,
    "BLK_total": 10,
    "TOV_avg": 1.537037037037037,
    "TOV_total": 83,
    "PF_avg": 2.2222222222222223,
    "PF_total": 120,
    "PTS_avg": 14.38888888888889,
    "PTS_total": 777,
    "PLUS_MINUS_avg": -3.888888888888889,
    "PLUS_MINUS_total": -210,
    "FG_PCT": 0.4095826893353941,
    "FG3_PCT": 0.3496932515337423,
    "FT_PCT": 0.8580645161290322,
    "games_played": 54
  }
}