{
  "season_stats": {
    "MIN_avg": 24.666666666666668,
    "MIN_total": 370,
    "FGM_avg": 2.8,
    "FGM_total": 42,
    "FGA_avg": 8.666666666666666,
    "FGA_total": 130,
    "FG3M_avg": 0.8,
    "FG3M_total": 12,
    "FG3A_avg": 3.7333333333333334,
    "FG3A_total": 56,
    "FTM_avg": 0.8666666666666667,
    "FTM_total": 13,
    "FTA_avg": 1.0,
    "FTA_total": 15,
    "OREB_avg": 0.9333333333333333,
    "OREB_total": 14,
    "DREB_avg": 2.4,
    "DREB_total": 36,
    "REB_avg": 3.3333333333333335,
    "REB_total": 50,
    "AST_avg": 3.7333333333333334,
    "AST_total": 56,
    "STL_avg": 1.0,
    "STL_total": 15,
    "BLK_avg": 0.13333333333333333,
    "BLK_total": 2,
    "TOV_avg": 2.066666666666667,
    "TOV_total": 31,
    "PF_avg": 1.4666666666666666,
    "PF_total": 22,
    "PTS_avg": 7.266666666666667,
    "PTS_total": 109,
    "PLUS_MINUS_avg": -11.266666666666667,
    "PLUS_MINUS_total": -169,
    "FG_PCT": 0.3230769230769231,
    "FG3_PCT": 0.21428571428571427,
    "FT_PCT": 0.8666666666666667,
    "games_played": 15
  }
}