{
  "season_stats": {
    "MIN_avg": 31.432835820895523,
    "MIN_total": 2106,
    "FGM_avg": 5.358208955223881,
    "FGM_total": 359,
    "FGA_avg": 13.716417910447761,
    "FGA_total": 919,
    "FG3M_avg": 2.5970149253731343,
    "FG3M_total": 174,
    "FG3A_avg": 7.567164179104478,
    "FG3A_total": 507,
    "FTM_avg": 3.4776119402985075,
    "FTM_total": 233,
    "FTA_avg": 4.253731343283582,
    "FTA_total": 285,
    "OREB_avg": 0.3880597014925373,
    "OREB_total": 26,
    "DREB_avg": 3.388059701492537,
    "DREB_total": 227,
    "REB_avg": 3.7761194029850746,
    "REB_total": 253,
    "AST_avg": 5.626865671641791,
    "AST_total": 377,
    "STL_avg": 0.6865671641791045,
    "STL_total": 46,
    "BLK_avg": 0.13432835820895522,
    "BLK_total": 9,
    "TOV_avg": 2.7313432835820897,
    "TOV_total": 183,
    "PF_avg": 1.6567164179104477,
    "PF_total": 111,
    "PTS_avg": 16.791044776119403,
    "PTS_total": 1125,
    "PLUS_MINUS_avg": -7.641791044776119,
    "PLUS_MINUS_total": -512,
    "FG_PCT": 0.3906420021762786,
    "FG3_PCT": 0.3431952662721893,
    "FT_PCT": 0.8175438596491228,
    "games_played": 67
  }
}