{
  "season_stats": {
    "MIN_avg": 22.8,
    "MIN_total": 1368,
    "FGM_avg": 3.7,
    "FGM_total": 222,
    "FGA_avg": 9.466666666666667,
    "FGA_total": 568,
    "FG3M_avg": 1.7333333333333334,
    "FG3M_total": 104,
    "FG3A_avg": 5.1,
    "FG3A_total": 306,
    "FTM_avg": 0.7166666666666667,
    "FTM_total": 43,
    "FTA_avg": 0.7666666666666667,
    "FTA_total": 46,
    "OREB_avg": 0.21666666666666667,
    "OREB_total": 13,
    "DREB_avg": 1.9166666666666667,
    "DREB_total": 115,
    "REB_avg": 2.1333333333333333,
    "REB_total": 128,
    "AST_avg": 2.4166666666666665,
    "AST_total": 145,
    "STL_avg": 0.2833333333333333,
    "STL_total": 17,
    "BLK_avg": 0.1,
    "BLK_total": 6,
    "TOV_avg": 1.3666666666666667,
    "TOV_total": 82,
    "PF_avg": 1.3166666666666667,
    "PF_total": 79,
    "PTS_avg": 9.85,
    "PTS_total": 591,
    "PLUS_MINUS_avg": -6.633333333333334,
    "PLUS_MINUS_total": -398,
    "FG_PCT": 0.3908450704225352,
    "FG3_PCT": 0.33986928104575165,
    "FT_PCT": 0.9347826086956522,
    "games_played": 60
  }
}