{
  "season_stats": {
    "MIN_avg": 21.5,
    "MIN_total": 1419,
    "FGM_avg": 3.803030303030303,
    "FGM_total": 251,
    "FGA_avg": 6.5606060606060606,
    "FGA_total": 433,
    "FG3M_avg": 0.2727272727272727,
    "FG3M_total": 18,
    "FG3A_avg": 0.7878787878787878,
    "FG3A_total": 52,
    "FTM_avg": 1.3636363636363635,
    "FTM_total": 90,
    "FTA_avg": 1.9242424242424243,
    "FTA_total": 127,
    "OREB_avg": 3.515151515151515,
    "OREB_total": 232,
    "DREB_avg": 4.787878787878788,
    "DREB_total": 316,
    "REB_avg": 8.303030303030303,
    "REB_total": 548,
    "AST_avg": 0.9848484848484849,
    "AST_total": 65,
    "STL_avg": 0.5454545454545454,
    "STL_total": 36,
    "BLK_avg": 1.2878787878787878,
    "BLK_total": 85,
    "TOV_avg": 1.3333333333333333,
    "TOV_total": 88,
    "PF_avg": 2.757575757575758,
    "PF_total": 182,
    "PTS_avg": 9.242424242424242,
    "PTS_total": 610,
    "PLUS_MINUS_avg": 2.484848484848485,
    "PLUS_MINUS_total": 164,
    "FG_PCT": 0.5796766743648961,
    "FG3_PCT": 0.34615384615384615,
    "FT_PCT": 0.7086614173228346,
    "games_played": 66
  }
}