{
  "season_stats": {
    "MIN_avg": 22.717391304347824,
    "MIN_total": 1045,
    "FGM_avg": 2.891304347826087,
    "FGM_total": 133,
    "FGA_avg": 8.08695652173913,
    "FGA_total": 372,
    "FG3M_avg": 1.891304347826087,
    "FG3M_total": 87,
    "FG3A_avg": 5.673913043478261,
    "FG3A_total": 261,
    "FTM_avg": 1.4565217391304348,
    "FTM_total": 67,
    "FTA_avg": 1.7391304347826086,
    "FTA_total": 80,
    "OREB_avg": 0.9347826086956522,
    "OREB_total": 43,
    "DREB_avg": 3.0,
    "DREB_total": 138,
    "REB_avg": 3.9347826086956523,
    "REB_total": 181,
    "AST_avg": 0.8695652173913043,
    "AST_total": 40,
    "STL_avg": 0.5217391304347826,
    "STL_total": 24,
    "BLK_avg": 0.45652173913043476,
    "BLK_total": 21,
    "TOV_avg": 1.0,
    "TOV_total": 46,
    "PF_avg": 2.282608695652174,
    "PF_total": 105,
    "PTS_avg": 9.130434782608695,
    "PTS_total": 420,
    "PLUS_MINUS_avg": -5.673913043478261,
    "PLUS_MINUS_total": -261,
    "FG_PCT": 0.3575268817204301,
    "FG3_PCT": 0.3333333333333333,
    "FT_PCT": 0.8375,
    "games_played": 46
  }
}