{
  "season_stats": {
    "MIN_avg": 33.17391304347826,
    "MIN_total": 1526,
    "FGM_avg": 8.869565217391305,
    "FGM_total": 408,
    "FGA_avg": 18.630434782608695,
    "FGA_total": 857,
    "FG3M_avg": 3.0869565217391304,
    "FG3M_total": 142,
    "FG3A_avg": 8.76086956521739,
    "FG3A_total": 403,
    "FTM_avg": 3.4347826086956523,
    "FTM_total": 158,
    "FTA_avg": 4.108695652173913,
    "FTA_total": 189,
    "OREB_avg": 1.7826086956521738,
    "OREB_total": 82,
    "DREB_avg": 9.217391304347826,
    "DREB_total": 424,
    "REB_avg": 11.0,
    "REB_total": 506,
    "AST_avg": 3.652173913043478,
    "AST_total": 168,
    "STL_avg": 1.1304347826086956,
    "STL_total": 52,
    "BLK_avg": 3.8260869565217392,
    "BLK_total": 176,
    "TOV_avg": 3.239130434782609,
    "TOV_total": 149,
    "PF_avg": 2.282608695652174,
    "PF_total": 105,
    "PTS_avg": 24.26086956521739,
    "PTS_total": 1116,
    "PLUS_MINUS_avg": 2.217391304347826,
    "PLUS_MINUS_total": 102,
    "FG_PCT": 0.47607934655775963,
    "FG3_PCT": 0.3523573200992556,
    "FT_PCT": 0.8359788359788359,
    "games_played": 46
  }
}