{
  "season_stats": {
    "MIN_avg": 23.75,
    "MIN_total": 665,
    "FGM_avg": 3.357142857142857,
    "FGM_total": 94,
    "FGA_avg": 7.857142857142857,
    "FGA_total": 220,
    "FG3M_avg": 0.8571428571428571,
    "FG3M_total": 24,
    "FG3A_avg": 2.75,
    "FG3A_total": 77,
    "FTM_avg": 1.9642857142857142,
    "FTM_total": 55,
    "FTA_avg": 2.607142857142857,
    "FTA_total": 73,
    "OREB_avg": 1.1428571428571428,
    "OREB_total": 32,
    "DREB_avg": 3.142857142857143,
    "DREB_total": 88,
    "REB_avg": 4.285714285714286,
    "REB_total": 120,
    "AST_avg": 1.9642857142857142,
    "AST_total": 55,
    "STL_avg": 0.8571428571428571,
    "STL_total": 24,
    "BLK_avg": 0.35714285714285715,
    "BLK_total": 10,
    "TOV_avg": 1.3928571428571428,
    "TOV_total": 39,
    "PF_avg": 1.9642857142857142,
    "PF_total": 55,
    "PTS_avg": 9.535714285714286,
    "PTS_total": 267,
    "PLUS_MINUS_avg": -2.357142857142857,
    "PLUS_MINUS_total": -66,
    "FG_PCT": 0.42727272727272725,
    "FG3_PCT": 0.3116883116883117,
    "FT_PCT": 0.7534246575342466,
    "games_played": 28
  }
}