{
  "season_stats": {
    "MIN_avg": 14.582089552238806,
    "MIN_total": 977,
    "FGM_avg": 1.4029850746268657,
    "FGM_total": 94,
    "FGA_avg": 2.9402985074626864,
    "FGA_total": 197,
    "FG3M_avg": 0.44776119402985076,
    "FG3M_total": 30,
    "FG3A_avg": 1.1343283582089552,
    "FG3A_total": 76,
    "FTM_avg": 0.1791044776119403,
    "FTM_total": 12,
    "FTA_avg": 0.3582089552238806,
    "FTA_total": 24,
    "OREB_avg": 0.9701492537313433,
    "OREB_total": 65,
    "DREB_avg": 1.7462686567164178,
    "DREB_total": 117,
    "REB_avg": 2.716417910447761,
    "REB_total": 182,
    "AST_avg": 1.2388059701492538,
    "AST_total": 83,
    "STL_avg": 0.5074626865671642,
    "STL_total": 34,
    "BLK_avg": 0.208955223880597,
    "BLK_total": 14,
    "TOV_avg": 0.8656716417910447,
    "TOV_total": 58,
    "PF_avg": 1.7014925373134329,
    "PF_total": 114,
    "PTS_avg": 3.4328358208955225,
    "PTS_total": 230,
    "PLUS_MINUS_avg": -0.4925373134328358,
    "PLUS_MINUS_total": -33,
    "FG_PCT": 0.47715736040609136,
    "FG3_PCT": 0.39473684210526316,
    "FT_PCT": 0.5,
    "games_played": 67
  }
}