{
  "season_stats": {
    "MIN_avg": 13.13888888888889,
    "MIN_total": 473,
    "FGM_avg": 0.9722222222222222,
    "FGM_total": 35,
    "FGA_avg": 2.9722222222222223,
    "FGA_total": 107,
    "FG3M_avg": 0.19444444444444445,
    "FG3M_total": 7,
    "FG3A_avg": 1.1111111111111112,
    "FG3A_total": 40,
    "FTM_avg": 0.4444444444444444,
    "FTM_total": 16,
    "FTA_avg": 0.5833333333333334,
    "FTA_total": 21,
    "OREB_avg": 0.3611111111111111,
    "OREB_total": 13,
    "DREB_avg": 0.7222222222222222,
    "DREB_total": 26,
    "REB_avg": 1.0833333333333333,
    "REB_total": 39,
    "AST_avg": 1.75,
    "AST_total": 63,
    "STL_avg": 0.9166666666666666,
    "STL_total": 33,
    "BLK_avg": 0.05555555555555555,
    "BLK_total": 2,
    "TOV_avg": 0.5833333333333334,
    "TOV_total": 21,
    "PF_avg": 1.0,
    "PF_total": 36,
    "PTS_avg": 2.5833333333333335,
    "PTS_total": 93,
    "PLUS_MINUS_avg": -3.25,
    "PLUS_MINUS_total": -117,
    "FG_PCT": 0.32710280373831774,
    "FG3_PCT": 0.175,
    "FT_PCT": 0.7619047619047619,
    "games_played": 36
  }
}