{
  "season_stats": {
    "MIN_avg": 14.240506329113924,
    "MIN_total": 1125,
    "FGM_avg": 1.620253164556962,
    "FGM_total": 128,
    "FGA_avg": 3.632911392405063,
    "FGA_total": 287,
    "FG3M_avg": 0.6329113924050633,
    "FG3M_total": 50,
    "FG3A_avg": 1.9367088607594938,
    "FG3A_total": 153,
    "FTM_avg": 0.759493670886076,
    "FTM_total": 60,
    "FTA_avg": 0.9620253164556962,
    "FTA_total": 76,
    "OREB_avg": 0.8481012658227848,
    "OREB_total": 67,
    "DREB_avg": 1.2911392405063291,
    "DREB_total": 102,
    "REB_avg": 2.1392405063291138,
    "REB_total": 169,
    "AST_avg": 0.4936708860759494,
    "AST_total": 39,
    "STL_avg": 0.4810126582278481,
    "STL_total": 38,
    "BLK_avg": 0.25316455696202533,
    "BLK_total": 20,
    "TOV_avg": 0.34177215189873417,
    "TOV_total": 27,
    "PF_avg": 1.3670886075949367,
    "PF_total": 108,
    "PTS_avg": 4.632911392405063,
    "PTS_total": 366,
    "PLUS_MINUS_avg": 0.379746835443038,
    "PLUS_MINUS_total": 30,
    "FG_PCT": 0.445993031358885,
    "FG3_PCT": 0.32679738562091504,
    "FT_PCT": 0.7894736842105263,
    "games_played": 79
  }
}