{
  "season_stats": {
    "MIN_avg": 15.827586206896552,
    "MIN_total": 459,
    "FGM_avg": 2.5517241379310347,
    "FGM_total": 74,
    "FGA_avg": 6.862068965517241,
    "FGA_total": 199,
    "FG3M_avg": 1.103448275862069,
    "FG3M_total": 32,
    "FG3A_avg": 3.2758620689655173,
    "FG3A_total": 95,
    "FTM_avg": 1.0,
    "FTM_total": 29,
    "FTA_avg": 1.3793103448275863,
    "FTA_total": 40,
    "OREB_avg": 0.9310344827586207,
    "OREB_total": 27,
    "DREB_avg": 2.2413793103448274,
    "DREB_total": 65,
    "REB_avg": 3.1724137931034484,
    "REB_total": 92,
    "AST_avg": 1.0,
    "AST_total": 29,
    "STL_avg": 0.41379310344827586,
    "STL_total": 12,
    "BLK_avg": 0.1724137931034483,
    "BLK_total": 5,
    "TOV_avg": 1.0689655172413792,
    "TOV_total": 31,
    "PF_avg": 1.0344827586206897,
    "PF_total": 30,
    "PTS_avg": 7.206896551724138,
    "PTS_total": 209,
    "PLUS_MINUS_avg": -2.3448275862068964,
    "PLUS_MINUS_total": -68,
    "FG_PCT": 0.37185929648241206,
    "FG3_PCT": 0.3368421052631579,
    "FT_PCT": 0.725,
    "games_played": 29
  }
}