{
  "season_stats": {
    "MIN_avg": 33.016949152542374,
    "MIN_total": 1948,
    "FGM_avg": 4.4576271186440675,
    "FGM_total": 263,
    "FGA_avg": 10.576271186440678,
    "FGA_total": 624,
    "FG3M_avg": 1.0677966101694916,
    "FG3M_total": 63,
    "FG3A_avg": 3.7966101694915255,
    "FG3A_total": 224,
    "FTM_avg": 2.3389830508474576,
    "FTM_total": 138,
    "FTA_avg": 3.135593220338983,
    "FTA_total": 185,
    "OREB_avg": 1.5423728813559323,
    "OREB_total": 91,
    "DREB_avg": 3.440677966101695,
    "DREB_total": 203,
    "REB_avg": 4.983050847457627,
    "REB_total": 294,
    "AST_avg": 3.3728813559322033,
    "AST_total": 199,
    "STL_avg": 1.3220338983050848,
    "STL_total": 78,
    "BLK_avg": 0.6949152542372882,
    "BLK_total": 41,
    "TOV_avg": 2.1186440677966103,
    "TOV_total": 125,
    "PF_avg": 2.3559322033898304,
    "PF_total": 139,
    "PTS_avg": 12.322033898305085,
    "PTS_total": 727,
    "PLUS_MINUS_avg": -9.94915254237288,
    "PLUS_MINUS_total": -587,
    "FG_PCT": 0.421474358974359,
    "FG3_PCT": 0.28125,
    "FT_PCT": 0.745945945945946,
    "games_played": 59
  }
}