{
  "season_stats": {
    "MIN_avg": 23.055555555555557,
    "MIN_total": 830,
    "FGM_avg": 3.7222222222222223,
    "FGM_total": 134,
    "FGA_avg": 5.305555555555555,
    "FGA_total": 191,
    "FG3M_avg": 0.0,
    "FG3M_total": 0,
    "FG3A_avg": 0.0,
    "FG3A_total": 0,
    "FTM_avg": 1.2777777777777777,
    "FTM_total": 46,
    "FTA_avg": 2.0277777777777777,
    "FTA_total": 73,
    "OREB_avg": 2.888888888888889,
    "OREB_total": 104,
    "DREB_avg": 4.611111111111111,
    "DREB_total": 166,
    "REB_avg": 7.5,
    "REB_total": 270,
    "AST_avg": 2.361111111111111,
    "AST_total": 85,
    "STL_avg": 0.5555555555555556,
    "STL_total": 20,
    "BLK_avg": 1.5555555555555556,
    "BLK_total": 56,
    "TOV_avg": 1.1388888888888888,
    "TOV_total": 41,
    "PF_avg": 2.7777777777777777,
    "PF_total": 100,
    "PTS_avg": 8.722222222222221,
    "PTS_total": 314,
    "PLUS_MINUS_avg": 3.361111111111111,
    "PLUS_MINUS_total": 121,
    "FG_PCT": 0.7015706806282722,
    "FG3_PCT": 0.0,
    "FT_PCT": 0.6301369863013698,
    "games_played": 36
  }
}