{
  "season_stats": {
    "MIN_avg": 11.297297297297296,
    "MIN_total": 418,
    "FGM_avg": 1.5675675675675675,
    "FGM_total": 58,
    "FGA_avg": 3.6216216216216215,
    "FGA_total": 134,
    "FG3M_avg": 0.21621621621621623,
    "FG3M_total": 8,
    "FG3A_avg": 1.027027027027027,
    "FG3A_total": 38,
    "FTM_avg": 0.7567567567567568,
    "FTM_total": 28,
    "FTA_avg": 0.9459459459459459,
    "FTA_total": 35,
    "OREB_avg": 0.6216216216216216,
    "OREB_total": 23,
    "DREB_avg": 0.9459459459459459,
    "DREB_total": 35,
    "REB_avg": 1.5675675675675675,
    "REB_total": 58,
    "AST_avg": 0.918918918918919,
    "AST_total": 34,
    "STL_avg": 0.4594594594594595,
    "STL_total": 17,
    "BLK_avg": 0.13513513513513514,
    "BLK_total": 5,
    "TOV_avg": 0.7027027027027027,
    "TOV_total": 26,
    "PF_avg": 0.7027027027027027,
    "PF_total": 26,
    "PTS_avg": 4.108108108108108,
    "PTS_total": 152,
    "PLUS_MINUS_avg": -1.7027027027027026,
    "PLUS_MINUS_total": -63,
    "FG_PCT": 0.43283582089552236,
    "FG3_PCT": 0.21052631578947367,
    "FT_PCT": 0.8,
    "games_played": 37
  }
}