{
  "season_stats": {
    "MIN_avg": 20.933333333333334,
    "MIN_total": 314,
    "FGM_avg": 2.466666666666667,
    "FGM_total": 37,
    "FGA_avg": 6.533333333333333,
    "FGA_total": 98,
    "FG3M_avg": 0.9333333333333333,
    "FG3M_total": 14,
    "FG3A_avg": 3.066666666666667,
    "FG3A_total": 46,
    "FTM_avg": 1.2,
    "FTM_total": 18,
    "FTA_avg": 1.4,
    "FTA_total": 21,
    "OREB_avg": 0.2,
    "OREB_total": 3,
    "DREB_avg": 1.6,
    "DREB_total": 24,
    "REB_avg": 1.8,
    "REB_total": 27,
    "AST_avg": 2.466666666666667,
    "AST_total": 37,
    "STL_avg": 0.3333333333333333,
    "STL_total": 5,
    "BLK_avg": 0.4666666666666667,
    "BLK_total": 7,
    "TOV_avg": 1.2,
    "TOV_total": 18,
    "PF_avg": 1.6666666666666667,
    "PF_total": 25,
    "PTS_avg": 7.066666666666666,
    "PTS_total": 106,
    "PLUS_MINUS_avg": -6.4,
    "PLUS_MINUS_total": -96,
    "FG_PCT": 0.37755102040816324,
    "FG3_PCT": 0.30434782608695654,
    "FT_PCT": 0.8571428571428571,
    "games_played": 15
  }
}