{
  "season_stats": {
    "MIN_avg": 17.19178082191781,
    "MIN_total": 1255,
    "FGM_avg": 2.4246575342465753,
    "FGM_total": 177,
    "FGA_avg": 6.342465753424658,
    "FGA_total": 463,
    "FG3M_avg": 0.7534246575342466,
    "FG3M_total": 55,
    "FG3A_avg": 2.9178082191780823,
    "FG3A_total": 213,
    "FTM_avg": 1.6849315068493151,
    "FTM_total": 123,
    "FTA_avg": 2.095890410958904,
    "FTA_total": 153,
    "OREB_avg": 0.6986301369863014,
    "OREB_total": 51,
    "DREB_avg": 2.232876712328767,
    "DREB_total": 163,
    "REB_avg": 2.9315068493150687,
    "REB_total": 214,
    "AST_avg": 1.3287671232876712,
    "AST_total": 97,
    "STL_avg": 0.4383561643835616,
    "STL_total": 32,
    "BLK_avg": 0.1780821917808219,
    "BLK_total": 13,
    "TOV_avg": 0.7123287671232876,
    "TOV_total": 52,
    "PF_avg": 0.9178082191780822,
    "PF_total": 67,
    "PTS_avg": 7.287671232876712,
    "PTS_total": 532,
    "PLUS_MINUS_avg": -2.1780821917808217,
    "PLUS_MINUS_total": -159,
    "FG_PCT": 0.38228941684665224,
    "FG3_PCT": 0.25821596244131456,
    "FT_PCT": 0.803921568627451,
    "games_played": 73
  }
}