{
  "season_stats": {
    "MIN_avg": 27.602941176470587,
    "MIN_total": 1877,
    "FGM_avg": 3.411764705882353,
    "FGM_total": 232,
    "FGA_avg": 7.1911764705882355,
    "FGA_total": 489,
    "FG3M_avg": 1.088235294117647,
    "FG3M_total": 74,
    "FG3A_avg": 3.0588235294117645,
    "FG3A_total": 208,
    "FTM_avg": 0.4411764705882353,
    "FTM_total": 30,
    "FTA_avg": 0.5441176470588235,
    "FTA_total": 37,
    "OREB_avg": 1.0441176470588236,
    "OREB_total": 71,
    "DREB_avg": 2.323529411764706,
    "DREB_total": 158,
    "REB_avg": 3.3676470588235294,
    "REB_total": 229,
    "AST_avg": 2.5441176470588234,
    "AST_total": 173,
    "STL_avg": 1.7647058823529411,
    "STL_total": 120,
    "BLK_avg": 0.5147058823529411,
    "BLK_total": 35,
    "TOV_avg": 0.8676470588235294,
    "TOV_total": 59,
    "PF_avg": 2.1323529411764706,
    "PF_total": 145,
    "PTS_avg": 8.352941176470589,
    "PTS_total": 568,
    "PLUS_MINUS_avg": 5.426470588235294,
    "PLUS_MINUS_total": 369,
    "FG_PCT": 0.47443762781186094,
    "FG3_PCT": 0.3557692307692308,
    "FT_PCT": 0.8108108108108109,
    "games_played": 68
  }
}