{
  "season_stats": {
    "MIN_avg": 20.211267605633804,
    "MIN_total": 1435,
    "FGM_avg": 3.8732394366197185,
    "FGM_total": 275,
    "FGA_avg": 8.43661971830986,
    "FGA_total": 599,
    "FG3M_avg": 2.211267605633803,
    "FG3M_total": 157,
    "FG3A_avg": 5.23943661971831,
    "FG3A_total": 372,
    "FTM_avg": 0.9154929577464789,
    "FTM_total": 65,
    "FTA_avg": 1.028169014084507,
    "FTA_total": 73,
    "OREB_avg": 0.5915492957746479,
    "OREB_total": 42,
    "DREB_avg": 2.3661971830985915,
    "DREB_total": 168,
    "REB_avg": 2.9577464788732395,
    "REB_total": 210,
    "AST_avg": 1.5492957746478873,
    "AST_total": 110,
    "STL_avg": 0.647887323943662,
    "STL_total": 46,
    "BLK_avg": 0.11267605633802817,
    "BLK_total": 8,
    "TOV_avg": 1.5070422535211268,
    "TOV_total": 107,
    "PF_avg": 1.5633802816901408,
    "PF_total": 111,
    "PTS_avg": 10.873239436619718,
    "PTS_total": 772,
    "PLUS_MINUS_avg": -4.014084507042254,
    "PLUS_MINUS_total": -285,
    "FG_PCT": 0.4590984974958264,
    "FG3_PCT": 0.4220430107526882,
    "FT_PCT": 0.8904109589041096,
    "games_played": 71
  }
}