{
  "season_stats": {
    "MIN_avg": 14.218181818181819,
    "MIN_total": 782,
    "FGM_avg": 1.6181818181818182,
    "FGM_total": 89,
    "FGA_avg": 3.690909090909091,
    "FGA_total": 203,
    "FG3M_avg": 0.5818181818181818,
    "FG3M_total": 32,
    "FG3A_avg": 1.7272727272727273,
    "FG3A_total": 95,
    "FTM_avg": 0.7454545454545455,
    "FTM_total": 41,
    "FTA_avg": 1.1090909090909091,
    "FTA_total": 61,
    "OREB_avg": 0.509090909090909,
    "OREB_total": 28,
    "DREB_avg": 1.1636363636363636,
    "DREB_total": 64,
    "REB_avg": 1.6727272727272726,
    "REB_total": 92,
    "AST_avg": 1.1818181818181819,
    "AST_total": 65,
    "STL_avg": 0.5818181818181818,
    "STL_total": 32,
    "BLK_avg": 0.12727272727272726,
    "BLK_total": 7,
    "TOV_avg": 0.43636363636363634,
    "TOV_total": 24,
    "PF_avg": 1.6545454545454545,
    "PF_total": 91,
    "PTS_avg": 4.5636363636363635,
    "PTS_total": 251,
    "PLUS_MINUS_avg": 0.18181818181818182,
    "PLUS_MINUS_total": 10,
    "FG_PCT": 0.43842364532019706,
    "FG3_PCT": 0.3368421052631579,
    "FT_PCT": 0.6721311475409836,
    "games_played": 55
  }
}