{
  "season_stats": {
    "MIN_avg": 17.081967213114755,
    "MIN_total": 1042,
    "FGM_avg": 1.8524590163934427,
    "FGM_total": 113,
    "FGA_avg": 3.0655737704918034,
    "FGA_total": 187,
    "FG3M_avg": 0.0,
    "FG3M_total": 0,
    "FG3A_avg": 0.03278688524590164,
    "FG3A_total": 2,
    "FTM_avg": 0.47540983606557374,
    "FTM_total": 29,
    "FTA_avg": 0.819672131147541,
    "FTA_total": 50,
    "OREB_avg": 1.0819672131147542,
    "OREB_total": 66,
    "DREB_avg": 2.557377049180328,
    "DREB_total": 156,
    "REB_avg": 3.639344262295082,
    "REB_total": 222,
    "AST_avg": 1.1639344262295082,
    "AST_total": 71,
    "STL_avg": 0.45901639344262296,
    "STL_total": 28,
    "BLK_avg": 0.47540983606557374,
    "BLK_total": 29,
    "TOV_avg": 0.639344262295082,
    "TOV_total": 39,
    "PF_avg": 1.6721311475409837,
    "PF_total": 102,
    "PTS_avg": 4.180327868852459,
    "PTS_total": 255,
    "PLUS_MINUS_avg": -0.3442622950819672,
    "PLUS_MINUS_total": -21,
    "FG_PCT": 0.6042780748663101,
    "FG3_PCT": 0.0,
    "FT_PCT": 0.58,
    "games_played": 61
  }
}