{
  "season_stats": {
    "MIN_avg": 5.9523809523809526,
    "MIN_total": 125,
    "FGM_avg": 0.5714285714285714,
    "FGM_total": 12,
    "FGA_avg": 1.4285714285714286,
    "FGA_total": 30,
    "FG3M_avg": 0.47619047619047616,
    "FG3M_total": 10,
    "FG3A_avg": 1.0,
    "FG3A_total": 21,
    "FTM_avg": 0.09523809523809523,
    "FTM_total": 2,
    "FTA_avg": 0.09523809523809523,
    "FTA_total": 2,
    "OREB_avg": 0.42857142857142855,
    "OREB_total": 9,
    "DREB_avg": 0.8095238095238095,
    "DREB_total": 17,
    "REB_avg": 1.2380952380952381,
    "REB_total": 26,
    "AST_avg": 0.23809523809523808,
    "AST_total": 5,
    "STL_avg": 0.23809523809523808,
    "STL_total": 5,
    "BLK_avg": 0.0,
    "BLK_total": 0,
    "TOV_avg": 0.19047619047619047,
    "TOV_total": 4,
    "PF_avg": 0.5714285714285714,
    "PF_total": 12,
    "PTS_avg": 1.7142857142857142,
    "PTS_total": 36,
    "PLUS_MINUS_avg": -1.0476190476190477,
    "PLUS_MINUS_total": -22,
    "FG_PCT": 0.4,
    "FG3_PCT": 0.47619047619047616,
    "FT_PCT": 1.0,
    "games_played": 21
  }
}