{
  "season_stats": {
    "MIN_avg": 21.083333333333332,
    "MIN_total": 1518,
    "FGM_avg": 3.611111111111111,
    "FGM_total": 260,
    "FGA_avg": 7.194444444444445,
    "FGA_total": 518,
    "FG3M_avg": 1.0694444444444444,
    "FG3M_total": 77,
    "FG3A_avg": 3.0555555555555554,
    "FG3A_total": 220,
    "FTM_avg": 1.2916666666666667,
    "FTM_total": 93,
    "FTA_avg": 1.9861111111111112,
    "FTA_total": 143,
    "OREB_avg": 1.5555555555555556,
    "OREB_total": 112,
    "DREB_avg": 4.555555555555555,
    "DREB_total": 328,
    "REB_avg": 6.111111111111111,
    "REB_total": 440,
    "AST_avg": 1.9444444444444444,
    "AST_total": 140,
    "STL_avg": 0.6666666666666666,
    "STL_total": 48,
    "BLK_avg": 0.3055555555555556,
    "BLK_total": 22,
    "TOV_avg": 1.4166666666666667,
    "TOV_total": 102,
    "PF_avg": 2.375,
    "PF_total": 171,
    "PTS_avg": 9.583333333333334,
    "PTS_total": 690,
    "PLUS_MINUS_avg": -5.083333333333333,
    "PLUS_MINUS_total": -366,
    "FG_PCT": 0.5019305019305019,
    "FG3_PCT": 0.35,
    "FT_PCT": 0.6503496503496503,
    "games_played": 72
  }
}