{
  "season_stats": {
    "MIN_avg": 27.104477611940297,
    "MIN_total": 1816,
    "FGM_avg": 4.865671641791045,
    "FGM_total": 326,
    "FGA_avg": 12.35820895522388,
    "FGA_total": 828,
    "FG3M_avg": 1.5671641791044777,
    "FG3M_total": 105,
    "FG3A_avg": 5.08955223880597,
    "FG3A_total": 341,
    "FTM_avg": 1.671641791044776,
    "FTM_total": 112,
    "FTA_avg": 2.462686567164179,
    "FTA_total": 165,
    "OREB_avg": 1.8507462686567164,
    "OREB_total": 124,
    "DREB_avg": 4.641791044776119,
    "DREB_total": 311,
    "REB_avg": 6.492537313432836,
    "REB_total": 435,
    "AST_avg": 2.4029850746268657,
    "AST_total": 161,
    "STL_avg": 0.6567164179104478,
    "STL_total": 44,
    "BLK_avg": 1.507462686567164,
    "BLK_total": 101,
    "TOV_avg": 1.7014925373134329,
    "TOV_total": 114,
    "PF_avg": 2.1791044776119404,
    "PF_total": 146,
    "PTS_avg": 12.970149253731343,
    "PTS_total": 869,
    "PLUS_MINUS_avg": -8.149253731343284,
    "PLUS_MINUS_total": -546,
    "FG_PCT": 0.39371980676328505,
    "FG3_PCT": 0.30791788856304986,
    "FT_PCT": 0.6787878787878788,
    "games_played": 67
  }
}