{
  "season_stats": {
    "MIN_avg": 3.066666666666667,
    "MIN_total": 46,
    "FGM_avg": 0.3333333333333333,
    "FGM_total": 5,
    "FGA_avg": 0.7333333333333333,
    "FGA_total": 11,
    "FG3M_avg": 0.06666666666666667,
    "FG3M_total": 1,
    "FG3A_avg": 0.3333333333333333,
    "FG3A_total": 5,
    "FTM_avg": 0.13333333333333333,
    "FTM_total": 2,
    "FTA_avg": 0.26666666666666666,
    "FTA_total": 4,
    "OREB_avg": 0.06666666666666667,
    "OREB_total": 1,
    "DREB_avg": 0.4666666666666667,
    "DREB_total": 7,
    "REB_avg": 0.5333333333333333,
    "REB_total": 8,
    "AST_avg": 0.06666666666666667,
    "AST_total": 1,
    "STL_avg": 0.06666666666666667,
    "STL_total": 1,
    "BLK_avg": 0.13333333333333333,
    "BLK_total": 2,
    "TOV_avg": 0.06666666666666667,
    "TOV_total": 1,
    "PF_avg": 0.13333333333333333,
    "PF_total": 2,
    "PTS_avg": 0.8666666666666667,
    "PTS_total": 13,
    "PLUS_MINUS_avg": 1.5333333333333334,
    "PLUS_MINUS_total": 23,
    "FG_PCT": 0.45454545454545453,
    "FG3_PCT": 0.2,
    "FT_PCT": 0.5,
    "games_played": 15
  }
}