{
  "season_stats": {
    "MIN_avg": 20.428571428571427,
    "MIN_total": 1287,
    "FGM_avg": 2.4761904761904763,
    "FGM_total": 156,
    "FGA_avg": 5.650793650793651,
    "FGA_total": 356,
    "FG3M_avg": 0.2698412698412698,
    "FG3M_total": 17,
    "FG3A_avg": 1.1111111111111112,
    "FG3A_total": 70,
    "FTM_avg": 0.9523809523809523,
    "FTM_total": 60,
    "FTA_avg": 1.3015873015873016,
    "FTA_total": 82,
    "OREB_avg": 1.7301587301587302,
    "OREB_total": 109,
    "DREB_avg": 3.2063492063492065,
    "DREB_total": 202,
    "REB_avg": 4.936507936507937,
    "REB_total": 311,
    "AST_avg": 2.3174603174603177,
    "AST_total": 146,
    "STL_avg": 0.873015873015873,
    "STL_total": 55,
    "BLK_avg": 0.5396825396825397,
    "BLK_total": 34,
    "TOV_avg": 1.1111111111111112,
    "TOV_total": 70,
    "PF_avg": 2.1587301587301586,
    "PF_total": 136,
    "PTS_avg": 6.174603174603175,
    "PTS_total": 389,
    "PLUS_MINUS_avg": -3.8253968253968256,
    "PLUS_MINUS_total": -241,
    "FG_PCT": 0.43820224719101125,
    "FG3_PCT": 0.24285714285714285,
    "FT_PCT": 0.7317073170731707,
    "games_played": 63
  }
}