{
  "season_stats": {
    "MIN_avg": 11.027777777777779,
    "MIN_total": 397,
    "FGM_avg": 1.3055555555555556,
    "FGM_total": 47,
    "FGA_avg": 3.5277777777777777,
    "FGA_total": 127,
    "FG3M_avg": 0.5,
    "FG3M_total": 18,
    "FG3A_avg": 1.6944444444444444,
    "FG3A_total": 61,
    "FTM_avg": 0.7222222222222222,
    "FTM_total": 26,
    "FTA_avg": 1.2222222222222223,
    "FTA_total": 44,
    "OREB_avg": 0.5277777777777778,
    "OREB_total": 19,
    "DREB_avg": 1.5833333333333333,
    "DREB_total": 57,
    "REB_avg": 2.111111111111111,
    "REB_total": 76,
    "AST_avg": 1.1388888888888888,
    "AST_total": 41,
    "STL_avg": 0.5833333333333334,
    "STL_total": 21,
    "BLK_avg": 0.1111111111111111,
    "BLK_total": 4,
    "TOV_avg": 0.5,
    "TOV_total": 18,
    "PF_avg": 1.0833333333333333,
    "PF_total": 39,
    "PTS_avg": 3.8333333333333335,
    "PTS_total": 138,
    "PLUS_MINUS_avg": 1.1944444444444444,
    "PLUS_MINUS_total": 43,
    "FG_PCT": 0.3700787401574803,
    "FG3_PCT": 0.29508196721311475,
    "FT_PCT": 0.5909090909090909,
    "games_played": 36
  }
}