{
  "season_stats": {
    "MIN_avg": 4.461538461538462,
    "MIN_total": 58,
    "FGM_avg": 0.5384615384615384,
    "FGM_total": 7,
    "FGA_avg": 1.8461538461538463,
    "FGA_total": 24,
    "FG3M_avg": 0.15384615384615385,
    "FG3M_total": 2,
    "FG3A_avg": 1.0,
    "FG3A_total": 13,
    "FTM_avg": 0.15384615384615385,
    "FTM_total": 2,
    "FTA_avg": 0.3076923076923077,
    "FTA_total": 4,
    "OREB_avg": 0.23076923076923078,
    "OREB_total": 3,
    "DREB_avg": 0.6923076923076923,
    "DREB_total": 9,
    "REB_avg": 0.9230769230769231,
    "REB_total": 12,
    "AST_avg": 0.46153846153846156,
    "AST_total": 6,
    "STL_avg": 0.38461538461538464,
    "STL_total": 5,
    "BLK_avg": 0.07692307692307693,
    "BLK_total": 1,
    "TOV_avg": 0.15384615384615385,
    "TOV_total": 2,
    "PF_avg": 0.3076923076923077,
    "PF_total": 4,
    "PTS_avg": 1.3846153846153846,
    "PTS_total": 18,
    "PLUS_MINUS_avg": -0.7692307692307693,
    "PLUS_MINUS_total": -10,
    "FG_PCT": 0.2916666666666667,
    "FG3_PCT": 0.15384615384615385,
    "FT_PCT": 0.5,
    "games_played": 13
  }
}