{
  "season_stats": {
    "MIN_avg": 26.84931506849315,
    "MIN_total": 1960,
    "FGM_avg": 3.684931506849315,
    "FGM_total": 269,
    "FGA_avg": 6.739726027397261,
    "FGA_total": 492,
    "FG3M_avg": 0.0,
    "FG3M_total": 0,
    "FG3A_avg": 0.0136986301369863,
    "FG3A_total": 1,
    "FTM_avg": 1.7397260273972603,
    "FTM_total": 127,
    "FTA_avg": 2.7945205479452055,
    "FTA_total": 204,
    "OREB_avg": 3.493150684931507,
    "OREB_total": 255,
    "DREB_avg": 4.739726027397261,
    "DREB_total": 346,
    "REB_avg": 8.232876712328768,
    "REB_total": 601,
    "AST_avg": 1.356164383561644,
    "AST_total": 99,
    "STL_avg": 0.5068493150684932,
    "STL_total": 37,
    "BLK_avg": 1.3424657534246576,
    "BLK_total": 98,
    "TOV_avg": 1.1232876712328768,
    "TOV_total": 82,
    "PF_avg": 1.9863013698630136,
    "PF_total": 145,
    "PTS_avg": 9.10958904109589,
    "PTS_total": 665,
    "PLUS_MINUS_avg": -7.041095890410959,
    "PLUS_MINUS_total": -514,
    "FG_PCT": 0.5467479674796748,
    "FG3_PCT": 0.0,
    "FT_PCT": 0.6225490196078431,
    "games_played": 73
  }
}