{
  "season_stats": {
    "MIN_avg": 9.595744680851064,
    "MIN_total": 451,
    "FGM_avg": 1.3617021276595744,
    "FGM_total": 64,
    "FGA_avg": 3.1702127659574466,
    "FGA_total": 149,
    "FG3M_avg": 0.425531914893617,
    "FG3M_total": 20,
    "FG3A_avg": 1.2340425531914894,
    "FG3A_total": 58,
    "FTM_avg": 0.40425531914893614,
    "FTM_total": 19,
    "FTA_avg": 0.5106382978723404,
    "FTA_total": 24,
    "OREB_avg": 0.7872340425531915,
    "OREB_total": 37,
    "DREB_avg": 1.2553191489361701,
    "DREB_total": 59,
    "REB_avg": 2.0425531914893615,
    "REB_total": 96,
    "AST_avg": 0.9361702127659575,
    "AST_total": 44,
    "STL_avg": 0.2765957446808511,
    "STL_total": 13,
    "BLK_avg": 0.06382978723404255,
    "BLK_total": 3,
    "TOV_avg": 0.5531914893617021,
    "TOV_total": 26,
    "PF_avg": 1.0638297872340425,
    "PF_total": 50,
    "PTS_avg": 3.5531914893617023,
    "PTS_total": 167,
    "PLUS_MINUS_avg": -0.0425531914893617,
    "PLUS_MINUS_total": -2,
    "FG_PCT": 0.42953020134228187,
    "FG3_PCT": 0.3448275862068966,
    "FT_PCT": 0.7916666666666666,
    "games_played": 47
  }
}