{
  "season_stats": {
    "MIN_avg": 21.23076923076923,
    "MIN_total": 1104,
    "FGM_avg": 3.0576923076923075,
    "FGM_total": 159,
    "FGA_avg": 7.5576923076923075,
    "FGA_total": 393,
    "FG3M_avg": 1.25,
    "FG3M_total": 65,
    "FG3A_avg": 3.576923076923077,
    "FG3A_total": 186,
    "FTM_avg": 1.2692307692307692,
    "FTM_total": 66,
    "FTA_avg": 1.5961538461538463,
    "FTA_total": 83,
    "OREB_avg": 1.1346153846153846,
    "OREB_total": 59,
    "DREB_avg": 1.9423076923076923,
    "DREB_total": 101,
    "REB_avg": 3.076923076923077,
    "REB_total": 160,
    "AST_avg": 1.5576923076923077,
    "AST_total": 81,
    "STL_avg": 0.8269230769230769,
    "STL_total": 43,
    "BLK_avg": 0.19230769230769232,
    "BLK_total": 10,
    "TOV_avg": 0.9615384615384616,
    "TOV_total": 50,
    "PF_avg": 1.8269230769230769,
    "PF_total": 95,
    "PTS_avg": 8.634615384615385,
    "PTS_total": 449,
    "PLUS_MINUS_avg": -1.5961538461538463,
    "PLUS_MINUS_total": -83,
    "FG_PCT": 0.40458015267175573,
    "FG3_PCT": 0.34946236559139787,
    "FT_PCT": 0.7951807228915663,
    "games_played": 52
  }
}