{
  "season_stats": {
    "MIN_avg": 12.576923076923077,
    "MIN_total": 654,
    "FGM_avg": 1.6153846153846154,
    "FGM_total": 84,
    "FGA_avg": 4.596153846153846,
    "FGA_total": 239,
    "FG3M_avg": 0.9230769230769231,
    "FG3M_total": 48,
    "FG3A_avg": 2.730769230769231,
    "FG3A_total": 142,
    "FTM_avg": 0.25,
    "FTM_total": 13,
    "FTA_avg": 0.3076923076923077,
    "FTA_total": 16,
    "OREB_avg": 0.3076923076923077,
    "OREB_total": 16,
    "DREB_avg": 1.1923076923076923,
    "DREB_total": 62,
    "REB_avg": 1.5,
    "REB_total": 78,
    "AST_avg": 1.4423076923076923,
    "AST_total": 75,
    "STL_avg": 0.6730769230769231,
    "STL_total": 35,
    "BLK_avg": 0.3269230769230769,
    "BLK_total": 17,
    "TOV_avg": 0.7115384615384616,
    "TOV_total": 37,
    "PF_avg": 1.0192307692307692,
    "PF_total": 53,
    "PTS_avg": 4.403846153846154,
    "PTS_total": 229,
    "PLUS_MINUS_avg": -0.9615384615384616,
    "PLUS_MINUS_total": -50,
    "FG_PCT": 0.3514644351464435,
    "FG3_PCT": 0.3380281690140845,
    "FT_PCT": 0.8125,
    "games_played": 52
  }
}