{
  "season_stats": {
    "MIN_avg": 7.71875,
    "MIN_total": 247,
    "FGM_avg": 1.34375,
    "FGM_total": 43,
    "FGA_avg": 3.03125,
    "FGA_total": 97,
    "FG3M_avg": 0.6875,
    "FG3M_total": 22,
    "FG3A_avg": 2.0625,
    "FG3A_total": 66,
    "FTM_avg": 0.4375,
    "FTM_total": 14,
    "FTA_avg": 0.5625,
    "FTA_total": 18,
    "OREB_avg": 0.53125,
    "OREB_total": 17,
    "DREB_avg": 1.15625,
    "DREB_total": 37,
    "REB_avg": 1.6875,
    "REB_total": 54,
    "AST_avg": 0.4375,
    "AST_total": 14,
    "STL_avg": 0.15625,
    "STL_total": 5,
    "BLK_avg": 0.65625,
    "BLK_total": 21,
    "TOV_avg": 0.21875,
    "TOV_total": 7,
    "PF_avg": 0.6875,
    "PF_total": 22,
    "PTS_avg": 3.8125,
    "PTS_total": 122,
    "PLUS_MINUS_avg": 1.28125,
    "PLUS_MINUS_total": 41,
    "FG_PCT": 0.44329896907216493,
    "FG3_PCT": 0.3333333333333333,
    "FT_PCT": 0.7777777777777778,
    "games_played": 32
  }
}