{
  "season_stats": {
    "MIN_avg": 29.951219512195124,
    "MIN_total": 2456,
    "FGM_avg": 3.658536585365854,
    "FGM_total": 300,
    "FGA_avg": 9.121951219512194,
    "FGA_total": 748,
    "FG3M_avg": 1.6829268292682926,
    "FG3M_total": 138,
    "FG3A_avg": 4.963414634146342,
    "FG3A_total": 407,
    "FTM_avg": 0.8414634146341463,
    "FTM_total": 69,
    "FTA_avg": 1.0365853658536586,
    "FTA_total": 85,
    "OREB_avg": 0.4024390243902439,
    "OREB_total": 33,
    "DREB_avg": 3.7560975609756095,
    "DREB_total": 308,
    "REB_avg": 4.158536585365853,
    "REB_total": 341,
    "AST_avg": 4.439024390243903,
    "AST_total": 364,
    "STL_avg": 0.6585365853658537,
    "STL_total": 54,
    "BLK_avg": 0.25609756097560976,
    "BLK_total": 21,
    "TOV_avg": 1.7195121951219512,
    "TOV_total": 141,
    "PF_avg": 2.317073170731707,
    "PF_total": 190,
    "PTS_avg": 9.841463414634147,
    "PTS_total": 807,
    "PLUS_MINUS_avg": -9.731707317073171,
    "PLUS_MINUS_total": -798,
    "FG_PCT": 0.40106951871657753,
    "FG3_PCT": 0.33906633906633904,
    "FT_PCT": 0.8117647058823529,
    "games_played": 82
  }
}