{
  "season_stats": {
    "MIN_avg": 26.136363636363637,
    "MIN_total": 1150,
    "FGM_avg": 3.909090909090909,
    "FGM_total": 172,
    "FGA_avg": 8.590909090909092,
    "FGA_total": 378,
    "FG3M_avg": 1.5681818181818181,
    "FG3M_total": 69,
    "FG3A_avg": 4.318181818181818,
    "FG3A_total": 190,
    "FTM_avg": 0.7272727272727273,
    "FTM_total": 32,
    "FTA_avg": 1.0454545454545454,
    "FTA_total": 46,
    "OREB_avg": 1.0454545454545454,
    "OREB_total": 46,
    "DREB_avg": 2.3181818181818183,
    "DREB_total": 102,
    "REB_avg": 3.3636363636363638,
    "REB_total": 148,
    "AST_avg": 1.5681818181818181,
    "AST_total": 69,
    "STL_avg": 1.0227272727272727,
    "STL_total": 45,
    "BLK_avg": 0.36363636363636365,
    "BLK_total": 16,
    "TOV_avg": 1.1136363636363635,
    "TOV_total": 49,
    "PF_avg": 2.227272727272727,
    "PF_total": 98,
    "PTS_avg": 10.113636363636363,
    "PTS_total": 445,
    "PLUS_MINUS_avg": -6.363636363636363,
    "PLUS_MINUS_total": -280,
    "FG_PCT": 0.455026455026455,
    "FG3_PCT": 0.3631578947368421,
    "FT_PCT": 0.6956521739130435,
    "games_played": 44
  }
}