{
  "season_stats": {
    "MIN_avg": 25.887323943661972,
    "MIN_total": 1838,
    "FGM_avg": 3.295774647887324,
    "FGM_total": 234,
    "FGA_avg": 7.816901408450704,
    "FGA_total": 555,
    "FG3M_avg": 0.5915492957746479,
    "FG3M_total": 42,
    "FG3A_avg": 2.380281690140845,
    "FG3A_total": 169,
    "FTM_avg": 1.4788732394366197,
    "FTM_total": 105,
    "FTA_avg": 2.1690140845070425,
    "FTA_total": 154,
    "OREB_avg": 0.4507042253521127,
    "OREB_total": 32,
    "DREB_avg": 2.859154929577465,
    "DREB_total": 203,
    "REB_avg": 3.3098591549295775,
    "REB_total": 235,
    "AST_avg": 6.28169014084507,
    "AST_total": 446,
    "STL_avg": 0.9295774647887324,
    "STL_total": 66,
    "BLK_avg": 0.22535211267605634,
    "BLK_total": 16,
    "TOV_avg": 2.9295774647887325,
    "TOV_total": 208,
    "PF_avg": 2.0985915492957745,
    "PF_total": 149,
    "PTS_avg": 8.661971830985916,
    "PTS_total": 615,
    "PLUS_MINUS_avg": -5.676056338028169,
    "PLUS_MINUS_total": -403,
    "FG_PCT": 0.42162162162162165,
    "FG3_PCT": 0.2485207100591716,
    "FT_PCT": 0.6818181818181818,
    "games_played": 71
  }
}