{
  "season_stats": {
    "MIN_avg": 20.766666666666666,
    "MIN_total": 1246,
    "FGM_avg": 1.9,
    "FGM_total": 114,
    "FGA_avg": 5.75,
    "FGA_total": 345,
    "FG3M_avg": 0.9666666666666667,
    "FG3M_total": 58,
    "FG3A_avg": 3.4166666666666665,
    "FG3A_total": 205,
    "FTM_avg": 1.1166666666666667,
    "FTM_total": 67,
    "FTA_avg": 1.5666666666666667,
    "FTA_total": 94,
    "OREB_avg": 1.1666666666666667,
    "OREB_total": 70,
    "DREB_avg": 3.5,
    "DREB_total": 210,
    "REB_avg": 4.666666666666667,
    "REB_total": 280,
    "AST_avg": 1.2333333333333334,
    "AST_total": 74,
    "STL_avg": 0.48333333333333334,
    "STL_total": 29,
    "BLK_avg": 0.23333333333333334,
    "BLK_total": 14,
    "TOV_avg": 0.9666666666666667,
    "TOV_total": 58,
    "PF_avg": 1.4,
    "PF_total": 84,
    "PTS_avg": 5.883333333333334,
    "PTS_total": 353,
    "PLUS_MINUS_avg": -5.35,
    "PLUS_MINUS_total": -321,
    "FG_PCT": 0.33043478260869563,
    "FG3_PCT": 0.28292682926829266,
    "FT_PCT": 0.7127659574468085,
    "games_played": 60
  }
}