{
  "season_stats": {
    "MIN_avg": 4.714285714285714,
    "MIN_total": 33,
    "FGM_avg": 0.2857142857142857,
    "FGM_total": 2,
    "FGA_avg": 0.7142857142857143,
    "FGA_total": 5,
    "FG3M_avg": 0.0,
    "FG3M_total": 0,
    "FG3A_avg": 0.0,
    "FG3A_total": 0,
    "FTM_avg": 0.14285714285714285,
    "FTM_total": 1,
    "FTA_avg": 0.2857142857142857,
    "FTA_total": 2,
    "OREB_avg": 0.5714285714285714,
    "OREB_total": 4,
    "DREB_avg": 0.5714285714285714,
    "DREB_total": 4,
    "REB_avg": 1.1428571428571428,
    "REB_total": 8,
    "AST_avg": 0.2857142857142857,
    "AST_total": 2,
    "STL_avg": 0.0,
    "STL_total": 0,
    "BLK_avg": 0.14285714285714285,
    "BLK_total": 1,
    "TOV_avg": 0.2857142857142857,
    "TOV_total": 2,
    "PF_avg": 0.7142857142857143,
    "PF_total": 5,
    "PTS_avg": 0.7142857142857143,
    "PTS_total": 5,
    "PLUS_MINUS_avg": -3.4285714285714284,
    "PLUS_MINUS_total": -24,
    "FG_PCT": 0.4,
    "FG3_PCT": 0.0,
    "FT_PCT": 0.5,
    "games_played": 7
  }
}