{
  "season_stats": {
    "MIN_avg": 19.027027027027028,
    "MIN_total": 1408,
    "FGM_avg": 2.77027027027027,
    "FGM_total": 205,
    "FGA_avg": 6.445945945945946,
    "FGA_total": 477,
    "FG3M_avg": 1.1081081081081081,
    "FG3M_total": 82,
    "FG3A_avg": 3.5675675675675675,
    "FG3A_total": 264,
    "FTM_avg": 0.25675675675675674,
    "FTM_total": 19,
    "FTA_avg": 0.527027027027027,
    "FTA_total": 39,
    "OREB_avg": 1.2432432432432432,
    "OREB_total": 92,
    "DREB_avg": 2.364864864864865,
    "DREB_total": 175,
    "REB_avg": 3.608108108108108,
    "REB_total": 267,
    "AST_avg": 0.7702702702702703,
    "AST_total": 57,
    "STL_avg": 0.5945945945945946,
    "STL_total": 44,
    "BLK_avg": 0.5405405405405406,
    "BLK_total": 40,
    "TOV_avg": 0.5405405405405406,
    "TOV_total": 40,
    "PF_avg": 2.189189189189189,
    "PF_total": 162,
    "PTS_avg": 6.905405405405405,
    "PTS_total": 511,
    "PLUS_MINUS_avg": -2.2837837837837838,
    "PLUS_MINUS_total": -169,
    "FG_PCT": 0.429769392033543,
    "FG3_PCT": 0.3106060606060606,
    "FT_PCT": 0.48717948717948717,
    "games_played": 74
  }
}