{
  "season_stats": {
    "MIN_avg": 4.833333333333333,
    "MIN_total": 29,
    "FGM_avg": 0.6666666666666666,
    "FGM_total": 4,
    "FGA_avg": 0.8333333333333334,
    "FGA_total": 5,
    "FG3M_avg": 0.16666666666666666,
    "FG3M_total": 1,
    "FG3A_avg": 0.3333333333333333,
    "FG3A_total": 2,
    "FTM_avg": 0.3333333333333333,
    "FTM_total": 2,
    "FTA_avg": 0.3333333333333333,
    "FTA_total": 2,
    "OREB_avg": 0.16666666666666666,
    "OREB_total": 1,
    "DREB_avg": 0.3333333333333333,
    "DREB_total": 2,
    "REB_avg": 0.5,
    "REB_total": 3,
    "AST_avg": 1.0,
    "AST_total": 6,
    "STL_avg": 0.0,
    "STL_total": 0,
    "BLK_avg": 0.0,
    "BLK_total": 0,
    "TOV_avg": 0.16666666666666666,
    "TOV_total": 1,
    "PF_avg": 0.3333333333333333,
    "PF_total": 2,
    "PTS_avg": 1.8333333333333333,
    "PTS_total": 11,
    "PLUS_MINUS_avg": -1.1666666666666667,
    "PLUS_MINUS_total": -7,
    "FG_PCT": 0.8,
    "FG3_PCT": 0.5,
    "FT_PCT": 1.0,
    "games_played": 6
  }
}