{
  "season_stats": {
    "MIN_avg": 6.777777777777778,
    "MIN_total": 183,
    "FGM_avg": 0.7777777777777778,
    "FGM_total": 21,
    "FGA_avg": 2.4814814814814814,
    "FGA_total": 67,
    "FG3M_avg": 0.3333333333333333,
    "FG3M_total": 9,
    "FG3A_avg": 1.1851851851851851,
    "FG3A_total": 32,
    "FTM_avg": 0.4074074074074074,
    "FTM_total": 11,
    "FTA_avg": 0.5185185185185185,
    "FTA_total": 14,
    "OREB_avg": 0.14814814814814814,
    "OREB_total": 4,
    "DREB_avg": 0.5185185185185185,
    "DREB_total": 14,
    "REB_avg": 0.6666666666666666,
    "REB_total": 18,
    "AST_avg": 0.8148148148148148,
    "AST_total": 22,
    "STL_avg": 0.3333333333333333,
    "STL_total": 9,
    "BLK_avg": 0.1111111111111111,
    "BLK_total": 3,
    "TOV_avg": 0.48148148148148145,
    "TOV_total": 13,
    "PF_avg": 0.48148148148148145,
    "PF_total": 13,
    "PTS_avg": 2.2962962962962963,
    "PTS_total": 62,
    "PLUS_MINUS_avg": -2.6296296296296298,
    "PLUS_MINUS_total": -71,
    "FG_PCT": 0.31343283582089554,
    "FG3_PCT": 0.28125,
    "FT_PCT": 0.7857142857142857,
    "games_played": 27
  }
}