{
  "season_stats": {
    "MIN_avg": 4.136363636363637,
    "MIN_total": 91,
    "FGM_avg": 0.5,
    "FGM_total": 11,
    "FGA_avg": 1.3636363636363635,
    "FGA_total": 30,
    "FG3M_avg": 0.3181818181818182,
    "FG3M_total": 7,
    "FG3A_avg": 1.0454545454545454,
    "FG3A_total": 23,
    "FTM_avg": 0.3181818181818182,
    "FTM_total": 7,
    "FTA_avg": 0.4090909090909091,
    "FTA_total": 9,
    "OREB_avg": 0.0,
    "OREB_total": 0,
    "DREB_avg": 0.5454545454545454,
    "DREB_total": 12,
    "REB_avg": 0.5454545454545454,
    "REB_total": 12,
    "AST_avg": 0.8636363636363636,
    "AST_total": 19,
    "STL_avg": 0.09090909090909091,
    "STL_total": 2,
    "BLK_avg": 0.0,
    "BLK_total": 0,
    "TOV_avg": 0.22727272727272727,
    "TOV_total": 5,
    "PF_avg": 0.36363636363636365,
    "PF_total": 8,
    "PTS_avg": 1.6363636363636365,
    "PTS_total": 36,
    "PLUS_MINUS_avg": 1.2272727272727273,
    "PLUS_MINUS_total": 27,
    "FG_PCT": 0.36666666666666664,
    "FG3_PCT": 0.30434782608695654,
    "FT_PCT": 0.7777777777777778,
    "games_played": 22
  }
}