{
  "season_stats": {
    "MIN_avg": 7.333333333333333,
    "MIN_total": 66,
    "FGM_avg": 0.6666666666666666,
    "FGM_total": 6,
    "FGA_avg": 2.111111111111111,
    "FGA_total": 19,
    "FG3M_avg": 0.0,
    "FG3M_total": 0,
    "FG3A_avg": 0.7777777777777778,
    "FG3A_total": 7,
    "FTM_avg": 0.2222222222222222,
    "FTM_total": 2,
    "FTA_avg": 0.7777777777777778,
    "FTA_total": 7,
    "OREB_avg": 0.2222222222222222,
    "OREB_total": 2,
    "DREB_avg": 1.4444444444444444,
    "DREB_total": 13,
    "REB_avg": 1.6666666666666667,
    "REB_total": 15,
    "AST_avg": 0.1111111111111111,
    "AST_total": 1,
    "STL_avg": 0.4444444444444444,
    "STL_total": 4,
    "BLK_avg": 0.2222222222222222,
    "BLK_total": 2,
    "TOV_avg": 0.3333333333333333,
    "TOV_total": 3,
    "PF_avg": 0.6666666666666666,
    "PF_total": 6,
    "PTS_avg": 1.5555555555555556,
    "PTS_total": 14,
    "PLUS_MINUS_avg": -5.444444444444445,
    "PLUS_MINUS_total": -49,
    "FG_PCT": 0.3157894736842105,
    "FG3_PCT": 0.0,
    "FT_PCT": 0.2857142857142857,
    "games_played": 9
  }
}