{
  "season_stats": {
    "MIN_avg": 19.791044776119403,
    "MIN_total": 1326,
    "FGM_avg": 2.6865671641791047,
    "FGM_total": 180,
    "FGA_avg": 4.985074626865671,
    "FGA_total": 334,
    "FG3M_avg": 0.208955223880597,
    "FG3M_total": 14,
    "FG3A_avg": 0.7313432835820896,
    "FG3A_total": 49,
    "FTM_avg": 0.9253731343283582,
    "FTM_total": 62,
    "FTA_avg": 1.5522388059701493,
    "FTA_total": 104,
    "OREB_avg": 3.2388059701492535,
    "OREB_total": 217,
    "DREB_avg": 4.626865671641791,
    "DREB_total": 310,
    "REB_avg": 7.865671641791045,
    "REB_total": 527,
    "AST_avg": 1.1492537313432836,
    "AST_total": 77,
    "STL_avg": 0.5074626865671642,
    "STL_total": 34,
    "BLK_avg": 1.6417910447761195,
    "BLK_total": 110,
    "TOV_avg": 1.0746268656716418,
    "TOV_total": 72,
    "PF_avg": 2.8208955223880596,
    "PF_total": 189,
    "PTS_avg": 6.507462686567164,
    "PTS_total": 436,
    "PLUS_MINUS_avg": -0.029850746268656716,
    "PLUS_MINUS_total": -2,
    "FG_PCT": 0.5389221556886228,
    "FG3_PCT": 0.2857142857142857,
    "FT_PCT": 0.5961538461538461,
    "games_played": 67
  }
}