{
  "season_stats": {
    "MIN_avg": 26.5,
    "MIN_total": 1802,
    "FGM_avg": 2.985294117647059,
    "FGM_total": 203,
    "FGA_avg": 8.029411764705882,
    "FGA_total": 546,
    "FG3M_avg": 1.6764705882352942,
    "FG3M_total": 114,
    "FG3A_avg": 5.205882352941177,
    "FG3A_total": 354,
    "FTM_avg": 1.0294117647058822,
    "FTM_total": 70,
    "FTA_avg": 1.3676470588235294,
    "FTA_total": 93,
    "OREB_avg": 0.7205882352941176,
    "OREB_total": 49,
    "DREB_avg": 3.4705882352941178,
    "DREB_total": 236,
    "REB_avg": 4.1911764705882355,
    "REB_total": 285,
    "AST_avg": 2.485294117647059,
    "AST_total": 169,
    "STL_avg": 1.0,
    "STL_total": 68,
    "BLK_avg": 0.7352941176470589,
    "BLK_total": 50,
    "TOV_avg": 1.4264705882352942,
    "TOV_total": 97,
    "PF_avg": 2.9558823529411766,
    "PF_total": 201,
    "PTS_avg": 8.676470588235293,
    "PTS_total": 590,
    "PLUS_MINUS_avg": -5.3088235294117645,
    "PLUS_MINUS_total": -361,
    "FG_PCT": 0.3717948717948718,
    "FG3_PCT": 0.3220338983050847,
    "FT_PCT": 0.7526881720430108,
    "games_played": 68
  }
}