{
  "season_stats": {
    "MIN_avg": 7.195121951219512,
    "MIN_total": 295,
    "FGM_avg": 0.6585365853658537,
    "FGM_total": 27,
    "FGA_avg": 2.0,
    "FGA_total": 82,
    "FG3M_avg": 0.34146341463414637,
    "FG3M_total": 14,
    "FG3A_avg": 1.146341463414634,
    "FG3A_total": 47,
    "FTM_avg": 0.3170731707317073,
    "FTM_total": 13,
    "FTA_avg": 0.4146341463414634,
    "FTA_total": 17,
    "OREB_avg": 0.1951219512195122,
    "OREB_total": 8,
    "DREB_avg": 0.4634146341463415,
    "DREB_total": 19,
    "REB_avg": 0.6585365853658537,
    "REB_total": 27,
    "AST_avg": 1.7073170731707317,
    "AST_total": 70,
    "STL_avg": 0.2926829268292683,
    "STL_total": 12,
    "BLK_avg": 0.0975609756097561,
    "BLK_total": 4,
    "TOV_avg": 0.43902439024390244,
    "TOV_total": 18,
    "PF_avg": 0.6341463414634146,
    "PF_total": 26,
    "PTS_avg": 1.975609756097561,
    "PTS_total": 81,
    "PLUS_MINUS_avg": -0.024390243902439025,
    "PLUS_MINUS_total": -1,
    "FG_PCT": 0.32926829268292684,
    "FG3_PCT": 0.2978723404255319,
    "FT_PCT": 0.7647058823529411,
    "games_played": 41
  }
}