{
  "season_stats": {
    "MIN_avg": 8.227272727272727,
    "MIN_total": 181,
    "FGM_avg": 0.7272727272727273,
    "FGM_total": 16,
    "FGA_avg": 1.6818181818181819,
    "FGA_total": 37,
    "FG3M_avg": 0.045454545454545456,
    "FG3M_total": 1,
    "FG3A_avg": 0.45454545454545453,
    "FG3A_total": 10,
    "FTM_avg": 0.5909090909090909,
    "FTM_total": 13,
    "FTA_avg": 0.8636363636363636,
    "FTA_total": 19,
    "OREB_avg": 0.5,
    "OREB_total": 11,
    "DREB_avg": 0.8636363636363636,
    "DREB_total": 19,
    "REB_avg": 1.3636363636363635,
    "REB_total": 30,
    "AST_avg": 0.4090909090909091,
    "AST_total": 9,
    "STL_avg": 0.13636363636363635,
    "STL_total": 3,
    "BLK_avg": 0.13636363636363635,
    "BLK_total": 3,
    "TOV_avg": 0.2727272727272727,
    "TOV_total": 6,
    "PF_avg": 0.9545454545454546,
    "PF_total": 21,
    "PTS_avg": 2.090909090909091,
    "PTS_total": 46,
    "PLUS_MINUS_avg": -0.8636363636363636,
    "PLUS_MINUS_total": -19,
    "FG_PCT": 0.43243243243243246,
    "FG3_PCT": 0.1,
    "FT_PCT": 0.6842105263157895,
    "games_played": 22
  }
}