{
  "season_stats": {
    "MIN_avg": 22.03448275862069,
    "MIN_total": 639,
    "FGM_avg": 2.8275862068965516,
    "FGM_total": 82,
    "FGA_avg": 7.344827586206897,
    "FGA_total": 213,
    "FG3M_avg": 0.8275862068965517,
    "FG3M_total": 24,
    "FG3A_avg": 3.103448275862069,
    "FG3A_total": 90,
    "FTM_avg": 1.103448275862069,
    "FTM_total": 32,
    "FTA_avg": 1.2758620689655173,
    "FTA_total": 37,
    "OREB_avg": 0.27586206896551724,
    "OREB_total": 8,
    "DREB_avg": 1.7586206896551724,
    "DREB_total": 51,
    "REB_avg": 2.0344827586206895,
    "REB_total": 59,
    "AST_avg": 2.6206896551724137,
    "AST_total": 76,
    "STL_avg": 0.41379310344827586,
    "STL_total": 12,
    "BLK_avg": 0.10344827586206896,
    "BLK_total": 3,
    "TOV_avg": 1.206896551724138,
    "TOV_total": 35,
    "PF_avg": 1.7241379310344827,
    "PF_total": 50,
    "PTS_avg": 7.586206896551724,
    "PTS_total": 220,
    "PLUS_MINUS_avg": -5.241379310344827,
    "PLUS_MINUS_total": -152,
    "FG_PCT": 0.38497652582159625,
    "FG3_PCT": 0.26666666666666666,
    "FT_PCT": 0.8648648648648649,
    "games_played": 29
  }
}