{
  "season_stats": {
    "MIN_avg": 16.63888888888889,
    "MIN_total": 599,
    "FGM_avg": 2.5277777777777777,
    "FGM_total": 91,
    "FGA_avg": 5.111111111111111,
    "FGA_total": 184,
    "FG3M_avg": 0.6388888888888888,
    "FG3M_total": 23,
    "FG3A_avg": 1.6666666666666667,
    "FG3A_total": 60,
    "FTM_avg": 0.8055555555555556,
    "FTM_total": 29,
    "FTA_avg": 0.9722222222222222,
    "FTA_total": 35,
    "OREB_avg": 0.5,
    "OREB_total": 18,
    "DREB_avg": 1.3888888888888888,
    "DREB_total": 50,
    "REB_avg": 1.8888888888888888,
    "REB_total": 68,
    "AST_avg": 1.7777777777777777,
    "AST_total": 64,
    "STL_avg": 0.6944444444444444,
    "STL_total": 25,
    "BLK_avg": 0.1111111111111111,
    "BLK_total": 4,
    "TOV_avg": 0.8055555555555556,
    "TOV_total": 29,
    "PF_avg": 1.8888888888888888,
    "PF_total": 68,
    "PTS_avg": 6.5,
    "PTS_total": 234,
    "PLUS_MINUS_avg": 3.5277777777777777,
    "PLUS_MINUS_total": 127,
    "FG_PCT": 0.4945652173913043,
    "FG3_PCT": 0.38333333333333336,
    "FT_PCT": 0.8285714285714286,
    "games_played": 36
  }
}