{
  "season_stats": {
    "MIN_avg": 6.222222222222222,
    "MIN_total": 112,
    "FGM_avg": 0.5555555555555556,
    "FGM_total": 10,
    "FGA_avg": 1.7222222222222223,
    "FGA_total": 31,
    "FG3M_avg": 0.3333333333333333,
    "FG3M_total": 6,
    "FG3A_avg": 1.0555555555555556,
    "FG3A_total": 19,
    "FTM_avg": 0.2222222222222222,
    "FTM_total": 4,
    "FTA_avg": 0.3333333333333333,
    "FTA_total": 6,
    "OREB_avg": 0.16666666666666666,
    "OREB_total": 3,
    "DREB_avg": 0.8333333333333334,
    "DREB_total": 15,
    "REB_avg": 1.0,
    "REB_total": 18,
    "AST_avg": 0.2777777777777778,
    "AST_total": 5,
    "STL_avg": 0.16666666666666666,
    "STL_total": 3,
    "BLK_avg": 0.1111111111111111,
    "BLK_total": 2,
    "TOV_avg": 0.2222222222222222,
    "TOV_total": 4,
    "PF_avg": 0.3888888888888889,
    "PF_total": 7,
    "PTS_avg": 1.6666666666666667,
    "PTS_total": 30,
    "PLUS_MINUS_avg": -0.8888888888888888,
    "PLUS_MINUS_total": -16,
    "FG_PCT": 0.3225806451612903,
    "FG3_PCT": 0.3157894736842105,
    "FT_PCT": 0.6666666666666666,
    "games_played": 18
  }
}