{
  "season_stats": {
    "MIN_avg": 22.203125,
    "MIN_total": 1421,
    "FGM_avg": 4.015625,
    "FGM_total": 257,
    "FGA_avg": 7.25,
    "FGA_total": 464,
    "FG3M_avg": 0.546875,
    "FG3M_total": 35,
    "FG3A_avg": 1.734375,
    "FG3A_total": 111,
    "FTM_avg": 0.71875,
    "FTM_total": 46,
    "FTA_avg": 1.046875,
    "FTA_total": 67,
    "OREB_avg": 1.8125,
    "OREB_total": 116,
    "DREB_avg": 5.578125,
    "DREB_total": 357,
    "REB_avg": 7.390625,
    "REB_total": 473,
    "AST_avg": 0.9375,
    "AST_total": 60,
    "STL_avg": 0.609375,
    "STL_total": 39,
    "BLK_avg": 1.109375,
    "BLK_total": 71,
    "TOV_avg": 0.890625,
    "TOV_total": 57,
    "PF_avg": 1.734375,
    "PF_total": 111,
    "PTS_avg": 9.296875,
    "PTS_total": 595,
    "PLUS_MINUS_avg": 0.609375,
    "PLUS_MINUS_total": 39,
    "FG_PCT": 0.5538793103448276,
    "FG3_PCT": 0.3153153153153153,
    "FT_PCT": 0.6865671641791045,
    "games_played": 64
  }
}