{
  "season_stats": {
    "MIN_avg": 14.333333333333334,
    "MIN_total": 215,
    "FGM_avg": 1.7333333333333334,
    "FGM_total": 26,
    "FGA_avg": 3.6,
    "FGA_total": 54,
    "FG3M_avg": 1.0,
    "FG3M_total": 15,
    "FG3A_avg": 2.7333333333333334,
    "FG3A_total": 41,
    "FTM_avg": 0.6,
    "FTM_total": 9,
    "FTA_avg": 0.8,
    "FTA_total": 12,
    "OREB_avg": 0.6,
    "OREB_total": 9,
    "DREB_avg": 2.533333333333333,
    "DREB_total": 38,
    "REB_avg": 3.1333333333333333,
    "REB_total": 47,
    "AST_avg": 0.26666666666666666,
    "AST_total": 4,
    "STL_avg": 0.6666666666666666,
    "STL_total": 10,
    "BLK_avg": 0.6666666666666666,
    "BLK_total": 10,
    "TOV_avg": 0.4,
    "TOV_total": 6,
    "PF_avg": 1.4,
    "PF_total": 21,
    "PTS_avg": 5.066666666666666,
    "PTS_total": 76,
    "PLUS_MINUS_avg": 1.2666666666666666,
    "PLUS_MINUS_total": 19,
    "FG_PCT": 0.48148148148148145,
    "FG3_PCT": 0.36585365853658536,
    "FT_PCT": 0.75,
    "games_played": 15
  }
}