{
  "season_stats": {
    "MIN_avg": 19.52,
    "MIN_total": 1464,
    "FGM_avg": 2.72,
    "FGM_total": 204,
    "FGA_avg": 6.72,
    "FGA_total": 504,
    "FG3M_avg": 0.96,
    "FG3M_total": 72,
    "FG3A_avg": 2.973333333333333,
    "FG3A_total": 223,
    "FTM_avg": 0.7066666666666667,
    "FTM_total": 53,
    "FTA_avg": 0.92,
    "FTA_total": 69,
    "OREB_avg": 0.4,
    "OREB_total": 30,
    "DREB_avg": 1.1333333333333333,
    "DREB_total": 85,
    "REB_avg": 1.5333333333333334,
    "REB_total": 115,
    "AST_avg": 4.213333333333333,
    "AST_total": 316,
    "STL_avg": 0.7733333333333333,
    "STL_total": 58,
    "BLK_avg": 0.13333333333333333,
    "BLK_total": 10,
    "TOV_avg": 1.56,
    "TOV_total": 117,
    "PF_avg": 2.1066666666666665,
    "PF_total": 158,
    "PTS_avg": 7.1066666666666665,
    "PTS_total": 533,
    "PLUS_MINUS_avg": -3.12,
    "PLUS_MINUS_total": -234,
    "FG_PCT": 0.40476190476190477,
    "FG3_PCT": 0.32286995515695066,
    "FT_PCT": 0.7681159420289855,
    "games_played": 75
  }
}