{
  "season_stats": {
    "MIN_avg": 23.444444444444443,
    "MIN_total": 844,
    "FGM_avg": 2.888888888888889,
    "FGM_total": 104,
    "FGA_avg": 8.36111111111111,
    "FGA_total": 301,
    "FG3M_avg": 0.9166666666666666,
    "FG3M_total": 33,
    "FG3A_avg": 3.611111111111111,
    "FG3A_total": 130,
    "FTM_avg": 1.1388888888888888,
    "FTM_total": 41,
    "FTA_avg": 1.3888888888888888,
    "FTA_total": 50,
    "OREB_avg": 1.0833333333333333,
    "OREB_total": 39,
    "DREB_avg": 1.9444444444444444,
    "DREB_total": 70,
    "REB_avg": 3.0277777777777777,
    "REB_total": 109,
    "AST_avg": 3.111111111111111,
    "AST_total": 112,
    "STL_avg": 0.9444444444444444,
    "STL_total": 34,
    "BLK_avg": 0.16666666666666666,
    "BLK_total": 6,
    "TOV_avg": 1.5555555555555556,
    "TOV_total": 56,
    "PF_avg": 1.5555555555555556,
    "PF_total": 56,
    "PTS_avg": 7.833333333333333,
    "PTS_total": 282,
    "PLUS_MINUS_avg": -7.722222222222222,
    "PLUS_MINUS_total": -278,
    "FG_PCT": 0.34551495016611294,
    "FG3_PCT": 0.25384615384615383,
    "FT_PCT": 0.82,
    "games_played": 36
  }
}