{
  "season_stats": {
    "MIN_avg": 17.627118644067796,
    "MIN_total": 1040,
    "FGM_avg": 2.5254237288135593,
    "FGM_total": 149,
    "FGA_avg": 5.88135593220339,
    "FGA_total": 347,
    "FG3M_avg": 1.7796610169491525,
    "FG3M_total": 105,
    "FG3A_avg": 4.389830508474576,
    "FG3A_total": 259,
    "FTM_avg": 0.2711864406779661,
    "FTM_total": 16,
    "FTA_avg": 0.3050847457627119,
    "FTA_total": 18,
    "OREB_avg": 0.6271186440677966,
    "OREB_total": 37,
    "DREB_avg": 2.0508474576271185,
    "DREB_total": 121,
    "REB_avg": 2.6779661016949152,
    "REB_total": 158,
    "AST_avg": 0.8983050847457628,
    "AST_total": 53,
    "STL_avg": 0.288135593220339,
    "STL_total": 17,
    "BLK_avg": 0.1694915254237288,
    "BLK_total": 10,
    "TOV_avg": 0.4576271186440678,
    "TOV_total": 27,
    "PF_avg": 1.5593220338983051,
    "PF_total": 92,
    "PTS_avg": 7.101694915254237,
    "PTS_total": 419,
    "PLUS_MINUS_avg": -3.1016949152542375,
    "PLUS_MINUS_total": -183,
    "FG_PCT": 0.42939481268011526,
    "FG3_PCT": 0.40540540540540543,
    "FT_PCT": 0.8888888888888888,
    "games_played": 59
  }
}