{
  "season_stats": {
    "MIN_avg": 19.128205128205128,
    "MIN_total": 1492,
    "FGM_avg": 3.2948717948717947,
    "FGM_total": 257,
    "FGA_avg": 7.141025641025641,
    "FGA_total": 557,
    "FG3M_avg": 1.641025641025641,
    "FG3M_total": 128,
    "FG3A_avg": 4.358974358974359,
    "FG3A_total": 340,
    "FTM_avg": 0.8205128205128205,
    "FTM_total": 64,
    "FTA_avg": 1.0769230769230769,
    "FTA_total": 84,
    "OREB_avg": 0.47435897435897434,
    "OREB_total": 37,
    "DREB_avg": 2.2948717948717947,
    "DREB_total": 179,
    "REB_avg": 2.769230769230769,
    "REB_total": 216,
    "AST_avg": 0.8461538461538461,
    "AST_total": 66,
    "STL_avg": 0.3076923076923077,
    "STL_total": 24,
    "BLK_avg": 0.10256410256410256,
    "BLK_total": 8,
    "TOV_avg": 0.47435897435897434,
    "TOV_total": 37,
    "PF_avg": 1.1923076923076923,
    "PF_total": 93,
    "PTS_avg": 9.051282051282051,
    "PTS_total": 706,
    "PLUS_MINUS_avg": -0.9358974358974359,
    "PLUS_MINUS_total": -73,
    "FG_PCT": 0.4614003590664273,
    "FG3_PCT": 0.3764705882352941,
    "FT_PCT": 0.7619047619047619,
    "games_played": 78
  }
}