{
  "season_stats": {
    "MIN_avg": 25.88607594936709,
    "MIN_total": 2045,
    "FGM_avg": 3.632911392405063,
    "FGM_total": 287,
    "FGA_avg": 8.556962025316455,
    "FGA_total": 676,
    "FG3M_avg": 1.7468354430379747,
    "FG3M_total": 138,
    "FG3A_avg": 4.962025316455696,
    "FG3A_total": 392,
    "FTM_avg": 1.4050632911392404,
    "FTM_total": 111,
    "FTA_avg": 1.7088607594936709,
    "FTA_total": 135,
    "OREB_avg": 1.1012658227848102,
    "OREB_total": 87,
    "DREB_avg": 2.2911392405063293,
    "DREB_total": 181,
    "REB_avg": 3.392405063291139,
    "REB_total": 268,
    "AST_avg": 1.7088607594936709,
    "AST_total": 135,
    "STL_avg": 0.5569620253164557,
    "STL_total": 44,
    "BLK_avg": 0.10126582278481013,
    "BLK_total": 8,
    "TOV_avg": 0.8734177215189873,
    "TOV_total": 69,
    "PF_avg": 1.8481012658227849,
    "PF_total": 146,
    "PTS_avg": 10.417721518987342,
    "PTS_total": 823,
    "PLUS_MINUS_avg": 2.3544303797468356,
    "PLUS_MINUS_total": 186,
    "FG_PCT": 0.4245562130177515,
    "FG3_PCT": 0.3520408163265306,
    "FT_PCT": 0.8222222222222222,
    "games_played": 79
  }
}