{
  "season_stats": {
    "MIN_avg": 16.357142857142858,
    "MIN_total": 687,
    "FGM_avg": 2.9285714285714284,
    "FGM_total": 123,
    "FGA_avg": 6.523809523809524,
    "FGA_total": 274,
    "FG3M_avg": 1.7380952380952381,
    "FG3M_total": 73,
    "FG3A_avg": 4.261904761904762,
    "FG3A_total": 179,
    "FTM_avg": 0.5,
    "FTM_total": 21,
    "FTA_avg": 0.6428571428571429,
    "FTA_total": 27,
    "OREB_avg": 0.8333333333333334,
    "OREB_total": 35,
    "DREB_avg": 2.6904761904761907,
    "DREB_total": 113,
    "REB_avg": 3.5238095238095237,
    "REB_total": 148,
    "AST_avg": 1.3333333333333333,
    "AST_total": 56,
    "STL_avg": 0.38095238095238093,
    "STL_total": 16,
    "BLK_avg": 0.42857142857142855,
    "BLK_total": 18,
    "TOV_avg": 0.7857142857142857,
    "TOV_total": 33,
    "PF_avg": 1.9761904761904763,
    "PF_total": 83,
    "PTS_avg": 8.095238095238095,
    "PTS_total": 340,
    "PLUS_MINUS_avg": 1.0238095238095237,
    "PLUS_MINUS_total": 43,
    "FG_PCT": 0.4489051094890511,
    "FG3_PCT": 0.40782122905027934,
    "FT_PCT": 0.7777777777777778,
    "games_played": 42
  }
}