{
  "season_stats": {
    "MIN_avg": 10.63265306122449,
    "MIN_total": 521,
    "FGM_avg": 1.8979591836734695,
    "FGM_total": 93,
    "FGA_avg": 4.3061224489795915,
    "FGA_total": 211,
    "FG3M_avg": 0.5102040816326531,
    "FG3M_total": 25,
    "FG3A_avg": 1.510204081632653,
    "FG3A_total": 74,
    "FTM_avg": 0.16326530612244897,
    "FTM_total": 8,
    "FTA_avg": 0.30612244897959184,
    "FTA_total": 15,
    "OREB_avg": 0.24489795918367346,
    "OREB_total": 12,
    "DREB_avg": 0.7755102040816326,
    "DREB_total": 38,
    "REB_avg": 1.0204081632653061,
    "REB_total": 50,
    "AST_avg": 2.0,
    "AST_total": 98,
    "STL_avg": 0.40816326530612246,
    "STL_total": 20,
    "BLK_avg": 0.02040816326530612,
    "BLK_total": 1,
    "TOV_avg": 1.0816326530612246,
    "TOV_total": 53,
    "PF_avg": 0.7551020408163265,
    "PF_total": 37,
    "PTS_avg": 4.469387755102041,
    "PTS_total": 219,
    "PLUS_MINUS_avg": 0.3877551020408163,
    "PLUS_MINUS_total": 19,
    "FG_PCT": 0.44075829383886256,
    "FG3_PCT": 0.33783783783783783,
    "FT_PCT": 0.5333333333333333,
    "games_played": 49
  }
}