{
  "season_stats": {
    "MIN_avg": 6.454545454545454,
    "MIN_total": 71,
    "FGM_avg": 1.0,
    "FGM_total": 11,
    "FGA_avg": 3.0,
    "FGA_total": 33,
    "FG3M_avg": 0.5454545454545454,
    "FG3M_total": 6,
    "FG3A_avg": 1.9090909090909092,
    "FG3A_total": 21,
    "FTM_avg": 0.18181818181818182,
    "FTM_total": 2,
    "FTA_avg": 0.18181818181818182,
    "FTA_total": 2,
    "OREB_avg": 0.18181818181818182,
    "OREB_total": 2,
    "DREB_avg": 0.9090909090909091,
    "DREB_total": 10,
    "REB_avg": 1.0909090909090908,
    "REB_total": 12,
    "AST_avg": 1.2727272727272727,
    "AST_total": 14,
    "STL_avg": 0.6363636363636364,
    "STL_total": 7,
    "BLK_avg": 0.18181818181818182,
    "BLK_total": 2,
    "TOV_avg": 0.45454545454545453,
    "TOV_total": 5,
    "PF_avg": 0.6363636363636364,
    "PF_total": 7,
    "PTS_avg": 2.727272727272727,
    "PTS_total": 30,
    "PLUS_MINUS_avg": 4.0,
    "PLUS_MINUS_total": 44,
    "FG_PCT": 0.3333333333333333,
    "FG3_PCT": 0.2857142857142857,
    "FT_PCT": 1.0,
    "games_played": 11
  }
}