{
  "season_stats": {
    "MIN_avg": 3.2857142857142856,
    "MIN_total": 23,
    "FGM_avg": 0.42857142857142855,
    "FGM_total": 3,
    "FGA_avg": 1.4285714285714286,
    "FGA_total": 10,
    "FG3M_avg": 0.14285714285714285,
    "FG3M_total": 1,
    "FG3A_avg": 1.0,
    "FG3A_total": 7,
    "FTM_avg": 0.0,
    "FTM_total": 0,
    "FTA_avg": 0.2857142857142857,
    "FTA_total": 2,
    "OREB_avg": 0.0,
    "OREB_total": 0,
    "DREB_avg": 0.2857142857142857,
    "DREB_total": 2,
    "REB_avg": 0.2857142857142857,
    "REB_total": 2,
    "AST_avg": 0.42857142857142855,
    "AST_total": 3,
    "STL_avg": 0.0,
    "STL_total": 0,
    "BLK_avg": 0.0,
    "BLK_total": 0,
    "TOV_avg": 0.14285714285714285,
    "TOV_total": 1,
    "PF_avg": 0.2857142857142857,
    "PF_total": 2,
    "PTS_avg": 1.0,
    "PTS_total": 7,
    "PLUS_MINUS_avg": -1.2857142857142858,
    "PLUS_MINUS_total": -9,
    "FG_PCT": 0.3,
    "FG3_PCT": 0.14285714285714285,
    "FT_PCT": 0.0,
    "games_played": 7
  }
}