{
  "season_stats": {
    "MIN_avg": 8.5,
    "MIN_total": 51,
    "FGM_avg": 1.3333333333333333,
    "FGM_total": 8,
    "FGA_avg": 2.8333333333333335,
    "FGA_total": 17,
    "FG3M_avg": 0.5,
    "FG3M_total": 3,
    "FG3A_avg": 1.6666666666666667,
    "FG3A_total": 10,
    "FTM_avg": 0.5,
    "FTM_total": 3,
    "FTA_avg": 1.0,
    "FTA_total": 6,
    "OREB_avg": 0.5,
    "OREB_total": 3,
    "DREB_avg": 1.3333333333333333,
    "DREB_total": 8,
    "REB_avg": 1.8333333333333333,
    "REB_total": 11,
    "AST_avg": 0.6666666666666666,
    "AST_total": 4,
    "STL_avg": 0.6666666666666666,
    "STL_total": 4,
    "BLK_avg": 0.0,
    "BLK_total": 0,
    "TOV_avg": 0.16666666666666666,
    "TOV_total": 1,
    "PF_avg": 0.6666666666666666,
    "PF_total": 4,
    "PTS_avg": 3.6666666666666665,
    "PTS_total": 22,
    "PLUS_MINUS_avg": 3.8333333333333335,
    "PLUS_MINUS_total": 23,
    "FG_PCT": 0.47058823529411764,
    "FG3_PCT": 0.3,
    "FT_PCT": 0.5,
    "games_played": 6
  }
}