{
  "season_stats": {
    "MIN_avg": 24.586666666666666,
    "MIN_total": 1844,
    "FGM_avg": 4.76,
    "FGM_total": 357,
    "FGA_avg": 10.386666666666667,
    "FGA_total": 779,
    "FG3M_avg": 1.6266666666666667,
    "FG3M_total": 122,
    "FG3A_avg": 4.586666666666667,
    "FG3A_total": 344,
    "FTM_avg": 1.4133333333333333,
    "FTM_total": 106,
    "FTA_avg": 1.9866666666666666,
    "FTA_total": 149,
    "OREB_avg": 1.1466666666666667,
    "OREB_total": 86,
    "DREB_avg": 2.4266666666666667,
    "DREB_total": 182,
    "REB_avg": 3.5733333333333333,
    "REB_total": 268,
    "AST_avg": 1.2266666666666666,
    "AST_total": 92,
    "STL_avg": 0.6933333333333334,
    "STL_total": 52,
    "BLK_avg": 0.49333333333333335,
    "BLK_total": 37,
    "TOV_avg": 1.2266666666666666,
    "TOV_total": 92,
    "PF_avg": 1.9866666666666666,
    "PF_total": 149,
    "PTS_avg": 12.56,
    "PTS_total": 942,
    "PLUS_MINUS_avg": -1.6133333333333333,
    "PLUS_MINUS_total": -121,
    "FG_PCT": 0.4582798459563543,
    "FG3_PCT": 0.3546511627906977,
    "FT_PCT": 0.7114093959731543,
    "games_played": 75
  }
}