{
  "season_stats": {
    "MIN_avg": 26.691358024691358,
    "MIN_total": 2162,
    "FGM_avg": 5.222222222222222,
    "FGM_total": 423,
    "FGA_avg": 12.197530864197532,
    "FGA_total": 988,
    "FG3M_avg": 1.1728395061728396,
    "FG3M_total": 95,
    "FG3A_avg": 4.111111111111111,
    "FG3A_total": 333,
    "FTM_avg": 3.074074074074074,
    "FTM_total": 249,
    "FTA_avg": 4.246913580246914,
    "FTA_total": 344,
    "OREB_avg": 1.0987654320987654,
    "OREB_total": 89,
    "DREB_avg": 2.567901234567901,
    "DREB_total": 208,
    "REB_avg": 3.6666666666666665,
    "REB_total": 297,
    "AST_avg": 4.098765432098766,
    "AST_total": 332,
    "STL_avg": 0.9135802469135802,
    "STL_total": 74,
    "BLK_avg": 0.2716049382716049,
    "BLK_total": 22,
    "TOV_avg": 2.185185185185185,
    "TOV_total": 177,
    "PF_avg": 2.0246913580246915,
    "PF_total": 164,
    "PTS_avg": 14.691358024691358,
    "PTS_total": 1190,
    "PLUS_MINUS_avg": -2.950617283950617,
    "PLUS_MINUS_total": -239,
    "FG_PCT": 0.42813765182186236,
    "FG3_PCT": 0.2852852852852853,
    "FT_PCT": 0.7238372093023255,
    "games_played": 81
  }
}