{
  "season_stats": {
    "MIN_avg": 25.82608695652174,
    "MIN_total": 594,
    "FGM_avg": 5.478260869565218,
    "FGM_total": 126,
    "FGA_avg": 11.91304347826087,
    "FGA_total": 274,
    "FG3M_avg": 2.217391304347826,
    "FG3M_total": 51,
    "FG3A_avg": 5.782608695652174,
    "FG3A_total": 133,
    "FTM_avg": 2.130434782608696,
    "FTM_total": 49,
    "FTA_avg": 2.4347826086956523,
    "FTA_total": 56,
    "OREB_avg": 0.5652173913043478,
    "OREB_total": 13,
    "DREB_avg": 1.8695652173913044,
    "DREB_total": 43,
    "REB_avg": 2.4347826086956523,
    "REB_total": 56,
    "AST_avg": 2.608695652173913,
    "AST_total": 60,
    "STL_avg": 0.6521739130434783,
    "STL_total": 15,
    "BLK_avg": 0.0,
    "BLK_total": 0,
    "TOV_avg": 1.608695652173913,
    "TOV_total": 37,
    "PF_avg": 1.608695652173913,
    "PF_total": 37,
    "PTS_avg": 15.304347826086957,
    "PTS_total": 352,
    "PLUS_MINUS_avg": -1.173913043478261,
    "PLUS_MINUS_total": -27,
    "FG_PCT": 0.45985401459854014,
    "FG3_PCT": 0.38345864661654133,
    "FT_PCT": 0.875,
    "games_played": 23
  }
}