{
  "season_stats": {
    "MIN_avg": 18.885714285714286,
    "MIN_total": 661,
    "FGM_avg": 1.1714285714285715,
    "FGM_total": 41,
    "FGA_avg": 3.342857142857143,
    "FGA_total": 117,
    "FG3M_avg": 0.8285714285714286,
    "FG3M_total": 29,
    "FG3A_avg": 2.5142857142857142,
    "FG3A_total": 88,
    "FTM_avg": 0.7714285714285715,
    "FTM_total": 27,
    "FTA_avg": 0.9428571428571428,
    "FTA_total": 33,
    "OREB_avg": 0.3142857142857143,
    "OREB_total": 11,
    "DREB_avg": 1.6,
    "DREB_total": 56,
    "REB_avg": 1.9142857142857144,
    "REB_total": 67,
    "AST_avg": 2.742857142857143,
    "AST_total": 96,
    "STL_avg": 0.9428571428571428,
    "STL_total": 33,
    "BLK_avg": 0.3142857142857143,
    "BLK_total": 11,
    "TOV_avg": 0.6,
    "TOV_total": 21,
    "PF_avg": 1.7714285714285714,
    "PF_total": 62,
    "PTS_avg": 3.942857142857143,
    "PTS_total": 138,
    "PLUS_MINUS_avg": -2.0285714285714285,
    "PLUS_MINUS_total": -71,
    "FG_PCT": 0.3504273504273504,
    "FG3_PCT": 0.32954545454545453,
    "FT_PCT": 0.8181818181818182,
    "games_played": 35
  }
}