{
  "season_stats": {
    "MIN_avg": 24.732394366197184,
    "MIN_total": 1756,
    "FGM_avg": 2.6338028169014085,
    "FGM_total": 187,
    "FGA_avg": 6.591549295774648,
    "FGA_total": 468,
    "FG3M_avg": 1.7887323943661972,
    "FG3M_total": 127,
    "FG3A_avg": 4.366197183098592,
    "FG3A_total": 310,
    "FTM_avg": 1.1408450704225352,
    "FTM_total": 81,
    "FTA_avg": 1.267605633802817,
    "FTA_total": 90,
    "OREB_avg": 0.4507042253521127,
    "OREB_total": 32,
    "DREB_avg": 2.112676056338028,
    "DREB_total": 150,
    "REB_avg": 2.563380281690141,
    "REB_total": 182,
    "AST_avg": 4.492957746478873,
    "AST_total": 319,
    "STL_avg": 1.1126760563380282,
    "STL_total": 79,
    "BLK_avg": 0.19718309859154928,
    "BLK_total": 14,
    "TOV_avg": 1.056338028169014,
    "TOV_total": 75,
    "PF_avg": 1.5633802816901408,
    "PF_total": 111,
    "PTS_avg": 8.19718309859155,
    "PTS_total": 582,
    "PLUS_MINUS_avg": 3.732394366197183,
    "PLUS_MINUS_total": 265,
    "FG_PCT": 0.3995726495726496,
    "FG3_PCT": 0.4096774193548387,
    "FT_PCT": 0.9,
    "games_played": 71
  }
}