{
  "season_stats": {
    "MIN_avg": 36.58064516129032,
    "MIN_total": 2268,
    "FGM_avg": 9.548387096774194,
    "FGM_total": 592,
    "FGA_avg": 18.129032258064516,
    "FGA_total": 1124,
    "FG3M_avg": 2.5806451612903225,
    "FG3M_total": 160,
    "FG3A_avg": 6.0,
    "FG3A_total": 372,
    "FTM_avg": 4.887096774193548,
    "FTM_total": 303,
    "FTA_avg": 5.82258064516129,
    "FTA_total": 361,
    "OREB_avg": 0.3709677419354839,
    "OREB_total": 23,
    "DREB_avg": 5.661290322580645,
    "DREB_total": 351,
    "REB_avg": 6.032258064516129,
    "REB_total": 374,
    "AST_avg": 4.241935483870968,
    "AST_total": 263,
    "STL_avg": 0.8064516129032258,
    "STL_total": 50,
    "BLK_avg": 1.2419354838709677,
    "BLK_total": 77,
    "TOV_avg": 3.064516129032258,
    "TOV_total": 190,
    "PF_avg": 1.6774193548387097,
    "PF_total": 104,
    "PTS_avg": 26.56451612903226,
    "PTS_total": 1647,
    "PLUS_MINUS_avg": -0.6129032258064516,
    "PLUS_MINUS_total": -38,
    "FG_PCT": 0.5266903914590747,
    "FG3_PCT": 0.43010752688172044,
    "FT_PCT": 0.8393351800554016,
    "games_played": 62
  }
}