{
  "season_stats": {
    "MIN_avg": 12.40625,
    "MIN_total": 397,
    "FGM_avg": 1.90625,
    "FGM_total": 61,
    "FGA_avg": 3.78125,
    "FGA_total": 121,
    "FG3M_avg": 0.90625,
    "FG3M_total": 29,
    "FG3A_avg": 2.46875,
    "FG3A_total": 79,
    "FTM_avg": 0.65625,
    "FTM_total": 21,
    "FTA_avg": 0.8125,
    "FTA_total": 26,
    "OREB_avg": 0.34375,
    "OREB_total": 11,
    "DREB_avg": 1.46875,
    "DREB_total": 47,
    "REB_avg": 1.8125,
    "REB_total": 58,
    "AST_avg": 0.625,
    "AST_total": 20,
    "STL_avg": 0.1875,
    "STL_total": 6,
    "BLK_avg": 0.125,
    "BLK_total": 4,
    "TOV_avg": 0.28125,
    "TOV_total": 9,
    "PF_avg": 1.0,
    "PF_total": 32,
    "PTS_avg": 5.375,
    "PTS_total": 172,
    "PLUS_MINUS_avg": -1.1875,
    "PLUS_MINUS_total": -38,
    "FG_PCT": 0.5041322314049587,
    "FG3_PCT": 0.3670886075949367,
    "FT_PCT": 0.8076923076923077,
    "games_played": 32
  }
}