{
  "season_stats": {
    "MIN_avg": 27.666666666666668,
    "MIN_total": 1660,
    "FGM_avg": 3.25,
    "FGM_total": 195,
    "FGA_avg": 7.683333333333334,
    "FGA_total": 461,
    "FG3M_avg": 1.9,
    "FG3M_total": 114,
    "FG3A_avg": 5.233333333333333,
    "FG3A_total": 314,
    "FTM_avg": 0.5666666666666667,
    "FTM_total": 34,
    "FTA_avg": 0.6333333333333333,
    "FTA_total": 38,
    "OREB_avg": 1.3166666666666667,
    "OREB_total": 79,
    "DREB_avg": 4.833333333333333,
    "DREB_total": 290,
    "REB_avg": 6.15,
    "REB_total": 369,
    "AST_avg": 2.1333333333333333,
    "AST_total": 128,
    "STL_avg": 0.6,
    "STL_total": 36,
    "BLK_avg": 0.85,
    "BLK_total": 51,
    "TOV_avg": 0.7666666666666667,
    "TOV_total": 46,
    "PF_avg": 1.35,
    "PF_total": 81,
    "PTS_avg": 8.966666666666667,
    "PTS_total": 538,
    "PLUS_MINUS_avg": 6.616666666666666,
    "PLUS_MINUS_total": 397,
    "FG_PCT": 0.4229934924078091,
    "FG3_PCT": 0.3630573248407643,
    "FT_PCT": 0.8947368421052632,
    "games_played": 60
  }
}