{
  "season_stats": {
    "MIN_avg": 12.303571428571429,
    "MIN_total": 689,
    "FGM_avg": 1.625,
    "FGM_total": 91,
    "FGA_avg": 2.5,
    "FGA_total": 140,
    "FG3M_avg": 0.0,
    "FG3M_total": 0,
    "FG3A_avg": 0.0,
    "FG3A_total": 0,
    "FTM_avg": 0.48214285714285715,
    "FTM_total": 27,
    "FTA_avg": 1.1428571428571428,
    "FTA_total": 64,
    "OREB_avg": 1.5,
    "OREB_total": 84,
    "DREB_avg": 3.5714285714285716,
    "DREB_total": 200,
    "REB_avg": 5.071428571428571,
    "REB_total": 284,
    "AST_avg": 0.9464285714285714,
    "AST_total": 53,
    "STL_avg": 0.2857142857142857,
    "STL_total": 16,
    "BLK_avg": 0.48214285714285715,
    "BLK_total": 27,
    "TOV_avg": 0.7142857142857143,
    "TOV_total": 40,
    "PF_avg": 1.3214285714285714,
    "PF_total": 74,
    "PTS_avg": 3.732142857142857,
    "PTS_total": 209,
    "PLUS_MINUS_avg": -0.8392857142857143,
    "PLUS_MINUS_total": -47,
    "FG_PCT": 0.65,
    "FG3_PCT": 0.0,
    "FT_PCT": 0.421875,
    "games_played": 56
  }
}