{
  "season_stats": {
    "MIN_avg": 31.825,
    "MIN_total": 2546,
    "FGM_avg": 4.925,
    "FGM_total": 394,
    "FGA_avg": 9.675,
    "FGA_total": 774,
    "FG3M_avg": 1.7375,
    "FG3M_total": 139,
    "FG3A_avg": 4.6625,
    "FG3A_total": 373,
    "FTM_avg": 1.425,
    "FTM_total": 114,
    "FTA_avg": 1.725,
    "FTA_total": 138,
    "OREB_avg": 1.4125,
    "OREB_total": 113,
    "DREB_avg": 3.6,
    "DREB_total": 288,
    "REB_avg": 5.0125,
    "REB_total": 401,
    "AST_avg": 1.7875,
    "AST_total": 143,
    "STL_avg": 0.625,
    "STL_total": 50,
    "BLK_avg": 1.85,
    "BLK_total": 148,
    "TOV_avg": 1.05,
    "TOV_total": 84,
    "PF_avg": 2.1375,
    "PF_total": 171,
    "PTS_avg": 13.0125,
    "PTS_total": 1041,
    "PLUS_MINUS_avg": 1.675,
    "PLUS_MINUS_total": 134,
    "FG_PCT": 0.5090439276485789,
    "FG3_PCT": 0.3726541554959786,
    "FT_PCT": 0.8260869565217391,
    "games_played": 80
  }
}