{
  "season_stats": {
    "MIN_avg": 19.692307692307693,
    "MIN_total": 768,
    "FGM_avg": 2.230769230769231,
    "FGM_total": 87,
    "FGA_avg": 5.230769230769231,
    "FGA_total": 204,
    "FG3M_avg": 1.435897435897436,
    "FG3M_total": 56,
    "FG3A_avg": 3.5128205128205128,
    "FG3A_total": 137,
    "FTM_avg": 0.9230769230769231,
    "FTM_total": 36,
    "FTA_avg": 1.2307692307692308,
    "FTA_total": 48,
    "OREB_avg": 0.20512820512820512,
    "OREB_total": 8,
    "DREB_avg": 0.9743589743589743,
    "DREB_total": 38,
    "REB_avg": 1.1794871794871795,
    "REB_total": 46,
    "AST_avg": 1.6666666666666667,
    "AST_total": 65,
    "STL_avg": 0.6666666666666666,
    "STL_total": 26,
    "BLK_avg": 0.3076923076923077,
    "BLK_total": 12,
    "TOV_avg": 0.717948717948718,
    "TOV_total": 28,
    "PF_avg": 0.8205128205128205,
    "PF_total": 32,
    "PTS_avg": 6.82051282051282,
    "PTS_total": 266,
    "PLUS_MINUS_avg": -1.8461538461538463,
    "PLUS_MINUS_total": -72,
    "FG_PCT": 0.4264705882352941,
    "FG3_PCT": 0.40875912408759124,
    "FT_PCT": 0.75,
    "games_played": 39
  }
}