{
  "season_stats": {
    "MIN_avg": 27.92,
    "MIN_total": 2094,
    "FGM_avg": 4.973333333333334,
    "FGM_total": 373,
    "FGA_avg": 11.08,
    "FGA_total": 831,
    "FG3M_avg": 1.2533333333333334,
    "FG3M_total": 94,
    "FG3A_avg": 3.88,
    "FG3A_total": 291,
    "FTM_avg": 2.0533333333333332,
    "FTM_total": 154,
    "FTA_avg": 3.1066666666666665,
    "FTA_total": 233,
    "OREB_avg": 1.36,
    "OREB_total": 102,
    "DREB_avg": 3.5733333333333333,
    "DREB_total": 268,
    "REB_avg": 4.933333333333334,
    "REB_total": 370,
    "AST_avg": 6.093333333333334,
    "AST_total": 457,
    "STL_avg": 1.4133333333333333,
    "STL_total": 106,
    "BLK_avg": 0.49333333333333335,
    "BLK_total": 37,
    "TOV_avg": 3.2266666666666666,
    "TOV_total": 242,
    "PF_avg": 2.506666666666667,
    "PF_total": 188,
    "PTS_avg": 13.253333333333334,
    "PTS_total": 994,
    "PLUS_MINUS_avg": -0.32,
    "PLUS_MINUS_total": -24,
    "FG_PCT": 0.44885679903730447,
    "FG3_PCT": 0.3230240549828179,
    "FT_PCT": 0.6609442060085837,
    "games_played": 75
  }
}