{
  "season_stats": {
    "MIN_avg": 10.91304347826087,
    "MIN_total": 251,
    "FGM_avg": 1.7826086956521738,
    "FGM_total": 41,
    "FGA_avg": 5.0,
    "FGA_total": 115,
    "FG3M_avg": 1.0434782608695652,
    "FG3M_total": 24,
    "FG3A_avg": 2.9130434782608696,
    "FG3A_total": 67,
    "FTM_avg": 0.6956521739130435,
    "FTM_total": 16,
    "FTA_avg": 1.0,
    "FTA_total": 23,
    "OREB_avg": 0.9565217391304348,
    "OREB_total": 22,
    "DREB_avg": 3.130434782608696,
    "DREB_total": 72,
    "REB_avg": 4.086956521739131,
    "REB_total": 94,
    "AST_avg": 0.9565217391304348,
    "AST_total": 22,
    "STL_avg": 0.6521739130434783,
    "STL_total": 15,
    "BLK_avg": 0.17391304347826086,
    "BLK_total": 4,
    "TOV_avg": 0.6086956521739131,
    "TOV_total": 14,
    "PF_avg": 0.9130434782608695,
    "PF_total": 21,
    "PTS_avg": 5.304347826086956,
    "PTS_total": 122,
    "PLUS_MINUS_avg": -1.0869565217391304,
    "PLUS_MINUS_total": -25,
    "FG_PCT": 0.3565217391304348,
    "FG3_PCT": 0.3582089552238806,
    "FT_PCT": 0.6956521739130435,
    "games_played": 23
  }
}