{
  "season_stats": {
    "MIN_avg": 17.487179487179485,
    "MIN_total": 1364,
    "FGM_avg": 1.3333333333333333,
    "FGM_total": 104,
    "FGA_avg": 3.051282051282051,
    "FGA_total": 238,
    "FG3M_avg": 1.1282051282051282,
    "FG3M_total": 88,
    "FG3A_avg": 2.6025641025641026,
    "FG3A_total": 203,
    "FTM_avg": 0.21794871794871795,
    "FTM_total": 17,
    "FTA_avg": 0.2692307692307692,
    "FTA_total": 21,
    "OREB_avg": 0.6025641025641025,
    "OREB_total": 47,
    "DREB_avg": 2.1923076923076925,
    "DREB_total": 171,
    "REB_avg": 2.7948717948717947,
    "REB_total": 218,
    "AST_avg": 1.0769230769230769,
    "AST_total": 84,
    "STL_avg": 0.6666666666666666,
    "STL_total": 52,
    "BLK_avg": 0.46153846153846156,
    "BLK_total": 36,
    "TOV_avg": 0.4358974358974359,
    "TOV_total": 34,
    "PF_avg": 1.4230769230769231,
    "PF_total": 111,
    "PTS_avg": 4.012820512820513,
    "PTS_total": 313,
    "PLUS_MINUS_avg": 1.9487179487179487,
    "PLUS_MINUS_total": 152,
    "FG_PCT": 0.4369747899159664,
    "FG3_PCT": 0.43349753694581283,
    "FT_PCT": 0.8095238095238095,
    "games_played": 78
  }
}