{
  "season_stats": {
    "MIN_avg": 11.027027027027026,
    "MIN_total": 408,
    "FGM_avg": 1.2702702702702702,
    "FGM_total": 47,
    "FGA_avg": 2.5675675675675675,
    "FGA_total": 95,
    "FG3M_avg": 0.02702702702702703,
    "FG3M_total": 1,
    "FG3A_avg": 0.05405405405405406,
    "FG3A_total": 2,
    "FTM_avg": 0.32432432432432434,
    "FTM_total": 12,
    "FTA_avg": 0.5405405405405406,
    "FTA_total": 20,
    "OREB_avg": 1.3783783783783783,
    "OREB_total": 51,
    "DREB_avg": 1.864864864864865,
    "DREB_total": 69,
    "REB_avg": 3.2432432432432434,
    "REB_total": 120,
    "AST_avg": 0.5675675675675675,
    "AST_total": 21,
    "STL_avg": 0.24324324324324326,
    "STL_total": 9,
    "BLK_avg": 0.4864864864864865,
    "BLK_total": 18,
    "TOV_avg": 0.6756756756756757,
    "TOV_total": 25,
    "PF_avg": 1.4594594594594594,
    "PF_total": 54,
    "PTS_avg": 2.891891891891892,
    "PTS_total": 107,
    "PLUS_MINUS_avg": -3.3513513513513513,
    "PLUS_MINUS_total": -124,
    "FG_PCT": 0.49473684210526314,
    "FG3_PCT": 0.5,
    "FT_PCT": 0.6,
    "games_played": 37
  }
}