{
  "season_stats": {
    "MIN_avg": 30.661290322580644,
    "MIN_total": 1901,
    "FGM_avg": 4.096774193548387,
    "FGM_total": 254,
    "FGA_avg": 9.241935483870968,
    "FGA_total": 573,
    "FG3M_avg": 1.7419354838709677,
    "FG3M_total": 108,
    "FG3A_avg": 4.935483870967742,
    "FG3A_total": 306,
    "FTM_avg": 1.1290322580645162,
    "FTM_total": 70,
    "FTA_avg": 1.2419354838709677,
    "FTA_total": 77,
    "OREB_avg": 1.2258064516129032,
    "OREB_total": 76,
    "DREB_avg": 3.0483870967741935,
    "DREB_total": 189,
    "REB_avg": 4.274193548387097,
    "REB_total": 265,
    "AST_avg": 3.8548387096774195,
    "AST_total": 239,
    "STL_avg": 1.064516129032258,
    "STL_total": 66,
    "BLK_avg": 0.43548387096774194,
    "BLK_total": 27,
    "TOV_avg": 1.2419354838709677,
    "TOV_total": 77,
    "PF_avg": 1.6290322580645162,
    "PF_total": 101,
    "PTS_avg": 11.064516129032258,
    "PTS_total": 686,
    "PLUS_MINUS_avg": 5.467741935483871,
    "PLUS_MINUS_total": 339,
    "FG_PCT": 0.4432809773123909,
    "FG3_PCT": 0.35294117647058826,
    "FT_PCT": 0.9090909090909091,
    "games_played": 62
  }
}