{
  "season_stats": {
    "MIN_avg": 35.935064935064936,
    "MIN_total": 2767,
    "FGM_avg": 8.103896103896103,
    "FGM_total": 624,
    "FGA_avg": 16.98701298701299,
    "FGA_total": 1308,
    "FG3M_avg": 1.0909090909090908,
    "FG3M_total": 84,
    "FG3A_avg": 3.324675324675325,
    "FG3A_total": 256,
    "FTM_avg": 4.909090909090909,
    "FTM_total": 378,
    "FTA_avg": 5.7272727272727275,
    "FTA_total": 441,
    "OREB_avg": 0.6493506493506493,
    "OREB_total": 50,
    "DREB_avg": 3.220779220779221,
    "DREB_total": 248,
    "REB_avg": 3.8701298701298703,
    "REB_total": 298,
    "AST_avg": 4.441558441558442,
    "AST_total": 342,
    "STL_avg": 0.8051948051948052,
    "STL_total": 62,
    "BLK_avg": 0.4155844155844156,
    "BLK_total": 32,
    "TOV_avg": 1.3636363636363635,
    "TOV_total": 105,
    "PF_avg": 1.948051948051948,
    "PF_total": 150,
    "PTS_avg": 22.207792207792206,
    "PTS_total": 1710,
    "PLUS_MINUS_avg": 1.4285714285714286,
    "PLUS_MINUS_total": 110,
    "FG_PCT": 0.47706422018348627,
    "FG3_PCT": 0.328125,
    "FT_PCT": 0.8571428571428571,
    "games_played": 77
  }
}