{
  "season_stats": {
    "MIN_avg": 11.068965517241379,
    "MIN_total": 321,
    "FGM_avg": 1.2413793103448276,
    "FGM_total": 36,
    "FGA_avg": 3.310344827586207,
    "FGA_total": 96,
    "FG3M_avg": 0.896551724137931,
    "FG3M_total": 26,
    "FG3A_avg": 2.586206896551724,
    "FG3A_total": 75,
    "FTM_avg": 0.4482758620689655,
    "FTM_total": 13,
    "FTA_avg": 0.4827586206896552,
    "FTA_total": 14,
    "OREB_avg": 0.13793103448275862,
    "OREB_total": 4,
    "DREB_avg": 0.6206896551724138,
    "DREB_total": 18,
    "REB_avg": 0.7586206896551724,
    "REB_total": 22,
    "AST_avg": 0.896551724137931,
    "AST_total": 26,
    "STL_avg": 0.4482758620689655,
    "STL_total": 13,
    "BLK_avg": 0.10344827586206896,
    "BLK_total": 3,
    "TOV_avg": 0.5862068965517241,
    "TOV_total": 17,
    "PF_avg": 0.8275862068965517,
    "PF_total": 24,
    "PTS_avg": 3.8275862068965516,
    "PTS_total": 111,
    "PLUS_MINUS_avg": -0.5172413793103449,
    "PLUS_MINUS_total": -15,
    "FG_PCT": 0.375,
    "FG3_PCT": 0.3466666666666667,
    "FT_PCT": 0.9285714285714286,
    "games_played": 29
  }
}