{
  "season_stats": {
    "MIN_avg": 35.31645569620253,
    "MIN_total": 2790,
    "FGM_avg": 6.7215189873417724,
    "FGM_total": 531,
    "FGA_avg": 16.39240506329114,
    "FGA_total": 1295,
    "FG3M_avg": 2.9746835443037973,
    "FG3M_total": 235,
    "FG3A_avg": 8.455696202531646,
    "FG3A_total": 668,
    "FTM_avg": 6.3924050632911396,
    "FTM_total": 505,
    "FTA_avg": 7.3164556962025316,
    "FTA_total": 578,
    "OREB_avg": 0.6962025316455697,
    "OREB_total": 55,
    "DREB_avg": 5.075949367088608,
    "DREB_total": 401,
    "REB_avg": 5.772151898734177,
    "REB_total": 456,
    "AST_avg": 8.69620253164557,
    "AST_total": 687,
    "STL_avg": 1.4936708860759493,
    "STL_total": 118,
    "BLK_avg": 0.6962025316455697,
    "BLK_total": 55,
    "TOV_avg": 4.3164556962025316,
    "TOV_total": 341,
    "PF_avg": 2.050632911392405,
    "PF_total": 162,
    "PTS_avg": 22.810126582278482,
    "PTS_total": 1802,
    "PLUS_MINUS_avg": 4.3544303797468356,
    "PLUS_MINUS_total": 344,
    "FG_PCT": 0.41003861003861003,
    "FG3_PCT": 0.35179640718562877,
    "FT_PCT": 0.8737024221453287,
    "games_played": 79
  }
}