{
  "season_stats": {
    "MIN_avg": 3.0833333333333335,
    "MIN_total": 37,
    "FGM_avg": 0.3333333333333333,
    "FGM_total": 4,
    "FGA_avg": 0.9166666666666666,
    "FGA_total": 11,
    "FG3M_avg": 0.0,
    "FG3M_total": 0,
    "FG3A_avg": 0.25,
    "FG3A_total": 3,
    "FTM_avg": 0.0,
    "FTM_total": 0,
    "FTA_avg": 0.08333333333333333,
    "FTA_total": 1,
    "OREB_avg": 0.0,
    "OREB_total": 0,
    "DREB_avg": 0.5,
    "DREB_total": 6,
    "REB_avg": 0.5,
    "REB_total": 6,
    "AST_avg": 0.3333333333333333,
    "AST_total": 4,
    "STL_avg": 0.0,
    "STL_total": 0,
    "BLK_avg": 0.16666666666666666,
    "BLK_total": 2,
    "TOV_avg": 0.3333333333333333,
    "TOV_total": 4,
    "PF_avg": 0.4166666666666667,
    "PF_total": 5,
    "PTS_avg": 0.6666666666666666,
    "PTS_total": 8,
    "PLUS_MINUS_avg": -0.75,
    "PLUS_MINUS_total": -9,
    "FG_PCT": 0.36363636363636365,
    "FG3_PCT": 0.0,
    "FT_PCT": 0.0,
    "games_played": 12
  }
}