{
  "season_stats": {
    "MIN_avg": 32.128571428571426,
    "MIN_total": 2249,
    "FGM_avg": 8.057142857142857,
    "FGM_total": 564,
    "FGA_avg": 17.97142857142857,
    "FGA_total": 1258,
    "FG3M_avg": 4.442857142857143,
    "FG3M_total": 311,
    "FG3A_avg": 11.2,
    "FG3A_total": 784,
    "FTM_avg": 3.9857142857142858,
    "FTM_total": 279,
    "FTA_avg": 4.271428571428571,
    "FTA_total": 299,
    "OREB_avg": 0.5714285714285714,
    "OREB_total": 40,
    "DREB_avg": 3.857142857142857,
    "DREB_total": 270,
    "REB_avg": 4.428571428571429,
    "REB_total": 310,
    "AST_avg": 6.014285714285714,
    "AST_total": 421,
    "STL_avg": 1.1428571428571428,
    "STL_total": 80,
    "BLK_avg": 0.42857142857142855,
    "BLK_total": 30,
    "TOV_avg": 2.857142857142857,
    "TOV_total": 200,
    "PF_avg": 1.3571428571428572,
    "PF_total": 95,
    "PTS_avg": 24.542857142857144,
    "PTS_total": 1718,
    "PLUS_MINUS_avg": 4.271428571428571,
    "PLUS_MINUS_total": 299,
    "FG_PCT": 0.4483306836248013,
    "FG3_PCT": 0.39668367346938777,
    "FT_PCT": 0.9331103678929766,
    "games_played": 70
  }
}