{
  "season_stats": {
    "MIN_avg": 8.071428571428571,
    "MIN_total": 226,
    "FGM_avg": 0.6428571428571429,
    "FGM_total": 18,
    "FGA_avg": 2.142857142857143,
    "FGA_total": 60,
    "FG3M_avg": 0.21428571428571427,
    "FG3M_total": 6,
    "FG3A_avg": 1.0,
    "FG3A_total": 28,
    "FTM_avg": 0.39285714285714285,
    "FTM_total": 11,
    "FTA_avg": 0.42857142857142855,
    "FTA_total": 12,
    "OREB_avg": 0.32142857142857145,
    "OREB_total": 9,
    "DREB_avg": 0.7142857142857143,
    "DREB_total": 20,
    "REB_avg": 1.0357142857142858,
    "REB_total": 29,
    "AST_avg": 1.1071428571428572,
    "AST_total": 31,
    "STL_avg": 0.6071428571428571,
    "STL_total": 17,
    "BLK_avg": 0.07142857142857142,
    "BLK_total": 2,
    "TOV_avg": 0.35714285714285715,
    "TOV_total": 10,
    "PF_avg": 0.8214285714285714,
    "PF_total": 23,
    "PTS_avg": 1.8928571428571428,
    "PTS_total": 53,
    "PLUS_MINUS_avg": -1.0,
    "PLUS_MINUS_total": -28,
    "FG_PCT": 0.3,
    "FG3_PCT": 0.21428571428571427,
    "FT_PCT": 0.9166666666666666,
    "games_played": 28
  }
}