{
  "season_stats": {
    "MIN_avg": 32.5609756097561,
    "MIN_total": 1335,
    "FGM_avg": 5.975609756097561,
    "FGM_total": 245,
    "FGA_avg": 13.902439024390244,
    "FGA_total": 570,
    "FG3M_avg": 2.341463414634146,
    "FG3M_total": 96,
    "FG3A_avg": 6.536585365853658,
    "FG3A_total": 268,
    "FTM_avg": 1.9268292682926829,
    "FTM_total": 79,
    "FTA_avg": 2.3658536585365852,
    "FTA_total": 97,
    "OREB_avg": 0.5853658536585366,
    "OREB_total": 24,
    "DREB_avg": 4.7560975609756095,
    "DREB_total": 195,
    "REB_avg": 5.341463414634147,
    "REB_total": 219,
    "AST_avg": 4.341463414634147,
    "AST_total": 178,
    "STL_avg": 1.829268292682927,
    "STL_total": 75,
    "BLK_avg": 0.4878048780487805,
    "BLK_total": 20,
    "TOV_avg": 2.5853658536585367,
    "TOV_total": 106,
    "PF_avg": 2.4634146341463414,
    "PF_total": 101,
    "PTS_avg": 16.21951219512195,
    "PTS_total": 665,
    "PLUS_MINUS_avg": -2.024390243902439,
    "PLUS_MINUS_total": -83,
    "FG_PCT": 0.4298245614035088,
    "FG3_PCT": 0.3582089552238806,
    "FT_PCT": 0.8144329896907216,
    "games_played": 41
  }
}