{
  "season_stats": {
    "MIN_avg": 18.790123456790123,
    "MIN_total": 1522,
    "FGM_avg": 4.2592592592592595,
    "FGM_total": 345,
    "FGA_avg": 7.7407407407407405,
    "FGA_total": 627,
    "FG3M_avg": 0.09876543209876543,
    "FG3M_total": 8,
    "FG3A_avg": 0.4567901234567901,
    "FG3A_total": 37,
    "FTM_avg": 1.7901234567901234,
    "FTM_total": 145,
    "FTA_avg": 2.037037037037037,
    "FTA_total": 165,
    "OREB_avg": 2.345679012345679,
    "OREB_total": 190,
    "DREB_avg": 5.395061728395062,
    "DREB_total": 437,
    "REB_avg": 7.7407407407407405,
    "REB_total": 627,
    "AST_avg": 2.0246913580246915,
    "AST_total": 164,
    "STL_avg": 0.4567901234567901,
    "STL_total": 37,
    "BLK_avg": 0.5679012345679012,
    "BLK_total": 46,
    "TOV_avg": 1.4814814814814814,
    "TOV_total": 120,
    "PF_avg": 2.234567901234568,
    "PF_total": 181,
    "PTS_avg": 10.407407407407407,
    "PTS_total": 843,
    "PLUS_MINUS_avg": -3.753086419753086,
    "PLUS_MINUS_total": -304,
    "FG_PCT": 0.5502392344497608,
    "FG3_PCT": 0.21621621621621623,
    "FT_PCT": 0.8787878787878788,
    "games_played": 81
  }
}