{
  "season_stats": {
    "MIN_avg": 27.38888888888889,
    "MIN_total": 1972,
    "FGM_avg": 5.013888888888889,
    "FGM_total": 361,
    "FGA_avg": 12.180555555555555,
    "FGA_total": 877,
    "FG3M_avg": 3.0,
    "FG3M_total": 216,
    "FG3A_avg": 7.680555555555555,
    "FG3A_total": 553,
    "FTM_avg": 0.9305555555555556,
    "FTM_total": 67,
    "FTA_avg": 1.0277777777777777,
    "FTA_total": 74,
    "OREB_avg": 0.6111111111111112,
    "OREB_total": 44,
    "DREB_avg": 2.8055555555555554,
    "DREB_total": 202,
    "REB_avg": 3.4166666666666665,
    "REB_total": 246,
    "AST_avg": 2.013888888888889,
    "AST_total": 145,
    "STL_avg": 0.6944444444444444,
    "STL_total": 50,
    "BLK_avg": 0.4166666666666667,
    "BLK_total": 30,
    "TOV_avg": 1.2222222222222223,
    "TOV_total": 88,
    "PF_avg": 1.125,
    "PF_total": 81,
    "PTS_avg": 13.958333333333334,
    "PTS_total": 1005,
    "PLUS_MINUS_avg": -1.0972222222222223,
    "PLUS_MINUS_total": -79,
    "FG_PCT": 0.41163055872291904,
    "FG3_PCT": 0.39059674502712477,
    "FT_PCT": 0.9054054054054054,
    "games_played": 72
  }
}