{
  "season_stats": {
    "MIN_avg": 18.785714285714285,
    "MIN_total": 526,
    "FGM_avg": 2.392857142857143,
    "FGM_total": 67,
    "FGA_avg": 4.071428571428571,
    "FGA_total": 114,
    "FG3M_avg": 0.0,
    "FG3M_total": 0,
    "FG3A_avg": 0.0,
    "FG3A_total": 0,
    "FTM_avg": 0.35714285714285715,
    "FTM_total": 10,
    "FTA_avg": 0.8928571428571429,
    "FTA_total": 25,
    "OREB_avg": 1.5357142857142858,
    "OREB_total": 43,
    "DREB_avg": 4.107142857142857,
    "DREB_total": 115,
    "REB_avg": 5.642857142857143,
    "REB_total": 158,
    "AST_avg": 1.1071428571428572,
    "AST_total": 31,
    "STL_avg": 0.5714285714285714,
    "STL_total": 16,
    "BLK_avg": 0.8214285714285714,
    "BLK_total": 23,
    "TOV_avg": 0.9642857142857143,
    "TOV_total": 27,
    "PF_avg": 1.8571428571428572,
    "PF_total": 52,
    "PTS_avg": 5.142857142857143,
    "PTS_total": 144,
    "PLUS_MINUS_avg": -3.5714285714285716,
    "PLUS_MINUS_total": -100,
    "FG_PCT": 0.5877192982456141,
    "FG3_PCT": 0.0,
    "FT_PCT": 0.4,
    "games_played": 28
  }
}