{
  "season_stats": {
    "MIN_avg": 11.0,
    "MIN_total": 165,
    "FGM_avg": 1.4,
    "FGM_total": 21,
    "FGA_avg": 4.666666666666667,
    "FGA_total": 70,
    "FG3M_avg": 0.6,
    "FG3M_total": 9,
    "FG3A_avg": 2.4,
    "FG3A_total": 36,
    "FTM_avg": 0.3333333333333333,
    "FTM_total": 5,
    "FTA_avg": 0.4,
    "FTA_total": 6,
    "OREB_avg": 0.2,
    "OREB_total": 3,
    "DREB_avg": 1.3333333333333333,
    "DREB_total": 20,
    "REB_avg": 1.5333333333333334,
    "REB_total": 23,
    "AST_avg": 1.4,
    "AST_total": 21,
    "STL_avg": 0.13333333333333333,
    "STL_total": 2,
    "BLK_avg": 0.2,
    "BLK_total": 3,
    "TOV_avg": 0.3333333333333333,
    "TOV_total": 5,
    "PF_avg": 1.0666666666666667,
    "PF_total": 16,
    "PTS_avg": 3.7333333333333334,
    "PTS_total": 56,
    "PLUS_MINUS_avg": -1.8666666666666667,
    "PLUS_MINUS_total": -28,
    "FG_PCT": 0.3,
    "FG3_PCT": 0.25,
    "FT_PCT": 0.8333333333333334,
    "games_played": 15
  }
}