{
  "season_stats": {
    "MIN_avg": 31.83783783783784,
    "MIN_total": 1178,
    "FGM_avg": 8.378378378378379,
    "FGM_total": 310,
    "FGA_avg": 16.83783783783784,
    "FGA_total": 623,
    "FG3M_avg": 2.108108108108108,
    "FG3M_total": 78,
    "FG3A_avg": 5.135135135135135,
    "FG3A_total": 190,
    "FTM_avg": 2.6486486486486487,
    "FTM_total": 98,
    "FTA_avg": 3.27027027027027,
    "FTA_total": 121,
    "OREB_avg": 0.9459459459459459,
    "OREB_total": 35,
    "DREB_avg": 4.972972972972973,
    "DREB_total": 184,
    "REB_avg": 5.918918918918919,
    "REB_total": 219,
    "AST_avg": 3.135135135135135,
    "AST_total": 116,
    "STL_avg": 1.5945945945945945,
    "STL_total": 59,
    "BLK_avg": 0.4594594594594595,
    "BLK_total": 17,
    "TOV_avg": 1.945945945945946,
    "TOV_total": 72,
    "PF_avg": 1.5135135135135136,
    "PF_total": 56,
    "PTS_avg": 21.513513513513512,
    "PTS_total": 796,
    "PLUS_MINUS_avg": 8.0,
    "PLUS_MINUS_total": 296,
    "FG_PCT": 0.49759229534510435,
    "FG3_PCT": 0.4105263157894737,
    "FT_PCT": 0.8099173553719008,
    "games_played": 37
  }
}