{
  "season_stats": {
    "MIN_avg": 17.653061224489797,
    "MIN_total": 865,
    "FGM_avg": 2.3469387755102042,
    "FGM_total": 115,
    "FGA_avg": 5.530612244897959,
    "FGA_total": 271,
    "FG3M_avg": 1.7959183673469388,
    "FG3M_total": 88,
    "FG3A_avg": 4.224489795918367,
    "FG3A_total": 207,
    "FTM_avg": 0.7755102040816326,
    "FTM_total": 38,
    "FTA_avg": 1.0,
    "FTA_total": 49,
    "OREB_avg": 0.30612244897959184,
    "OREB_total": 15,
    "DREB_avg": 2.2244897959183674,
    "DREB_total": 109,
    "REB_avg": 2.5306122448979593,
    "REB_total": 124,
    "AST_avg": 1.1224489795918366,
    "AST_total": 55,
    "STL_avg": 0.5714285714285714,
    "STL_total": 28,
    "BLK_avg": 0.14285714285714285,
    "BLK_total": 7,
    "TOV_avg": 0.5918367346938775,
    "TOV_total": 29,
    "PF_avg": 0.7551020408163265,
    "PF_total": 37,
    "PTS_avg": 7.26530612244898,
    "PTS_total": 356,
    "PLUS_MINUS_avg": 2.2448979591836733,
    "PLUS_MINUS_total": 110,
    "FG_PCT": 0.42435424354243545,
    "FG3_PCT": 0.4251207729468599,
    "FT_PCT": 0.7755102040816326,
    "games_played": 49
  }
}