{
  "season_stats": {
    "MIN_avg": 31.15068493150685,
    "MIN_total": 2274,
    "FGM_avg": 7.534246575342466,
    "FGM_total": 550,
    "FGA_avg": 14.219178082191782,
    "FGA_total": 1038,
    "FG3M_avg": 1.7671232876712328,
    "FG3M_total": 129,
    "FG3A_avg": 4.397260273972603,
    "FG3A_total": 321,
    "FTM_avg": 1.643835616438356,
    "FTM_total": 120,
    "FTA_avg": 2.041095890410959,
    "FTA_total": 149,
    "OREB_avg": 2.4383561643835616,
    "OREB_total": 178,
    "DREB_avg": 7.63013698630137,
    "DREB_total": 557,
    "REB_avg": 10.068493150684931,
    "REB_total": 735,
    "AST_avg": 3.506849315068493,
    "AST_total": 256,
    "STL_avg": 0.8356164383561644,
    "STL_total": 61,
    "BLK_avg": 0.7123287671232876,
    "BLK_total": 52,
    "TOV_avg": 1.63013698630137,
    "TOV_total": 119,
    "PF_avg": 2.232876712328767,
    "PF_total": 163,
    "PTS_avg": 18.47945205479452,
    "PTS_total": 1349,
    "PLUS_MINUS_avg": -1.3424657534246576,
    "PLUS_MINUS_total": -98,
    "FG_PCT": 0.5298651252408478,
    "FG3_PCT": 0.40186915887850466,
    "FT_PCT": 0.8053691275167785,
    "games_played": 73
  }
}