{
  "season_stats": {
    "MIN_avg": 31.602739726027398,
    "MIN_total": 2307,
    "FGM_avg": 5.260273972602739,
    "FGM_total": 384,
    "FGA_avg": 11.027397260273972,
    "FGA_total": 805,
    "FG3M_avg": 1.2465753424657535,
    "FG3M_total": 91,
    "FG3A_avg": 3.6164383561643834,
    "FG3A_total": 264,
    "FTM_avg": 1.9589041095890412,
    "FTM_total": 143,
    "FTA_avg": 2.2739726027397262,
    "FTA_total": 166,
    "OREB_avg": 0.8904109589041096,
    "OREB_total": 65,
    "DREB_avg": 5.027397260273973,
    "DREB_total": 367,
    "REB_avg": 5.917808219178082,
    "REB_total": 432,
    "AST_avg": 2.219178082191781,
    "AST_total": 162,
    "STL_avg": 1.0136986301369864,
    "STL_total": 74,
    "BLK_avg": 0.7808219178082192,
    "BLK_total": 57,
    "TOV_avg": 1.1643835616438356,
    "TOV_total": 85,
    "PF_avg": 1.8904109589041096,
    "PF_total": 138,
    "PTS_avg": 13.726027397260275,
    "PTS_total": 1002,
    "PLUS_MINUS_avg": 2.5616438356164384,
    "PLUS_MINUS_total": 187,
    "FG_PCT": 0.47701863354037266,
    "FG3_PCT": 0.3446969696969697,
    "FT_PCT": 0.8614457831325302,
    "games_played": 73
  }
}