{
  "season_stats": {
    "MIN_avg": 31.763636363636362,
    "MIN_total": 1747,
    "FGM_avg": 5.472727272727273,
    "FGM_total": 301,
    "FGA_avg": 10.854545454545455,
    "FGA_total": 597,
    "FG3M_avg": 0.5818181818181818,
    "FG3M_total": 32,
    "FG3A_avg": 1.8909090909090909,
    "FG3A_total": 104,
    "FTM_avg": 6.0,
    "FTM_total": 330,
    "FTA_avg": 7.127272727272727,
    "FTA_total": 392,
    "OREB_avg": 2.272727272727273,
    "OREB_total": 125,
    "DREB_avg": 3.109090909090909,
    "DREB_total": 171,
    "REB_avg": 5.381818181818182,
    "REB_total": 296,
    "AST_avg": 5.418181818181818,
    "AST_total": 298,
    "STL_avg": 1.4,
    "STL_total": 77,
    "BLK_avg": 0.32727272727272727,
    "BLK_total": 18,
    "TOV_avg": 1.3454545454545455,
    "TOV_total": 74,
    "PF_avg": 0.9454545454545454,
    "PF_total": 52,
    "PTS_avg": 17.527272727272727,
    "PTS_total": 964,
    "PLUS_MINUS_avg": 4.472727272727273,
    "PLUS_MINUS_total": 246,
    "FG_PCT": 0.5041876046901173,
    "FG3_PCT": 0.3076923076923077,
    "FT_PCT": 0.8418367346938775,
    "games_played": 55
  }
}