{
  "season_stats": {
    "MIN_avg": 12.419354838709678,
    "MIN_total": 385,
    "FGM_avg": 1.6774193548387097,
    "FGM_total": 52,
    "FGA_avg": 4.290322580645161,
    "FGA_total": 133,
    "FG3M_avg": 0.8064516129032258,
    "FG3M_total": 25,
    "FG3A_avg": 2.3870967741935485,
    "FG3A_total": 74,
    "FTM_avg": 0.22580645161290322,
    "FTM_total": 7,
    "FTA_avg": 0.2903225806451613,
    "FTA_total": 9,
    "OREB_avg": 0.25806451612903225,
    "OREB_total": 8,
    "DREB_avg": 1.096774193548387,
    "DREB_total": 34,
    "REB_avg": 1.3548387096774193,
    "REB_total": 42,
    "AST_avg": 1.4516129032258065,
    "AST_total": 45,
    "STL_avg": 0.5161290322580645,
    "STL_total": 16,
    "BLK_avg": 0.0967741935483871,
    "BLK_total": 3,
    "TOV_avg": 0.5483870967741935,
    "TOV_total": 17,
    "PF_avg": 1.096774193548387,
    "PF_total": 34,
    "PTS_avg": 4.387096774193548,
    "PTS_total": 136,
    "PLUS_MINUS_avg": -0.6129032258064516,
    "PLUS_MINUS_total": -19,
    "FG_PCT": 0.39097744360902253,
    "FG3_PCT": 0.33783783783783783,
    "FT_PCT": 0.7777777777777778,
    "games_played": 31
  }
}