{
  "season_stats": {
    "MIN_avg": 33.411764705882355,
    "MIN_total": 1704,
    "FGM_avg": 9.215686274509803,
    "FGM_total": 470,
    "FGA_avg": 17.84313725490196,
    "FGA_total": 910,
    "FG3M_avg": 0.6862745098039216,
    "FG3M_total": 35,
    "FG3A_avg": 2.4313725490196076,
    "FG3A_total": 124,
    "FTM_avg": 5.607843137254902,
    "FTM_total": 286,
    "FTA_avg": 7.235294117647059,
    "FTA_total": 369,
    "OREB_avg": 2.627450980392157,
    "OREB_total": 134,
    "DREB_avg": 8.941176470588236,
    "DREB_total": 456,
    "REB_avg": 11.568627450980392,
    "REB_total": 590,
    "AST_avg": 3.549019607843137,
    "AST_total": 181,
    "STL_avg": 1.1568627450980393,
    "STL_total": 59,
    "BLK_avg": 2.156862745098039,
    "BLK_total": 110,
    "TOV_avg": 2.215686274509804,
    "TOV_total": 113,
    "PF_avg": 1.9215686274509804,
    "PF_total": 98,
    "PTS_avg": 24.725490196078432,
    "PTS_total": 1261,
    "PLUS_MINUS_avg": 0.49019607843137253,
    "PLUS_MINUS_total": 25,
    "FG_PCT": 0.5164835164835165,
    "FG3_PCT": 0.28225806451612906,
    "FT_PCT": 0.7750677506775068,
    "games_played": 51
  }
}