{
  "season_stats": {
    "MIN_avg": 27.195121951219512,
    "MIN_total": 2230,
    "FGM_avg": 4.2317073170731705,
    "FGM_total": 347,
    "FGA_avg": 8.329268292682928,
    "FGA_total": 683,
    "FG3M_avg": 1.9024390243902438,
    "FG3M_total": 156,
    "FG3A_avg": 4.390243902439025,
    "FG3A_total": 360,
    "FTM_avg": 1.9634146341463414,
    "FTM_total": 161,
    "FTA_avg": 2.426829268292683,
    "FTA_total": 199,
    "OREB_avg": 1.1829268292682926,
    "OREB_total": 97,
    "DREB_avg": 2.597560975609756,
    "DREB_total": 213,
    "REB_avg": 3.7804878048780486,
    "REB_total": 310,
    "AST_avg": 1.6585365853658536,
    "AST_total": 136,
    "STL_avg": 0.47560975609756095,
    "STL_total": 39,
    "BLK_avg": 0.17073170731707318,
    "BLK_total": 14,
    "TOV_avg": 0.6097560975609756,
    "TOV_total": 50,
    "PF_avg": 0.9146341463414634,
    "PF_total": 75,
    "PTS_avg": 12.329268292682928,
    "PTS_total": 1011,
    "PLUS_MINUS_avg": -0.3048780487804878,
    "PLUS_MINUS_total": -25,
    "FG_PCT": 0.5080527086383602,
    "FG3_PCT": 0.43333333333333335,
    "FT_PCT": 0.8090452261306532,
    "games_played": 82
  }
}