{
  "season_stats": {
    "MIN_avg": 36.10344827586207,
    "MIN_total": 2094,
    "FGM_avg": 7.655172413793103,
    "FGM_total": 444,
    "FGA_avg": 17.103448275862068,
    "FGA_total": 992,
    "FG3M_avg": 3.396551724137931,
    "FG3M_total": 197,
    "FG3A_avg": 9.03448275862069,
    "FG3A_total": 524,
    "FTM_avg": 6.241379310344827,
    "FTM_total": 362,
    "FTA_avg": 6.775862068965517,
    "FTA_total": 393,
    "OREB_avg": 0.5,
    "OREB_total": 29,
    "DREB_avg": 4.189655172413793,
    "DREB_total": 243,
    "REB_avg": 4.689655172413793,
    "REB_total": 272,
    "AST_avg": 7.068965517241379,
    "AST_total": 410,
    "STL_avg": 1.206896551724138,
    "STL_total": 70,
    "BLK_avg": 0.1724137931034483,
    "BLK_total": 10,
    "TOV_avg": 2.793103448275862,
    "TOV_total": 162,
    "PF_avg": 1.6724137931034482,
    "PF_total": 97,
    "PTS_avg": 24.948275862068964,
    "PTS_total": 1447,
    "PLUS_MINUS_avg": 0.9137931034482759,
    "PLUS_MINUS_total": 53,
    "FG_PCT": 0.4475806451612903,
    "FG3_PCT": 0.37595419847328243,
    "FT_PCT": 0.9211195928753181,
    "games_played": 58
  }
}