{
  "season_stats": {
    "MIN_avg": 32.0377358490566,
    "MIN_total": 1698,
    "FGM_avg": 6.509433962264151,
    "FGM_total": 345,
    "FGA_avg": 13.09433962264151,
    "FGA_total": 694,
    "FG3M_avg": 1.9245283018867925,
    "FG3M_total": 102,
    "FG3A_avg": 4.981132075471698,
    "FG3A_total": 264,
    "FTM_avg": 2.0754716981132075,
    "FTM_total": 110,
    "FTA_avg": 2.5849056603773586,
    "FTA_total": 137,
    "OREB_avg": 0.6415094339622641,
    "OREB_total": 34,
    "DREB_avg": 2.69811320754717,
    "DREB_total": 143,
    "REB_avg": 3.339622641509434,
    "REB_total": 177,
    "AST_avg": 3.6792452830188678,
    "AST_total": 195,
    "STL_avg": 1.0943396226415094,
    "STL_total": 58,
    "BLK_avg": 0.5283018867924528,
    "BLK_total": 28,
    "TOV_avg": 1.8679245283018868,
    "TOV_total": 99,
    "PF_avg": 2.5660377358490565,
    "PF_total": 136,
    "PTS_avg": 17.0188679245283,
    "PTS_total": 902,
    "PLUS_MINUS_avg": -5.150943396226415,
    "PLUS_MINUS_total": -273,
    "FG_PCT": 0.49711815561959655,
    "FG3_PCT": 0.38636363636363635,
    "FT_PCT": 0.8029197080291971,
    "games_played": 53
  }
}