{
  "season_stats": {
    "MIN_avg": 11.555555555555555,
    "MIN_total": 104,
    "FGM_avg": 0.7777777777777778,
    "FGM_total": 7,
    "FGA_avg": 2.4444444444444446,
    "FGA_total": 22,
    "FG3M_avg": 0.4444444444444444,
    "FG3M_total": 4,
    "FG3A_avg": 1.6666666666666667,
    "FG3A_total": 15,
    "FTM_avg": 0.5555555555555556,
    "FTM_total": 5,
    "FTA_avg": 0.6666666666666666,
    "FTA_total": 6,
    "OREB_avg": 0.6666666666666666,
    "OREB_total": 6,
    "DREB_avg": 1.5555555555555556,
    "DREB_total": 14,
    "REB_avg": 2.2222222222222223,
    "REB_total": 20,
    "AST_avg": 0.6666666666666666,
    "AST_total": 6,
    "STL_avg": 0.3333333333333333,
    "STL_total": 3,
    "BLK_avg": 0.0,
    "BLK_total": 0,
    "TOV_avg": 0.4444444444444444,
    "TOV_total": 4,
    "PF_avg": 1.1111111111111112,
    "PF_total": 10,
    "PTS_avg": 2.5555555555555554,
    "PTS_total": 23,
    "PLUS_MINUS_avg": -2.0,
    "PLUS_MINUS_total": -18,
    "FG_PCT": 0.3181818181818182,
    "FG3_PCT": 0.26666666666666666,
    "FT_PCT": 0.8333333333333334,
    "games_played": 9
  }
}