{
  "season_stats": {
    "MIN_avg": 29.13235294117647,
    "MIN_total": 1981,
    "FGM_avg": 3.176470588235294,
    "FGM_total": 216,
    "FGA_avg": 7.485294117647059,
    "FGA_total": 509,
    "FG3M_avg": 1.1764705882352942,
    "FG3M_total": 80,
    "FG3A_avg": 3.6176470588235294,
    "FG3A_total": 246,
    "FTM_avg": 1.4852941176470589,
    "FTM_total": 101,
    "FTA_avg": 2.161764705882353,
    "FTA_total": 147,
    "OREB_avg": 1.088235294117647,
    "OREB_total": 74,
    "DREB_avg": 5.0,
    "DREB_total": 340,
    "REB_avg": 6.088235294117647,
    "REB_total": 414,
    "AST_avg": 5.632352941176471,
    "AST_total": 383,
    "STL_avg": 1.4558823529411764,
    "STL_total": 99,
    "BLK_avg": 1.0294117647058822,
    "BLK_total": 70,
    "TOV_avg": 2.5588235294117645,
    "TOV_total": 174,
    "PF_avg": 3.2205882352941178,
    "PF_total": 219,
    "PTS_avg": 9.014705882352942,
    "PTS_total": 613,
    "PLUS_MINUS_avg": 4.044117647058823,
    "PLUS_MINUS_total": 275,
    "FG_PCT": 0.4243614931237721,
    "FG3_PCT": 0.3252032520325203,
    "FT_PCT": 0.6870748299319728,
    "games_played": 68
  }
}