{
  "season_stats": {
    "MIN_avg": 22.89189189189189,
    "MIN_total": 847,
    "FGM_avg": 4.324324324324325,
    "FGM_total": 160,
    "FGA_avg": 9.108108108108109,
    "FGA_total": 337,
    "FG3M_avg": 1.2972972972972974,
    "FG3M_total": 48,
    "FG3A_avg": 3.5945945945945947,
    "FG3A_total": 133,
    "FTM_avg": 1.945945945945946,
    "FTM_total": 72,
    "FTA_avg": 2.27027027027027,
    "FTA_total": 84,
    "OREB_avg": 0.35135135135135137,
    "OREB_total": 13,
    "DREB_avg": 3.3513513513513513,
    "DREB_total": 124,
    "REB_avg": 3.7027027027027026,
    "REB_total": 137,
    "AST_avg": 4.054054054054054,
    "AST_total": 150,
    "STL_avg": 0.9459459459459459,
    "STL_total": 35,
    "BLK_avg": 0.21621621621621623,
    "BLK_total": 8,
    "TOV_avg": 1.5135135135135136,
    "TOV_total": 56,
    "PF_avg": 2.027027027027027,
    "PF_total": 75,
    "PTS_avg": 11.891891891891891,
    "PTS_total": 440,
    "PLUS_MINUS_avg": 1.054054054054054,
    "PLUS_MINUS_total": 39,
    "FG_PCT": 0.47477744807121663,
    "FG3_PCT": 0.3609022556390977,
    "FT_PCT": 0.8571428571428571,
    "games_played": 37
  }
}