{
  "season_stats": {
    "MIN_avg": 8.195652173913043,
    "MIN_total": 377,
    "FGM_avg": 0.6956521739130435,
    "FGM_total": 32,
    "FGA_avg": 1.3695652173913044,
    "FGA_total": 63,
    "FG3M_avg": 0.043478260869565216,
    "FG3M_total": 2,
    "FG3A_avg": 0.1956521739130435,
    "FG3A_total": 9,
    "FTM_avg": 0.17391304347826086,
    "FTM_total": 8,
    "FTA_avg": 0.3695652173913043,
    "FTA_total": 17,
    "OREB_avg": 0.8260869565217391,
    "OREB_total": 38,
    "DREB_avg": 1.2391304347826086,
    "DREB_total": 57,
    "REB_avg": 2.0652173913043477,
    "REB_total": 95,
    "AST_avg": 0.8260869565217391,
    "AST_total": 38,
    "STL_avg": 0.1956521739130435,
    "STL_total": 9,
    "BLK_avg": 0.45652173913043476,
    "BLK_total": 21,
    "TOV_avg": 0.43478260869565216,
    "TOV_total": 20,
    "PF_avg": 1.2173913043478262,
    "PF_total": 56,
    "PTS_avg": 1.608695652173913,
    "PTS_total": 74,
    "PLUS_MINUS_avg": -3.3260869565217392,
    "PLUS_MINUS_total": -153,
    "FG_PCT": 0.5079365079365079,
    "FG3_PCT": 0.2222222222222222,
    "FT_PCT": 0.47058823529411764,
    "games_played": 46
  }
}