{
  "season_stats": {
    "MIN_avg": 32.75,
    "MIN_total": 1834,
    "FGM_avg": 7.928571428571429,
    "FGM_total": 444,
    "FGA_avg": 17.857142857142858,
    "FGA_total": 1000,
    "FG3M_avg": 3.0535714285714284,
    "FG3M_total": 171,
    "FG3A_avg": 8.196428571428571,
    "FG3A_total": 459,
    "FTM_avg": 2.2142857142857144,
    "FTM_total": 124,
    "FTA_avg": 3.0892857142857144,
    "FTA_total": 173,
    "OREB_avg": 0.75,
    "OREB_total": 42,
    "DREB_avg": 3.0357142857142856,
    "DREB_total": 170,
    "REB_avg": 3.7857142857142856,
    "REB_total": 212,
    "AST_avg": 4.053571428571429,
    "AST_total": 227,
    "STL_avg": 0.8214285714285714,
    "STL_total": 46,
    "BLK_avg": 0.42857142857142855,
    "BLK_total": 24,
    "TOV_avg": 1.8928571428571428,
    "TOV_total": 106,
    "PF_avg": 2.2142857142857144,
    "PF_total": 124,
    "PTS_avg": 21.125,
    "PTS_total": 1183,
    "PLUS_MINUS_avg": -4.982142857142857,
    "PLUS_MINUS_total": -279,
    "FG_PCT": 0.444,
    "FG3_PCT": 0.37254901960784315,
    "FT_PCT": 0.7167630057803468,
    "games_played": 56
  }
}