{
  "season_stats": {
    "MIN_avg": 33.22222222222222,
    "MIN_total": 2392,
    "FGM_avg": 4.736111111111111,
    "FGM_total": 341,
    "FGA_avg": 7.083333333333333,
    "FGA_total": 510,
    "FG3M_avg": 0.0,
    "FG3M_total": 0,
    "FG3A_avg": 0.0,
    "FG3A_total": 0,
    "FTM_avg": 2.5555555555555554,
    "FTM_total": 184,
    "FTA_avg": 3.7916666666666665,
    "FTA_total": 273,
    "OREB_avg": 3.6805555555555554,
    "OREB_total": 265,
    "DREB_avg": 7.222222222222222,
    "DREB_total": 520,
    "REB_avg": 10.902777777777779,
    "REB_total": 785,
    "AST_avg": 1.7638888888888888,
    "AST_total": 127,
    "STL_avg": 0.7777777777777778,
    "STL_total": 56,
    "BLK_avg": 1.4444444444444444,
    "BLK_total": 104,
    "TOV_avg": 1.2361111111111112,
    "TOV_total": 89,
    "PF_avg": 2.5277777777777777,
    "PF_total": 182,
    "PTS_avg": 12.027777777777779,
    "PTS_total": 866,
    "PLUS_MINUS_avg": 4.541666666666667,
    "PLUS_MINUS_total": 327,
    "FG_PCT": 0.6686274509803921,
    "FG3_PCT": 0.0,
    "FT_PCT": 0.673992673992674,
    "games_played": 72
  }
}