{
  "season_stats": {
    "MIN_avg": 20.295454545454547,
    "MIN_total": 893,
    "FGM_avg": 3.0454545454545454,
    "FGM_total": 134,
    "FGA_avg": 6.090909090909091,
    "FGA_total": 268,
    "FG3M_avg": 0.75,
    "FG3M_total": 33,
    "FG3A_avg": 1.7954545454545454,
    "FG3A_total": 79,
    "FTM_avg": 1.8863636363636365,
    "FTM_total": 83,
    "FTA_avg": 2.4545454545454546,
    "FTA_total": 108,
    "OREB_avg": 1.4090909090909092,
    "OREB_total": 62,
    "DREB_avg": 3.272727272727273,
    "DREB_total": 144,
    "REB_avg": 4.681818181818182,
    "REB_total": 206,
    "AST_avg": 2.909090909090909,
    "AST_total": 128,
    "STL_avg": 0.75,
    "STL_total": 33,
    "BLK_avg": 0.4318181818181818,
    "BLK_total": 19,
    "TOV_avg": 1.7272727272727273,
    "TOV_total": 76,
    "PF_avg": 2.7954545454545454,
    "PF_total": 123,
    "PTS_avg": 8.727272727272727,
    "PTS_total": 384,
    "PLUS_MINUS_avg": -1.3181818181818181,
    "PLUS_MINUS_total": -58,
    "FG_PCT": 0.5,
    "FG3_PCT": 0.4177215189873418,
    "FT_PCT": 0.7685185185185185,
    "games_played": 44
  }
}