{
  "season_stats": {
    "MIN_avg": 28.106666666666666,
    "MIN_total": 2108,
    "FGM_avg": 4.48,
    "FGM_total": 336,
    "FGA_avg": 11.026666666666667,
    "FGA_total": 827,
    "FG3M_avg": 1.6933333333333334,
    "FG3M_total": 127,
    "FG3A_avg": 4.946666666666666,
    "FG3A_total": 371,
    "FTM_avg": 2.4133333333333336,
    "FTM_total": 181,
    "FTA_avg": 2.88,
    "FTA_total": 216,
    "OREB_avg": 0.36,
    "OREB_total": 27,
    "DREB_avg": 2.28,
    "DREB_total": 171,
    "REB_avg": 2.64,
    "REB_total": 198,
    "AST_avg": 5.386666666666667,
    "AST_total": 404,
    "STL_avg": 0.88,
    "STL_total": 66,
    "BLK_avg": 0.16,
    "BLK_total": 12,
    "TOV_avg": 1.8933333333333333,
    "TOV_total": 142,
    "PF_avg": 2.4,
    "PF_total": 180,
    "PTS_avg": 13.066666666666666,
    "PTS_total": 980,
    "PLUS_MINUS_avg": -0.96,
    "PLUS_MINUS_total": -72,
    "FG_PCT": 0.4062877871825877,
    "FG3_PCT": 0.3423180592991914,
    "FT_PCT": 0.8379629629629629,
    "games_played": 75
  }
}