{
  "season_stats": {
    "MIN_avg": 17.56756756756757,
    "MIN_total": 1300,
    "FGM_avg": 1.6891891891891893,
    "FGM_total": 125,
    "FGA_avg": 2.72972972972973,
    "FGA_total": 202,
    "FG3M_avg": 0.0,
    "FG3M_total": 0,
    "FG3A_avg": 0.05405405405405406,
    "FG3A_total": 4,
    "FTM_avg": 1.1216216216216217,
    "FTM_total": 83,
    "FTA_avg": 1.7297297297297298,
    "FTA_total": 128,
    "OREB_avg": 1.5675675675675675,
    "OREB_total": 116,
    "DREB_avg": 4.581081081081081,
    "DREB_total": 339,
    "REB_avg": 6.148648648648648,
    "REB_total": 455,
    "AST_avg": 1.8108108108108107,
    "AST_total": 134,
    "STL_avg": 0.44594594594594594,
    "STL_total": 33,
    "BLK_avg": 0.6351351351351351,
    "BLK_total": 47,
    "TOV_avg": 0.7972972972972973,
    "TOV_total": 59,
    "PF_avg": 2.081081081081081,
    "PF_total": 154,
    "PTS_avg": 4.5,
    "PTS_total": 333,
    "PLUS_MINUS_avg": 0.7297297297297297,
    "PLUS_MINUS_total": 54,
    "FG_PCT": 0.6188118811881188,
    "FG3_PCT": 0.0,
    "FT_PCT": 0.6484375,
    "games_played": 74
  }
}