{
  "season_stats": {
    "MIN_avg": 29.584415584415584,
    "MIN_total": 2278,
    "FGM_avg": 3.103896103896104,
    "FGM_total": 239,
    "FGA_avg": 7.064935064935065,
    "FGA_total": 544,
    "FG3M_avg": 1.4675324675324675,
    "FG3M_total": 113,
    "FG3A_avg": 4.285714285714286,
    "FG3A_total": 330,
    "FTM_avg": 1.0649350649350648,
    "FTM_total": 82,
    "FTA_avg": 1.2337662337662338,
    "FTA_total": 95,
    "OREB_avg": 0.42857142857142855,
    "OREB_total": 33,
    "DREB_avg": 1.7662337662337662,
    "DREB_total": 136,
    "REB_avg": 2.1948051948051948,
    "REB_total": 169,
    "AST_avg": 1.7662337662337662,
    "AST_total": 136,
    "STL_avg": 1.2857142857142858,
    "STL_total": 99,
    "BLK_avg": 0.44155844155844154,
    "BLK_total": 34,
    "TOV_avg": 0.8051948051948052,
    "TOV_total": 62,
    "PF_avg": 1.7662337662337662,
    "PF_total": 136,
    "PTS_avg": 8.74025974025974,
    "PTS_total": 673,
    "PLUS_MINUS_avg": 0.14285714285714285,
    "PLUS_MINUS_total": 11,
    "FG_PCT": 0.43933823529411764,
    "FG3_PCT": 0.3424242424242424,
    "FT_PCT": 0.8631578947368421,
    "games_played": 77
  }
}