{
  "season_stats": {
    "MIN_avg": 27.948051948051948,
    "MIN_total": 2152,
    "FGM_avg": 3.5844155844155843,
    "FGM_total": 276,
    "FGA_avg": 8.831168831168831,
    "FGA_total": 680,
    "FG3M_avg": 2.1818181818181817,
    "FG3M_total": 168,
    "FG3A_avg": 5.935064935064935,
    "FG3A_total": 457,
    "FTM_avg": 1.6103896103896105,
    "FTM_total": 124,
    "FTA_avg": 1.8831168831168832,
    "FTA_total": 145,
    "OREB_avg": 0.23376623376623376,
    "OREB_total": 18,
    "DREB_avg": 2.142857142857143,
    "DREB_total": 165,
    "REB_avg": 2.3766233766233764,
    "REB_total": 183,
    "AST_avg": 1.5974025974025974,
    "AST_total": 123,
    "STL_avg": 0.4935064935064935,
    "STL_total": 38,
    "BLK_avg": 0.09090909090909091,
    "BLK_total": 7,
    "TOV_avg": 0.6233766233766234,
    "TOV_total": 48,
    "PF_avg": 1.2467532467532467,
    "PF_total": 96,
    "PTS_avg": 10.96103896103896,
    "PTS_total": 844,
    "PLUS_MINUS_avg": 0.3246753246753247,
    "PLUS_MINUS_total": 25,
    "FG_PCT": 0.40588235294117647,
    "FG3_PCT": 0.3676148796498906,
    "FT_PCT": 0.8551724137931035,
    "games_played": 77
  }
}