{
  "season_stats": {
    "MIN_avg": 13.672413793103448,
    "MIN_total": 793,
    "FGM_avg": 1.5689655172413792,
    "FGM_total": 91,
    "FGA_avg": 2.8793103448275863,
    "FGA_total": 167,
    "FG3M_avg": 0.0,
    "FG3M_total": 0,
    "FG3A_avg": 0.034482758620689655,
    "FG3A_total": 2,
    "FTM_avg": 0.7413793103448276,
    "FTM_total": 43,
    "FTA_avg": 1.603448275862069,
    "FTA_total": 93,
    "OREB_avg": 2.8620689655172415,
    "OREB_total": 166,
    "DREB_avg": 2.7758620689655173,
    "DREB_total": 161,
    "REB_avg": 5.637931034482759,
    "REB_total": 327,
    "AST_avg": 1.1379310344827587,
    "AST_total": 66,
    "STL_avg": 0.3793103448275862,
    "STL_total": 22,
    "BLK_avg": 0.4827586206896552,
    "BLK_total": 28,
    "TOV_avg": 0.9310344827586207,
    "TOV_total": 54,
    "PF_avg": 1.0344827586206897,
    "PF_total": 60,
    "PTS_avg": 3.8793103448275863,
    "PTS_total": 225,
    "PLUS_MINUS_avg": 2.9655172413793105,
    "PLUS_MINUS_total": 172,
    "FG_PCT": 0.5449101796407185,
    "FG3_PCT": 0.0,
    "FT_PCT": 0.46236559139784944,
    "games_played": 58
  }
}