{
  "season_stats": {
    "MIN_avg": 15.573529411764707,
    "MIN_total": 1059,
    "FGM_avg": 2.411764705882353,
    "FGM_total": 164,
    "FGA_avg": 5.044117647058823,
    "FGA_total": 343,
    "FG3M_avg": 1.2205882352941178,
    "FG3M_total": 83,
    "FG3A_avg": 2.676470588235294,
    "FG3A_total": 182,
    "FTM_avg": 0.4852941176470588,
    "FTM_total": 33,
    "FTA_avg": 0.5735294117647058,
    "FTA_total": 39,
    "OREB_avg": 0.35294117647058826,
    "OREB_total": 24,
    "DREB_avg": 1.3088235294117647,
    "DREB_total": 89,
    "REB_avg": 1.661764705882353,
    "REB_total": 113,
    "AST_avg": 0.8823529411764706,
    "AST_total": 60,
    "STL_avg": 0.39705882352941174,
    "STL_total": 27,
    "BLK_avg": 0.10294117647058823,
    "BLK_total": 7,
    "TOV_avg": 0.47058823529411764,
    "TOV_total": 32,
    "PF_avg": 0.8676470588235294,
    "PF_total": 59,
    "PTS_avg": 6.529411764705882,
    "PTS_total": 444,
    "PLUS_MINUS_avg": -2.514705882352941,
    "PLUS_MINUS_total": -171,
    "FG_PCT": 0.478134110787172,
    "FG3_PCT": 0.45604395604395603,
    "FT_PCT": 0.8461538461538461,
    "games_played": 68
  }
}