{
  "season_stats": {
    "MIN_avg": 34.19402985074627,
    "MIN_total": 2291,
    "FGM_avg": 11.835820895522389,
    "FGM_total": 793,
    "FGA_avg": 19.686567164179106,
    "FGA_total": 1319,
    "FG3M_avg": 0.208955223880597,
    "FG3M_total": 14,
    "FG3A_avg": 0.9402985074626866,
    "FG3A_total": 63,
    "FTM_avg": 6.507462686567164,
    "FTM_total": 436,
    "FTA_avg": 10.552238805970148,
    "FTA_total": 707,
    "OREB_avg": 2.1940298507462686,
    "OREB_total": 147,
    "DREB_avg": 9.716417910447761,
    "DREB_total": 651,
    "REB_avg": 11.91044776119403,
    "REB_total": 798,
    "AST_avg": 6.462686567164179,
    "AST_total": 433,
    "STL_avg": 0.8656716417910447,
    "STL_total": 58,
    "BLK_avg": 1.164179104477612,
    "BLK_total": 78,
    "TOV_avg": 3.074626865671642,
    "TOV_total": 206,
    "PF_avg": 2.3134328358208953,
    "PF_total": 155,
    "PTS_avg": 30.388059701492537,
    "PTS_total": 2036,
    "PLUS_MINUS_avg": 4.985074626865671,
    "PLUS_MINUS_total": 334,
    "FG_PCT": 0.601213040181956,
    "FG3_PCT": 0.2222222222222222,
    "FT_PCT": 0.6166902404526167,
    "games_played": 67
  }
}