{
  "season_stats": {
    "MIN_avg": 35.270270270270274,
    "MIN_total": 2610,
    "FGM_avg": 8.445945945945946,
    "FGM_total": 625,
    "FGA_avg": 16.527027027027028,
    "FGA_total": 1223,
    "FG3M_avg": 3.22972972972973,
    "FG3M_total": 239,
    "FG3A_avg": 7.243243243243243,
    "FG3A_total": 536,
    "FTM_avg": 3.175675675675676,
    "FTM_total": 235,
    "FTA_avg": 3.8513513513513513,
    "FTA_total": 285,
    "OREB_avg": 0.2972972972972973,
    "OREB_total": 22,
    "DREB_avg": 3.9594594594594597,
    "DREB_total": 293,
    "REB_avg": 4.256756756756757,
    "REB_total": 315,
    "AST_avg": 4.1891891891891895,
    "AST_total": 310,
    "STL_avg": 0.7837837837837838,
    "STL_total": 58,
    "BLK_avg": 0.16216216216216217,
    "BLK_total": 12,
    "TOV_avg": 2.810810810810811,
    "TOV_total": 208,
    "PF_avg": 1.635135135135135,
    "PF_total": 121,
    "PTS_avg": 23.2972972972973,
    "PTS_total": 1724,
    "PLUS_MINUS_avg": -0.9459459459459459,
    "PLUS_MINUS_total": -70,
    "FG_PCT": 0.5110384300899428,
    "FG3_PCT": 0.4458955223880597,
    "FT_PCT": 0.8245614035087719,
    "games_played": 74
  }
}