{
  "season_stats": {
    "MIN_avg": 32.4468085106383,
    "MIN_total": 1525,
    "FGM_avg": 4.553191489361702,
    "FGM_total": 214,
    "FGA_avg": 12.212765957446809,
    "FGA_total": 574,
    "FG3M_avg": 2.297872340425532,
    "FG3M_total": 108,
    "FG3A_avg": 6.297872340425532,
    "FG3A_total": 296,
    "FTM_avg": 3.0,
    "FTM_total": 141,
    "FTA_avg": 3.5319148936170213,
    "FTA_total": 166,
    "OREB_avg": 0.5531914893617021,
    "OREB_total": 26,
    "DREB_avg": 2.9148936170212765,
    "DREB_total": 137,
    "REB_avg": 3.4680851063829787,
    "REB_total": 163,
    "AST_avg": 2.148936170212766,
    "AST_total": 101,
    "STL_avg": 0.8723404255319149,
    "STL_total": 41,
    "BLK_avg": 0.9787234042553191,
    "BLK_total": 46,
    "TOV_avg": 1.3829787234042554,
    "TOV_total": 65,
    "PF_avg": 2.3191489361702127,
    "PF_total": 109,
    "PTS_avg": 14.404255319148936,
    "PTS_total": 677,
    "PLUS_MINUS_avg": -4.297872340425532,
    "PLUS_MINUS_total": -202,
    "FG_PCT": 0.37282229965156793,
    "FG3_PCT": 0.36486486486486486,
    "FT_PCT": 0.8493975903614458,
    "games_played": 47
  }
}