{
  "season_stats": {
    "MIN_avg": 26.08108108108108,
    "MIN_total": 965,
    "FGM_avg": 5.4324324324324325,
    "FGM_total": 201,
    "FGA_avg": 13.324324324324325,
    "FGA_total": 493,
    "FG3M_avg": 2.27027027027027,
    "FG3M_total": 84,
    "FG3A_avg": 6.27027027027027,
    "FG3A_total": 232,
    "FTM_avg": 3.081081081081081,
    "FTM_total": 114,
    "FTA_avg": 3.864864864864865,
    "FTA_total": 143,
    "OREB_avg": 0.6756756756756757,
    "OREB_total": 25,
    "DREB_avg": 2.5135135135135136,
    "DREB_total": 93,
    "REB_avg": 3.189189189189189,
    "REB_total": 118,
    "AST_avg": 3.72972972972973,
    "AST_total": 138,
    "STL_avg": 0.8378378378378378,
    "STL_total": 31,
    "BLK_avg": 0.24324324324324326,
    "BLK_total": 9,
    "TOV_avg": 2.324324324324324,
    "TOV_total": 86,
    "PF_avg": 1.4054054054054055,
    "PF_total": 52,
    "PTS_avg": 16.216216216216218,
    "PTS_total": 600,
    "PLUS_MINUS_avg": -5.513513513513513,
    "PLUS_MINUS_total": -204,
    "FG_PCT": 0.4077079107505071,
    "FG3_PCT": 0.3620689655172414,
    "FT_PCT": 0.7972027972027972,
    "games_played": 37
  }
}