{
  "season_stats": {
    "MIN_avg": 21.25,
    "MIN_total": 510,
    "FGM_avg": 1.6666666666666667,
    "FGM_total": 40,
    "FGA_avg": 5.083333333333333,
    "FGA_total": 122,
    "FG3M_avg": 0.041666666666666664,
    "FG3M_total": 1,
    "FG3A_avg": 0.25,
    "FG3A_total": 6,
    "FTM_avg": 0.16666666666666666,
    "FTM_total": 4,
    "FTA_avg": 0.2916666666666667,
    "FTA_total": 7,
    "OREB_avg": 0.625,
    "OREB_total": 15,
    "DREB_avg": 2.6666666666666665,
    "DREB_total": 64,
    "REB_avg": 3.2916666666666665,
    "REB_total": 79,
    "AST_avg": 6.916666666666667,
    "AST_total": 166,
    "STL_avg": 1.0,
    "STL_total": 24,
    "BLK_avg": 0.4583333333333333,
    "BLK_total": 11,
    "TOV_avg": 2.4583333333333335,
    "TOV_total": 59,
    "PF_avg": 1.5,
    "PF_total": 36,
    "PTS_avg": 3.5416666666666665,
    "PTS_total": 85,
    "PLUS_MINUS_avg": -6.208333333333333,
    "PLUS_MINUS_total": -149,
    "FG_PCT": 0.32786885245901637,
    "FG3_PCT": 0.16666666666666666,
    "FT_PCT": 0.5714285714285714,
    "games_played": 24
  }
}