{
  "season_stats": {
    "MIN_avg": 30.210526315789473,
    "MIN_total": 574,
    "FGM_avg": 7.368421052631579,
    "FGM_total": 140,
    "FGA_avg": 16.57894736842105,
    "FGA_total": 315,
    "FG3M_avg": 1.2105263157894737,
    "FG3M_total": 23,
    "FG3A_avg": 4.052631578947368,
    "FG3A_total": 77,
    "FTM_avg": 7.842105263157895,
    "FTM_total": 149,
    "FTA_avg": 8.894736842105264,
    "FTA_total": 169,
    "OREB_avg": 1.894736842105263,
    "OREB_total": 36,
    "DREB_avg": 6.2631578947368425,
    "DREB_total": 119,
    "REB_avg": 8.157894736842104,
    "REB_total": 155,
    "AST_avg": 4.473684210526316,
    "AST_total": 85,
    "STL_avg": 0.7368421052631579,
    "STL_total": 14,
    "BLK_avg": 0.9473684210526315,
    "BLK_total": 18,
    "TOV_avg": 3.263157894736842,
    "TOV_total": 62,
    "PF_avg": 2.210526315789474,
    "PF_total": 42,
    "PTS_avg": 23.789473684210527,
    "PTS_total": 452,
    "PLUS_MINUS_avg": -3.0,
    "PLUS_MINUS_total": -57,
    "FG_PCT": 0.4444444444444444,
    "FG3_PCT": 0.2987012987012987,
    "FT_PCT": 0.8816568047337278,
    "games_played": 19
  }
}