{
  "season_stats": {
    "MIN_avg": 20.823529411764707,
    "MIN_total": 1062,
    "FGM_avg": 3.2941176470588234,
    "FGM_total": 168,
    "FGA_avg": 6.901960784313726,
    "FGA_total": 352,
    "FG3M_avg": 0.6274509803921569,
    "FG3M_total": 32,
    "FG3A_avg": 2.0588235294117645,
    "FG3A_total": 105,
    "FTM_avg": 1.6666666666666667,
    "FTM_total": 85,
    "FTA_avg": 2.5098039215686274,
    "FTA_total": 128,
    "OREB_avg": 1.6666666666666667,
    "OREB_total": 85,
    "DREB_avg": 6.137254901960785,
    "DREB_total": 313,
    "REB_avg": 7.803921568627451,
    "REB_total": 398,
    "AST_avg": 2.2549019607843137,
    "AST_total": 115,
    "STL_avg": 0.7843137254901961,
    "STL_total": 40,
    "BLK_avg": 0.6666666666666666,
    "BLK_total": 34,
    "TOV_avg": 1.9019607843137254,
    "TOV_total": 97,
    "PF_avg": 2.549019607843137,
    "PF_total": 130,
    "PTS_avg": 8.882352941176471,
    "PTS_total": 453,
    "PLUS_MINUS_avg": -3.607843137254902,
    "PLUS_MINUS_total": -184,
    "FG_PCT": 0.4772727272727273,
    "FG3_PCT": 0.3047619047619048,
    "FT_PCT": 0.6640625,
    "games_played": 51
  }
}