{
  "season_stats": {
    "MIN_avg": 27.0,
    "MIN_total": 2133,
    "FGM_avg": 3.5949367088607596,
    "FGM_total": 284,
    "FGA_avg": 8.632911392405063,
    "FGA_total": 682,
    "FG3M_avg": 1.379746835443038,
    "FG3M_total": 109,
    "FG3A_avg": 4.1265822784810124,
    "FG3A_total": 326,
    "FTM_avg": 2.4683544303797467,
    "FTM_total": 195,
    "FTA_avg": 3.0759493670886076,
    "FTA_total": 243,
    "OREB_avg": 0.22784810126582278,
    "OREB_total": 18,
    "DREB_avg": 2.4177215189873418,
    "DREB_total": 191,
    "REB_avg": 2.6455696202531644,
    "REB_total": 209,
    "AST_avg": 4.417721518987341,
    "AST_total": 349,
    "STL_avg": 0.8860759493670886,
    "STL_total": 70,
    "BLK_avg": 0.21518987341772153,
    "BLK_total": 17,
    "TOV_avg": 1.2911392405063291,
    "TOV_total": 102,
    "PF_avg": 1.5316455696202531,
    "PF_total": 121,
    "PTS_avg": 11.037974683544304,
    "PTS_total": 872,
    "PLUS_MINUS_avg": -2.810126582278481,
    "PLUS_MINUS_total": -222,
    "FG_PCT": 0.41642228739002934,
    "FG3_PCT": 0.3343558282208589,
    "FT_PCT": 0.8024691358024691,
    "games_played": 79
  }
}