{
  "season_stats": {
    "MIN_avg": 14.770833333333334,
    "MIN_total": 709,
    "FGM_avg": 1.0625,
    "FGM_total": 51,
    "FGA_avg": 2.7708333333333335,
    "FGA_total": 133,
    "FG3M_avg": 0.75,
    "FG3M_total": 36,
    "FG3A_avg": 2.1041666666666665,
    "FG3A_total": 101,
    "FTM_avg": 0.14583333333333334,
    "FTM_total": 7,
    "FTA_avg": 0.25,
    "FTA_total": 12,
    "OREB_avg": 0.4166666666666667,
    "OREB_total": 20,
    "DREB_avg": 0.9166666666666666,
    "DREB_total": 44,
    "REB_avg": 1.3333333333333333,
    "REB_total": 64,
    "AST_avg": 0.625,
    "AST_total": 30,
    "STL_avg": 0.5416666666666666,
    "STL_total": 26,
    "BLK_avg": 0.25,
    "BLK_total": 12,
    "TOV_avg": 0.3541666666666667,
    "TOV_total": 17,
    "PF_avg": 0.9375,
    "PF_total": 45,
    "PTS_avg": 3.0208333333333335,
    "PTS_total": 145,
    "PLUS_MINUS_avg": 1.7916666666666667,
    "PLUS_MINUS_total": 86,
    "FG_PCT": 0.38345864661654133,
    "FG3_PCT": 0.3564356435643564,
    "FT_PCT": 0.5833333333333334,
    "games_played": 48
  }
}