{
  "season_stats": {
    "MIN_avg": 30.683333333333334,
    "MIN_total": 1841,
    "FGM_avg": 6.266666666666667,
    "FGM_total": 376,
    "FGA_avg": 13.983333333333333,
    "FGA_total": 839,
    "FG3M_avg": 2.1666666666666665,
    "FG3M_total": 130,
    "FG3A_avg": 5.8,
    "FG3A_total": 348,
    "FTM_avg": 3.2666666666666666,
    "FTM_total": 196,
    "FTA_avg": 4.283333333333333,
    "FTA_total": 257,
    "OREB_avg": 1.4833333333333334,
    "OREB_total": 89,
    "DREB_avg": 3.0,
    "DREB_total": 180,
    "REB_avg": 4.483333333333333,
    "REB_total": 269,
    "AST_avg": 2.6333333333333333,
    "AST_total": 158,
    "STL_avg": 1.0,
    "STL_total": 60,
    "BLK_avg": 0.8333333333333334,
    "BLK_total": 50,
    "TOV_avg": 1.65,
    "TOV_total": 99,
    "PF_avg": 1.6833333333333333,
    "PF_total": 101,
    "PTS_avg": 17.966666666666665,
    "PTS_total": 1078,
    "PLUS_MINUS_avg": -1.6666666666666667,
    "PLUS_MINUS_total": -100,
    "FG_PCT": 0.44815256257449343,
    "FG3_PCT": 0.3735632183908046,
    "FT_PCT": 0.7626459143968871,
    "games_played": 60
  }
}