{
  "season_stats": {
    "MIN_avg": 20.0,
    "MIN_total": 680,
    "FGM_avg": 2.9705882352941178,
    "FGM_total": 101,
    "FGA_avg": 7.5588235294117645,
    "FGA_total": 257,
    "FG3M_avg": 1.4411764705882353,
    "FG3M_total": 49,
    "FG3A_avg": 4.147058823529412,
    "FG3A_total": 141,
    "FTM_avg": 1.588235294117647,
    "FTM_total": 54,
    "FTA_avg": 2.088235294117647,
    "FTA_total": 71,
    "OREB_avg": 0.5294117647058824,
    "OREB_total": 18,
    "DREB_avg": 1.588235294117647,
    "DREB_total": 54,
    "REB_avg": 2.1176470588235294,
    "REB_total": 72,
    "AST_avg": 3.2058823529411766,
    "AST_total": 109,
    "STL_avg": 1.1470588235294117,
    "STL_total": 39,
    "BLK_avg": 0.2647058823529412,
    "BLK_total": 9,
    "TOV_avg": 1.588235294117647,
    "TOV_total": 54,
    "PF_avg": 1.5588235294117647,
    "PF_total": 53,
    "PTS_avg": 8.970588235294118,
    "PTS_total": 305,
    "PLUS_MINUS_avg": 1.2352941176470589,
    "PLUS_MINUS_total": 42,
    "FG_PCT": 0.39299610894941633,
    "FG3_PCT": 0.3475177304964539,
    "FT_PCT": 0.7605633802816901,
    "games_played": 34
  }
}