{
  "season_stats": {
    "MIN_avg": 21.490909090909092,
    "MIN_total": 1182,
    "FGM_avg": 3.963636363636364,
    "FGM_total": 218,
    "FGA_avg": 7.090909090909091,
    "FGA_total": 390,
    "FG3M_avg": 0.0,
    "FG3M_total": 0,
    "FG3A_avg": 0.01818181818181818,
    "FG3A_total": 1,
    "FTM_avg": 0.9454545454545454,
    "FTM_total": 52,
    "FTA_avg": 1.7636363636363637,
    "FTA_total": 97,
    "OREB_avg": 3.1636363636363636,
    "OREB_total": 174,
    "DREB_avg": 5.363636363636363,
    "DREB_total": 295,
    "REB_avg": 8.527272727272727,
    "REB_total": 469,
    "AST_avg": 1.1272727272727272,
    "AST_total": 62,
    "STL_avg": 0.6181818181818182,
    "STL_total": 34,
    "BLK_avg": 0.9636363636363636,
    "BLK_total": 53,
    "TOV_avg": 0.8545454545454545,
    "TOV_total": 47,
    "PF_avg": 1.9272727272727272,
    "PF_total": 106,
    "PTS_avg": 8.872727272727273,
    "PTS_total": 488,
    "PLUS_MINUS_avg": -1.4363636363636363,
    "PLUS_MINUS_total": -79,
    "FG_PCT": 0.558974358974359,
    "FG3_PCT": 0.0,
    "FT_PCT": 0.5360824742268041,
    "games_played": 55
  }
}