{
  "season_stats": {
    "MIN_avg": 10.036363636363637,
    "MIN_total": 552,
    "FGM_avg": 0.7636363636363637,
    "FGM_total": 42,
    "FGA_avg": 1.1090909090909091,
    "FGA_total": 61,
    "FG3M_avg": 0.03636363636363636,
    "FG3M_total": 2,
    "FG3A_avg": 0.09090909090909091,
    "FG3A_total": 5,
    "FTM_avg": 0.509090909090909,
    "FTM_total": 28,
    "FTA_avg": 0.7818181818181819,
    "FTA_total": 43,
    "OREB_avg": 0.8545454545454545,
    "OREB_total": 47,
    "DREB_avg": 1.290909090909091,
    "DREB_total": 71,
    "REB_avg": 2.1454545454545455,
    "REB_total": 118,
    "AST_avg": 1.0,
    "AST_total": 55,
    "STL_avg": 0.32727272727272727,
    "STL_total": 18,
    "BLK_avg": 0.38181818181818183,
    "BLK_total": 21,
    "TOV_avg": 0.32727272727272727,
    "TOV_total": 18,
    "PF_avg": 1.3636363636363635,
    "PF_total": 75,
    "PTS_avg": 2.0727272727272728,
    "PTS_total": 114,
    "PLUS_MINUS_avg": -0.2545454545454545,
    "PLUS_MINUS_total": -14,
    "FG_PCT": 0.6885245901639344,
    "FG3_PCT": 0.4,
    "FT_PCT": 0.6511627906976745,
    "games_played": 55
  }
}