{
  "season_stats": {
    "MIN_avg": 24.925925925925927,
    "MIN_total": 1346,
    "FGM_avg": 3.888888888888889,
    "FGM_total": 210,
    "FGA_avg": 9.11111111111111,
    "FGA_total": 492,
    "FG3M_avg": 1.9444444444444444,
    "FG3M_total": 105,
    "FG3A_avg": 5.351851851851852,
    "FG3A_total": 289,
    "FTM_avg": 1.0740740740740742,
    "FTM_total": 58,
    "FTA_avg": 1.2222222222222223,
    "FTA_total": 66,
    "OREB_avg": 0.4444444444444444,
    "OREB_total": 24,
    "DREB_avg": 2.5,
    "DREB_total": 135,
    "REB_avg": 2.9444444444444446,
    "REB_total": 159,
    "AST_avg": 2.7037037037037037,
    "AST_total": 146,
    "STL_avg": 0.7592592592592593,
    "STL_total": 41,
    "BLK_avg": 0.2037037037037037,
    "BLK_total": 11,
    "TOV_avg": 1.3703703703703705,
    "TOV_total": 74,
    "PF_avg": 2.3518518518518516,
    "PF_total": 127,
    "PTS_avg": 10.796296296296296,
    "PTS_total": 583,
    "PLUS_MINUS_avg": 1.962962962962963,
    "PLUS_MINUS_total": 106,
    "FG_PCT": 0.4268292682926829,
    "FG3_PCT": 0.3633217993079585,
    "FT_PCT": 0.8787878787878788,
    "games_played": 54
  }
}