{
  "season_stats": {
    "MIN_avg": 28.372549019607842,
    "MIN_total": 1447,
    "FGM_avg": 5.176470588235294,
    "FGM_total": 264,
    "FGA_avg": 9.745098039215685,
    "FGA_total": 497,
    "FG3M_avg": 1.4705882352941178,
    "FG3M_total": 75,
    "FG3A_avg": 3.372549019607843,
    "FG3A_total": 172,
    "FTM_avg": 2.843137254901961,
    "FTM_total": 145,
    "FTA_avg": 3.5098039215686274,
    "FTA_total": 179,
    "OREB_avg": 1.5686274509803921,
    "OREB_total": 80,
    "DREB_avg": 3.2745098039215685,
    "DREB_total": 167,
    "REB_avg": 4.8431372549019605,
    "REB_total": 247,
    "AST_avg": 3.215686274509804,
    "AST_total": 164,
    "STL_avg": 0.45098039215686275,
    "STL_total": 23,
    "BLK_avg": 0.27450980392156865,
    "BLK_total": 14,
    "TOV_avg": 1.4313725490196079,
    "TOV_total": 73,
    "PF_avg": 1.607843137254902,
    "PF_total": 82,
    "PTS_avg": 14.666666666666666,
    "PTS_total": 748,
    "PLUS_MINUS_avg": 5.901960784313726,
    "PLUS_MINUS_total": 301,
    "FG_PCT": 0.5311871227364185,
    "FG3_PCT": 0.436046511627907,
    "FT_PCT": 0.8100558659217877,
    "games_played": 51
  }
}