{
  "season_stats": {
    "MIN_avg": 36.785714285714285,
    "MIN_total": 2575,
    "FGM_avg": 11.228571428571428,
    "FGM_total": 786,
    "FGA_avg": 19.485714285714284,
    "FGA_total": 1364,
    "FG3M_avg": 1.9714285714285715,
    "FG3M_total": 138,
    "FG3A_avg": 4.728571428571429,
    "FG3A_total": 331,
    "FTM_avg": 5.1571428571428575,
    "FTM_total": 361,
    "FTA_avg": 6.442857142857143,
    "FTA_total": 451,
    "OREB_avg": 2.857142857142857,
    "OREB_total": 200,
    "DREB_avg": 9.885714285714286,
    "DREB_total": 692,
    "REB_avg": 12.742857142857142,
    "REB_total": 892,
    "AST_avg": 10.228571428571428,
    "AST_total": 716,
    "STL_avg": 1.8142857142857143,
    "STL_total": 127,
    "BLK_avg": 0.6428571428571429,
    "BLK_total": 45,
    "TOV_avg": 3.2857142857142856,
    "TOV_total": 230,
    "PF_avg": 2.2857142857142856,
    "PF_total": 160,
    "PTS_avg": 29.585714285714285,
    "PTS_total": 2071,
    "PLUS_MINUS_avg": 8.485714285714286,
    "PLUS_MINUS_total": 594,
    "FG_PCT": 0.5762463343108505,
    "FG3_PCT": 0.4169184290030212,
    "FT_PCT": 0.8004434589800443,
    "games_played": 70
  }
}