{
  "season_stats": {
    "MIN_avg": 32.27536231884058,
    "MIN_total": 2227,
    "FGM_avg": 6.594202898550725,
    "FGM_total": 455,
    "FGA_avg": 13.608695652173912,
    "FGA_total": 939,
    "FG3M_avg": 1.565217391304348,
    "FG3M_total": 108,
    "FG3A_avg": 4.550724637681159,
    "FG3A_total": 314,
    "FTM_avg": 3.9130434782608696,
    "FTM_total": 270,
    "FTA_avg": 4.855072463768116,
    "FTA_total": 335,
    "OREB_avg": 2.0869565217391304,
    "OREB_total": 144,
    "DREB_avg": 4.971014492753623,
    "DREB_total": 343,
    "REB_avg": 7.057971014492754,
    "REB_total": 487,
    "AST_avg": 4.681159420289855,
    "AST_total": 323,
    "STL_avg": 0.6811594202898551,
    "STL_total": 47,
    "BLK_avg": 0.2318840579710145,
    "BLK_total": 16,
    "TOV_avg": 2.8405797101449277,
    "TOV_total": 196,
    "PF_avg": 2.536231884057971,
    "PF_total": 175,
    "PTS_avg": 18.666666666666668,
    "PTS_total": 1288,
    "PLUS_MINUS_avg": 2.4057971014492754,
    "PLUS_MINUS_total": 166,
    "FG_PCT": 0.4845580404685836,
    "FG3_PCT": 0.34394904458598724,
    "FT_PCT": 0.8059701492537313,
    "games_played": 69
  }
}