{
  "season_stats": {
    "MIN_avg": 16.475409836065573,
    "MIN_total": 1005,
    "FGM_avg": 2.3278688524590163,
    "FGM_total": 142,
    "FGA_avg": 4.967213114754099,
    "FGA_total": 303,
    "FG3M_avg": 0.4098360655737705,
    "FG3M_total": 25,
    "FG3A_avg": 1.1475409836065573,
    "FG3A_total": 70,
    "FTM_avg": 0.7868852459016393,
    "FTM_total": 48,
    "FTA_avg": 1.0655737704918034,
    "FTA_total": 65,
    "OREB_avg": 0.8688524590163934,
    "OREB_total": 53,
    "DREB_avg": 2.5081967213114753,
    "DREB_total": 153,
    "REB_avg": 3.377049180327869,
    "REB_total": 206,
    "AST_avg": 2.377049180327869,
    "AST_total": 145,
    "STL_avg": 0.6557377049180327,
    "STL_total": 40,
    "BLK_avg": 0.5409836065573771,
    "BLK_total": 33,
    "TOV_avg": 0.6065573770491803,
    "TOV_total": 37,
    "PF_avg": 1.3278688524590163,
    "PF_total": 81,
    "PTS_avg": 5.852459016393443,
    "PTS_total": 357,
    "PLUS_MINUS_avg": -0.36065573770491804,
    "PLUS_MINUS_total": -22,
    "FG_PCT": 0.46864686468646866,
    "FG3_PCT": 0.35714285714285715,
    "FT_PCT": 0.7384615384615385,
    "games_played": 61
  }
}