{
  "season_stats": {
    "MIN_avg": 19.170731707317074,
    "MIN_total": 786,
    "FGM_avg": 2.317073170731707,
    "FGM_total": 95,
    "FGA_avg": 6.658536585365853,
    "FGA_total": 273,
    "FG3M_avg": 1.0975609756097562,
    "FG3M_total": 45,
    "FG3A_avg": 3.048780487804878,
    "FG3A_total": 125,
    "FTM_avg": 0.8292682926829268,
    "FTM_total": 34,
    "FTA_avg": 1.0,
    "FTA_total": 41,
    "OREB_avg": 0.4878048780487805,
    "OREB_total": 20,
    "DREB_avg": 1.6829268292682926,
    "DREB_total": 69,
    "REB_avg": 2.1707317073170733,
    "REB_total": 89,
    "AST_avg": 3.1219512195121952,
    "AST_total": 128,
    "STL_avg": 0.36585365853658536,
    "STL_total": 15,
    "BLK_avg": 0.0,
    "BLK_total": 0,
    "TOV_avg": 1.8780487804878048,
    "TOV_total": 77,
    "PF_avg": 1.0975609756097562,
    "PF_total": 45,
    "PTS_avg": 6.560975609756097,
    "PTS_total": 269,
    "PLUS_MINUS_avg": -2.975609756097561,
    "PLUS_MINUS_total": -122,
    "FG_PCT": 0.34798534798534797,
    "FG3_PCT": 0.36,
    "FT_PCT": 0.8292682926829268,
    "games_played": 41
  }
}