{
  "season_stats": {
    "MIN_avg": 8.166666666666666,
    "MIN_total": 343,
    "FGM_avg": 1.1904761904761905,
    "FGM_total": 50,
    "FGA_avg": 2.7857142857142856,
    "FGA_total": 117,
    "FG3M_avg": 1.0476190476190477,
    "FG3M_total": 44,
    "FG3A_avg": 2.4047619047619047,
    "FG3A_total": 101,
    "FTM_avg": 0.07142857142857142,
    "FTM_total": 3,
    "FTA_avg": 0.11904761904761904,
    "FTA_total": 5,
    "OREB_avg": 0.07142857142857142,
    "OREB_total": 3,
    "DREB_avg": 0.4523809523809524,
    "DREB_total": 19,
    "REB_avg": 0.5238095238095238,
    "REB_total": 22,
    "AST_avg": 0.16666666666666666,
    "AST_total": 7,
    "STL_avg": 0.09523809523809523,
    "STL_total": 4,
    "BLK_avg": 0.047619047619047616,
    "BLK_total": 2,
    "TOV_avg": 0.14285714285714285,
    "TOV_total": 6,
    "PF_avg": 0.7142857142857143,
    "PF_total": 30,
    "PTS_avg": 3.5,
    "PTS_total": 147,
    "PLUS_MINUS_avg": 0.6428571428571429,
    "PLUS_MINUS_total": 27,
    "FG_PCT": 0.42735042735042733,
    "FG3_PCT": 0.43564356435643564,
    "FT_PCT": 0.6,
    "games_played": 42
  }
}