{
  "season_stats": {
    "MIN_avg": 28.761904761904763,
    "MIN_total": 1208,
    "FGM_avg": 6.595238095238095,
    "FGM_total": 277,
    "FGA_avg": 13.666666666666666,
    "FGA_total": 574,
    "FG3M_avg": 2.4523809523809526,
    "FG3M_total": 103,
    "FG3A_avg": 5.9523809523809526,
    "FG3A_total": 250,
    "FTM_avg": 3.8333333333333335,
    "FTM_total": 161,
    "FTA_avg": 4.738095238095238,
    "FTA_total": 199,
    "OREB_avg": 1.619047619047619,
    "OREB_total": 68,
    "DREB_avg": 5.142857142857143,
    "DREB_total": 216,
    "REB_avg": 6.761904761904762,
    "REB_total": 284,
    "AST_avg": 2.0714285714285716,
    "AST_total": 87,
    "STL_avg": 0.7380952380952381,
    "STL_total": 31,
    "BLK_avg": 1.5,
    "BLK_total": 63,
    "TOV_avg": 1.2619047619047619,
    "TOV_total": 53,
    "PF_avg": 2.761904761904762,
    "PF_total": 116,
    "PTS_avg": 19.476190476190474,
    "PTS_total": 818,
    "PLUS_MINUS_avg": 4.119047619047619,
    "PLUS_MINUS_total": 173,
    "FG_PCT": 0.48257839721254353,
    "FG3_PCT": 0.412,
    "FT_PCT": 0.8090452261306532,
    "games_played": 42
  }
}