{
  "season_stats": {
    "MIN_avg": 6.0,
    "MIN_total": 114,
    "FGM_avg": 0.3157894736842105,
    "FGM_total": 6,
    "FGA_avg": 1.2105263157894737,
    "FGA_total": 23,
    "FG3M_avg": 0.15789473684210525,
    "FG3M_total": 3,
    "FG3A_avg": 0.7894736842105263,
    "FG3A_total": 15,
    "FTM_avg": 0.0,
    "FTM_total": 0,
    "FTA_avg": 0.0,
    "FTA_total": 0,
    "OREB_avg": 0.10526315789473684,
    "OREB_total": 2,
    "DREB_avg": 0.47368421052631576,
    "DREB_total": 9,
    "REB_avg": 0.5789473684210527,
    "REB_total": 11,
    "AST_avg": 1.2105263157894737,
    "AST_total": 23,
    "STL_avg": 0.10526315789473684,
    "STL_total": 2,
    "BLK_avg": 0.0,
    "BLK_total": 0,
    "TOV_avg": 0.47368421052631576,
    "TOV_total": 9,
    "PF_avg": 0.631578947368421,
    "PF_total": 12,
    "PTS_avg": 0.7894736842105263,
    "PTS_total": 15,
    "PLUS_MINUS_avg": 0.10526315789473684,
    "PLUS_MINUS_total": 2,
    "FG_PCT": 0.2608695652173913,
    "FG3_PCT": 0.2,
    "FT_PCT": 0.0,
    "games_played": 19
  }
}