{
  "season_stats": {
    "MIN_avg": 17.936708860759495,
    "MIN_total": 1417,
    "FGM_avg": 4.10126582278481,
    "FGM_total": 324,
    "FGA_avg": 7.89873417721519,
    "FGA_total": 624,
    "FG3M_avg": 0.189873417721519,
    "FG3M_total": 15,
    "FG3A_avg": 0.620253164556962,
    "FG3A_total": 49,
    "FTM_avg": 0.7215189873417721,
    "FTM_total": 57,
    "FTA_avg": 0.9746835443037974,
    "FTA_total": 77,
    "OREB_avg": 0.5569620253164557,
    "OREB_total": 44,
    "DREB_avg": 1.8860759493670887,
    "DREB_total": 149,
    "REB_avg": 2.4430379746835444,
    "REB_total": 193,
    "AST_avg": 4.443037974683544,
    "AST_total": 351,
    "STL_avg": 1.0506329113924051,
    "STL_total": 83,
    "BLK_avg": 0.26582278481012656,
    "BLK_total": 21,
    "TOV_avg": 1.379746835443038,
    "TOV_total": 109,
    "PF_avg": 1.0,
    "PF_total": 79,
    "PTS_avg": 9.113924050632912,
    "PTS_total": 720,
    "PLUS_MINUS_avg": -0.7088607594936709,
    "PLUS_MINUS_total": -56,
    "FG_PCT": 0.5192307692307693,
    "FG3_PCT": 0.30612244897959184,
    "FT_PCT": 0.7402597402597403,
    "games_played": 79
  }
}