{
  "season_stats": {
    "MIN_avg": 34.957142857142856,
    "MIN_total": 2447,
    "FGM_avg": 9.3,
    "FGM_total": 651,
    "FGA_avg": 18.142857142857142,
    "FGA_total": 1270,
    "FG3M_avg": 2.1285714285714286,
    "FG3M_total": 149,
    "FG3A_avg": 5.6571428571428575,
    "FG3A_total": 396,
    "FTM_avg": 3.7,
    "FTM_total": 259,
    "FTA_avg": 4.728571428571429,
    "FTA_total": 331,
    "OREB_avg": 1.0285714285714285,
    "OREB_total": 72,
    "DREB_avg": 6.771428571428571,
    "DREB_total": 474,
    "REB_avg": 7.8,
    "REB_total": 546,
    "AST_avg": 8.214285714285714,
    "AST_total": 575,
    "STL_avg": 1.0,
    "STL_total": 70,
    "BLK_avg": 0.5571428571428572,
    "BLK_total": 39,
    "TOV_avg": 3.7142857142857144,
    "TOV_total": 260,
    "PF_avg": 1.4142857142857144,
    "PF_total": 99,
    "PTS_avg": 24.428571428571427,
    "PTS_total": 1710,
    "PLUS_MINUS_avg": -0.7714285714285715,
    "PLUS_MINUS_total": -54,
    "FG_PCT": 0.5125984251968504,
    "FG3_PCT": 0.37626262626262624,
    "FT_PCT": 0.7824773413897281,
    "games_played": 70
  }
}